2025-03-11 18:59:49.159103 INFO::Writing function arguments to log file
2025-03-11 18:59:49.269349 DEBUG::Function arguments
2025-03-11 18:59:49.312048 DEBUG::Output folder: jo_maaslin_out/exponential_with_transformation
2025-03-11 18:59:49.337576 DEBUG::Min Abundance: 0.000000
2025-03-11 18:59:49.366955 DEBUG::Min Prevalence: 0.330000
2025-03-11 18:59:49.390933 DEBUG::Normalization: NONE
2025-03-11 18:59:49.415421 DEBUG::Transform: LOG
2025-03-11 18:59:49.43128 DEBUG::Analysis method: LM
2025-03-11 18:59:49.447329 DEBUG::Max significance: 0.050000
2025-03-11 18:59:49.46994 DEBUG::Random effects:
2025-03-11 18:59:49.504976 DEBUG::Fixed effects: log_NO2NO3
2025-03-11 18:59:49.528676 DEBUG::Correction method: BH
2025-03-11 18:59:49.556052 DEBUG::Standardize: FALSE
2025-03-11 18:59:49.571671 DEBUG::Cores: 40
2025-03-11 18:59:49.595679 INFO::Verifying options selected are valid
2025-03-11 18:59:49.678133 INFO::Determining format of input files
2025-03-11 18:59:49.700713 INFO::Input format is data samples as columns and metadata samples as rows
2025-03-11 18:59:49.81117 DEBUG::Transformed data so samples are rows
2025-03-11 18:59:49.846829 DEBUG::A total of 139 samples were found in both the data and metadata
2025-03-11 18:59:49.861448 DEBUG::Reordering data/metadata to use same sample ordering
2025-03-11 18:59:49.947358 INFO::Formula for fixed effects: expr ~  log_NO2NO3
2025-03-11 18:59:49.963959 INFO::Filter data based on min abundance and min prevalence
2025-03-11 18:59:49.980017 INFO::Total samples in data: 139
2025-03-11 18:59:49.990773 INFO::Min samples required with min abundance for a feature not to be filtered: 45.870000
2025-03-11 18:59:50.130877 INFO::Total filtered features: 679
2025-03-11 18:59:50.148267 INFO::Filtered feature names from abundance and prevalence filtering: COG0650, COG1103, COG1110, COG1149, COG1152, COG1224, COG1255, COG1318, COG1323, COG1332, COG1337, COG1341, COG1342, COG1356, COG1365, COG1367, COG1374, COG1417, COG1421, COG1423, COG1424, COG1440, COG1447, COG1458, COG1504, COG1517, COG1531, COG1542, COG1567, COG1603, COG1614, COG1627, COG1645, COG1689, COG1693, COG1707, COG1710, COG1728, COG1731, COG1750, COG1751, COG1753, COG1769, COG1771, COG1800, COG1810, COG1822, COG1827, COG1839, COG1844, COG1851, COG1857, COG1860, COG1880, COG1885, COG1888, COG1892, COG1895, COG1906, COG1927, COG1930, COG1935, COG1954, COG1962, COG1973, COG1991, COG1996, COG2000, COG2024, COG2033, COG2061, COG2069, COG2083, COG2100, COG2117, COG2134, COG2136, COG2155, COG2158, COG2163, COG2174, COG2245, COG2248, COG2383, COG2405, COG2410, COG2411, COG2419, COG2427, COG2428, COG2433, COG2441, COG2454, COG2456, COG2469, COG2517, COG2521, COG2707, COG2732, COG2739, COG2811, COG2830, COG2868, COG2879, COG2886, COG2892, COG2926, COG2952, COG2973, COG3036, COG3042, COG3050, COG3052, COG3056, COG3061, COG3074, COG3084, COG3097, COG3113, COG3120, COG3140, COG3192, COG3196, COG3234, COG3260, COG3262, COG3277, COG3286, COG3305, COG3337, COG3343, COG3351, COG3352, COG3353, COG3354, COG3355, COG3357, COG3366, COG3368, COG3370, COG3371, COG3373, COG3374, COG3388, COG3416, COG3430, COG3432, COG3445, COG3462, COG3465, COG3466, COG3477, COG3557, COG3582, COG3589, COG3601, COG3611, COG3612, COG3630, COG3648, COG3679, COG3691, COG3697, COG3715, COG3722, COG3753, COG3763, COG3767, COG3771, COG3776, COG3780, COG3790, COG3792, COG3860, COG3862, COG3863, COG3874, COG3881, COG3887, COG3888, COG3890, COG3906, COG3918, COG3923, COG3924, COG3925, COG3933, COG3966, COG4001, COG4002, COG4003, COG4004, COG4006, COG4007, COG4008, COG4015, COG4016, COG4018, COG4019, COG4020, COG4021, COG4023, COG4025, COG4026, COG4027, COG4030, COG4031, COG4047, COG4048, COG4049, COG4066, COG4071, COG4072, COG4076, COG4080, COG4086, COG4088, COG4089, COG4090, COG4098, COG4109, COG4116, COG4129, COG4161, COG4168, COG4192, COG4194, COG4197, COG4211, COG4224, COG4237, COG4238, COG4250, COG4256, COG4272, COG4296, COG4304, COG4305, COG4306, COG4309, COG4316, COG4317, COG4331, COG4332, COG4342, COG4343, COG4344, COG4345, COG4346, COG4352, COG4357, COG4367, COG4377, COG4378, COG4396, COG4408, COG4443, COG4459, COG4460, COG4463, COG4465, COG4466, COG4467, COG4468, COG4469, COG4470, COG4471, COG4472, COG4473, COG4475, COG4476, COG4477, COG4478, COG4479, COG4481, COG4483, COG4492, COG4493, COG4495, COG4499, COG4506, COG4508, COG4509, COG4512, COG4518, COG4537, COG4550, COG4571, COG4578, COG4640, COG4652, COG4684, COG4685, COG4687, COG4697, COG4698, COG4699, COG4703, COG4708, COG4709, COG4710, COG4711, COG4722, COG4726, COG4727, COG4732, COG4739, COG4746, COG4749, COG4756, COG4758, COG4768, COG4781, COG4800, COG4808, COG4810, COG4811, COG4812, COG4814, COG4816, COG4817, COG4818, COG4820, COG4822, COG4824, COG4827, COG4831, COG4835, COG4836, COG4837, COG4838, COG4839, COG4840, COG4841, COG4844, COG4846, COG4851, COG4853, COG4854, COG4858, COG4862, COG4863, COG4868, COG4871, COG4873, COG4876, COG4881, COG4884, COG4885, COG4888, COG4896, COG4900, COG4901, COG4903, COG4905, COG4915, COG4917, COG4918, COG4926, COG4936, COG4937, COG4939, COG4940, COG4975, COG4980, COG4990, COG4996, COG5003, COG5019, COG5020, COG5021, COG5022, COG5023, COG5024, COG5025, COG5027, COG5028, COG5030, COG5032, COG5033, COG5034, COG5035, COG5036, COG5038, COG5040, COG5041, COG5043, COG5044, COG5045, COG5046, COG5047, COG5049, COG5051, COG5052, COG5053, COG5054, COG5056, COG5057, COG5058, COG5059, COG5061, COG5062, COG5063, COG5064, COG5065, COG5066, COG5067, COG5068, COG5069, COG5070, COG5071, COG5072, COG5074, COG5075, COG5076, COG5077, COG5078, COG5079, COG5080, COG5081, COG5082, COG5084, COG5086, COG5088, COG5090, COG5091, COG5092, COG5093, COG5094, COG5095, COG5096, COG5097, COG5098, COG5099, COG5100, COG5101, COG5102, COG5103, COG5104, COG5105, COG5106, COG5107, COG5109, COG5110, COG5111, COG5112, COG5113, COG5114, COG5116, COG5117, COG5118, COG5120, COG5122, COG5123, COG5124, COG5125, COG5127, COG5128, COG5129, COG5132, COG5133, COG5134, COG5136, COG5137, COG5138, COG5139, COG5140, COG5141, COG5142, COG5143, COG5144, COG5145, COG5147, COG5148, COG5149, COG5150, COG5151, COG5152, COG5154, COG5155, COG5156, COG5157, COG5158, COG5159, COG5160, COG5161, COG5162, COG5163, COG5164, COG5165, COG5167, COG5169, COG5170, COG5171, COG5173, COG5174, COG5175, COG5176, COG5177, COG5178, COG5179, COG5180, COG5181, COG5182, COG5183, COG5185, COG5186, COG5187, COG5188, COG5190, COG5191, COG5192, COG5193, COG5194, COG5195, COG5196, COG5197, COG5199, COG5200, COG5201, COG5202, COG5204, COG5206, COG5207, COG5208, COG5209, COG5210, COG5211, COG5213, COG5214, COG5215, COG5216, COG5217, COG5218, COG5219, COG5220, COG5221, COG5222, COG5223, COG5224, COG5225, COG5227, COG5228, COG5229, COG5230, COG5231, COG5232, COG5233, COG5234, COG5235, COG5236, COG5237, COG5238, COG5239, COG5240, COG5241, COG5242, COG5243, COG5244, COG5245, COG5246, COG5247, COG5248, COG5249, COG5250, COG5251, COG5252, COG5253, COG5254, COG5259, COG5261, COG5262, COG5263, COG5264, COG5269, COG5270, COG5273, COG5275, COG5277, COG5290, COG5291, COG5294, COG5296, COG5298, COG5307, COG5308, COG5325, COG5329, COG5333, COG5341, COG5347, COG5353, COG5354, COG5369, COG5378, COG5384, COG5386, COG5391, COG5393, COG5406, COG5407, COG5408, COG5409, COG5411, COG5414, COG5416, COG5417, COG5418, COG5420, COG5422, COG5432, COG5435, COG5445, COG5466, COG5475, COG5487, COG5503, COG5506, COG5509, COG5510, COG5521, COG5526, COG5533, COG5535, COG5536, COG5537, COG5539, COG5540, COG5541, COG5543, COG5544, COG5546, COG5547, COG5548, COG5550, COG5551, COG5554, COG5558, COG5559, COG5560, COG5561, COG5567, COG5574, COG5575, COG5576, COG5577, COG5578, COG5580, COG5582, COG5584, COG5592, COG5593, COG5594, COG5596, COG5599, COG5600, COG5601, COG5603, COG5604, COG5609, COG5612, COG5617, COG5623, COG5624, COG5625, COG5627, COG5634, COG5636, COG5638, COG5641, COG5643, COG5644, COG5645, COG5647, COG5648, COG5656, COG5657, COG5664, COG5665
2025-03-11 18:59:50.322102 INFO::Total filtered features with variance filtering: 0
2025-03-11 18:59:50.339717 INFO::Filtered feature names from variance filtering:
2025-03-11 18:59:50.356078 INFO::Running selected normalization method: NONE
2025-03-11 18:59:50.366576 INFO::Bypass z-score application to metadata
2025-03-11 18:59:50.381313 INFO::Running selected transform method: LOG
2025-03-11 18:59:50.68731 INFO::Running selected analysis method: LM
2025-03-11 18:59:50.704325 INFO::Creating cluster of 40 R processes
2025-03-11 19:00:58.25544 INFO::Counting total values for each feature
2025-03-11 19:00:59.064023 WARNING::Deleting existing model objects file: jo_maaslin_out/exponential_with_transformation/fits/models.rds
2025-03-11 19:00:59.090818 INFO::Writing model objects to file jo_maaslin_out/exponential_with_transformation/fits/models.rds
2025-03-11 19:02:21.532342 INFO::Writing filtered data to file jo_maaslin_out/exponential_with_transformation/features/filtered_data.tsv
2025-03-11 19:02:22.457211 INFO::Writing filtered, normalized data to file jo_maaslin_out/exponential_with_transformation/features/filtered_data_norm.tsv
2025-03-11 19:02:23.425903 INFO::Writing filtered, normalized, transformed data to file jo_maaslin_out/exponential_with_transformation/features/filtered_data_norm_transformed.tsv
2025-03-11 19:02:24.900301 WARNING::Deleting existing residuals file: jo_maaslin_out/exponential_with_transformation/fits/residuals.rds
2025-03-11 19:02:24.922898 INFO::Writing residuals to file jo_maaslin_out/exponential_with_transformation/fits/residuals.rds
2025-03-11 19:02:25.405678 WARNING::Deleting existing fitted file: jo_maaslin_out/exponential_with_transformation/fits/fitted.rds
2025-03-11 19:02:25.421833 INFO::Writing fitted values to file jo_maaslin_out/exponential_with_transformation/fits/fitted.rds
2025-03-11 19:02:25.781972 INFO::Writing all results to file (ordered by increasing q-values): jo_maaslin_out/exponential_with_transformation/all_results.tsv
2025-03-11 19:02:25.86116 INFO::Writing the significant results (those which are less than or equal to the threshold of 0.050000 ) to file (ordered by increasing q-values): jo_maaslin_out/exponential_with_transformation/significant_results.tsv
2025-03-11 19:02:25.932152 INFO::Writing heatmap of significant results to file: jo_maaslin_out/exponential_with_transformation/heatmap.pdf
2025-03-11 19:02:25.9821 INFO::Writing association plots (one for each significant association) to output folder: jo_maaslin_out/exponential_with_transformation
2025-03-11 19:02:26.100656 INFO::Plotting associations from most to least significant, grouped by metadata
2025-03-11 19:02:26.115421 INFO::Plotting data for metadata number 1, log_NO2NO3
2025-03-11 19:02:26.221931 INFO::Creating scatter plot for continuous data, log_NO2NO3 vs COG2308
2025-03-11 19:02:29.041265 DEBUG::`geom_smooth()` using formula = 'y ~ x'
2025-03-11 19:02:29.065254 INFO::Creating scatter plot for continuous data, log_NO2NO3 vs COG0573
2025-03-11 19:02:29.504438 DEBUG::`geom_smooth()` using formula = 'y ~ x'
2025-03-11 19:02:29.51976 INFO::Creating scatter plot for continuous data, log_NO2NO3 vs COG3484
2025-03-11 19:02:29.813298 DEBUG::`geom_smooth()` using formula = 'y ~ x'
2025-03-11 19:02:29.83183 INFO::Creating scatter plot for continuous data, log_NO2NO3 vs COG0226
2025-03-11 19:02:30.149287 DEBUG::`geom_smooth()` using formula = 'y ~ x'
2025-03-11 19:02:30.164232 INFO::Creating scatter plot for continuous data, log_NO2NO3 vs COG1117
2025-03-11 19:02:30.748103 DEBUG::`geom_smooth()` using formula = 'y ~ x'
2025-03-11 19:02:30.764426 INFO::Creating scatter plot for continuous data, log_NO2NO3 vs COG0581
2025-03-11 19:02:31.077785 DEBUG::`geom_smooth()` using formula = 'y ~ x'
2025-03-11 19:02:31.093699 INFO::Creating scatter plot for continuous data, log_NO2NO3 vs COG0633
2025-03-11 19:02:31.434628 DEBUG::`geom_smooth()` using formula = 'y ~ x'
2025-03-11 19:02:31.450747 INFO::Creating scatter plot for continuous data, log_NO2NO3 vs COG2307
2025-03-11 19:02:31.757266 DEBUG::`geom_smooth()` using formula = 'y ~ x'
2025-03-11 19:02:31.779601 INFO::Creating scatter plot for continuous data, log_NO2NO3 vs COG0306
2025-03-11 19:02:32.19666 DEBUG::`geom_smooth()` using formula = 'y ~ x'
2025-03-11 19:02:32.215193 INFO::Creating scatter plot for continuous data, log_NO2NO3 vs COG1392
2025-03-11 19:02:32.575419 DEBUG::`geom_smooth()` using formula = 'y ~ x'
2025-03-11 19:02:32.601252 INFO::Creating scatter plot for continuous data, log_NO2NO3 vs COG1828
2025-03-11 19:02:32.914807 DEBUG::`geom_smooth()` using formula = 'y ~ x'
2025-03-11 19:02:32.929508 INFO::Creating scatter plot for continuous data, log_NO2NO3 vs COG5598
2025-03-11 19:02:33.249891 DEBUG::`geom_smooth()` using formula = 'y ~ x'
2025-03-11 19:02:33.264559 INFO::Creating scatter plot for continuous data, log_NO2NO3 vs COG3844
2025-03-11 19:02:33.556124 DEBUG::`geom_smooth()` using formula = 'y ~ x'
2025-03-11 19:02:33.571384 INFO::Creating scatter plot for continuous data, log_NO2NO3 vs COG1228
2025-03-11 19:02:33.895749 DEBUG::`geom_smooth()` using formula = 'y ~ x'
2025-03-11 19:02:33.917779 INFO::Creating scatter plot for continuous data, log_NO2NO3 vs COG0762
2025-03-11 19:02:34.244033 DEBUG::`geom_smooth()` using formula = 'y ~ x'
2025-03-11 19:02:34.271469 INFO::Creating scatter plot for continuous data, log_NO2NO3 vs COG1001
2025-03-11 19:02:34.611826 DEBUG::`geom_smooth()` using formula = 'y ~ x'
2025-03-11 19:02:34.626959 INFO::Creating scatter plot for continuous data, log_NO2NO3 vs COG2515
2025-03-11 19:02:34.94056 DEBUG::`geom_smooth()` using formula = 'y ~ x'
2025-03-11 19:02:34.962447 INFO::Creating scatter plot for continuous data, log_NO2NO3 vs COG0855
2025-03-11 19:02:35.282606 DEBUG::`geom_smooth()` using formula = 'y ~ x'
2025-03-11 19:02:35.298258 INFO::Creating scatter plot for continuous data, log_NO2NO3 vs COG1696
2025-03-11 19:02:35.605326 DEBUG::`geom_smooth()` using formula = 'y ~ x'
2025-03-11 19:02:35.620682 INFO::Creating scatter plot for continuous data, log_NO2NO3 vs COG3327
2025-03-11 19:02:35.927328 DEBUG::`geom_smooth()` using formula = 'y ~ x'
2025-03-11 19:02:35.943043 INFO::Creating scatter plot for continuous data, log_NO2NO3 vs COG3959
2025-03-11 19:02:36.281284 DEBUG::`geom_smooth()` using formula = 'y ~ x'
2025-03-11 19:02:36.296613 INFO::Creating scatter plot for continuous data, log_NO2NO3 vs COG0717
2025-03-11 19:02:36.615611 DEBUG::`geom_smooth()` using formula = 'y ~ x'
2025-03-11 19:02:36.697106 INFO::Creating scatter plot for continuous data, log_NO2NO3 vs COG1574
2025-03-11 19:02:37.006871 DEBUG::`geom_smooth()` using formula = 'y ~ x'
2025-03-11 19:02:37.022441 INFO::Creating scatter plot for continuous data, log_NO2NO3 vs COG1522
2025-03-11 19:02:37.328746 DEBUG::`geom_smooth()` using formula = 'y ~ x'
2025-03-11 19:02:37.350218 INFO::Creating scatter plot for continuous data, log_NO2NO3 vs COG2234
2025-03-11 19:02:37.665318 DEBUG::`geom_smooth()` using formula = 'y ~ x'
2025-03-11 19:02:37.680323 INFO::Creating scatter plot for continuous data, log_NO2NO3 vs COG2022
2025-03-11 19:02:37.998168 DEBUG::`geom_smooth()` using formula = 'y ~ x'
2025-03-11 19:02:38.013724 INFO::Creating scatter plot for continuous data, log_NO2NO3 vs COG5146
2025-03-11 19:02:38.307987 DEBUG::`geom_smooth()` using formula = 'y ~ x'
2025-03-11 19:02:38.323227 INFO::Creating scatter plot for continuous data, log_NO2NO3 vs COG0523
2025-03-11 19:02:38.625006 DEBUG::`geom_smooth()` using formula = 'y ~ x'
2025-03-11 19:02:38.640412 INFO::Creating scatter plot for continuous data, log_NO2NO3 vs COG1327
2025-03-11 19:02:38.987291 DEBUG::`geom_smooth()` using formula = 'y ~ x'
2025-03-11 19:02:39.009837 INFO::Creating scatter plot for continuous data, log_NO2NO3 vs COG1586
2025-03-11 19:02:40.544087 DEBUG::`geom_smooth()` using formula = 'y ~ x'
2025-03-11 19:02:40.565547 INFO::Creating scatter plot for continuous data, log_NO2NO3 vs COG2214
2025-03-11 19:02:40.933501 DEBUG::`geom_smooth()` using formula = 'y ~ x'
2025-03-11 19:02:40.957753 INFO::Creating scatter plot for continuous data, log_NO2NO3 vs COG1368
2025-03-11 19:02:41.292565 DEBUG::`geom_smooth()` using formula = 'y ~ x'
2025-03-11 19:02:41.30946 INFO::Creating scatter plot for continuous data, log_NO2NO3 vs COG0506
2025-03-11 19:02:41.683978 DEBUG::`geom_smooth()` using formula = 'y ~ x'
2025-03-11 19:02:41.699368 INFO::Creating scatter plot for continuous data, log_NO2NO3 vs COG0745
2025-03-11 19:02:42.01366 DEBUG::`geom_smooth()` using formula = 'y ~ x'
2025-03-11 19:02:42.026219 INFO::Creating scatter plot for continuous data, log_NO2NO3 vs COG3769
2025-03-11 19:02:42.357175 DEBUG::`geom_smooth()` using formula = 'y ~ x'
2025-03-11 19:02:42.372352 INFO::Creating scatter plot for continuous data, log_NO2NO3 vs COG1494
2025-03-11 19:02:42.697266 DEBUG::`geom_smooth()` using formula = 'y ~ x'
2025-03-11 19:02:42.721893 INFO::Creating scatter plot for continuous data, log_NO2NO3 vs COG3958
2025-03-11 19:02:43.022156 DEBUG::`geom_smooth()` using formula = 'y ~ x'
2025-03-11 19:02:43.037387 INFO::Creating scatter plot for continuous data, log_NO2NO3 vs COG3938
2025-03-11 19:02:43.330864 DEBUG::`geom_smooth()` using formula = 'y ~ x'
2025-03-11 19:02:43.346079 INFO::Creating scatter plot for continuous data, log_NO2NO3 vs COG0334
2025-03-11 19:02:43.640414 DEBUG::`geom_smooth()` using formula = 'y ~ x'
2025-03-11 19:02:43.656023 INFO::Creating scatter plot for continuous data, log_NO2NO3 vs COG0349
2025-03-11 19:02:44.005352 DEBUG::`geom_smooth()` using formula = 'y ~ x'
2025-03-11 19:02:44.032375 INFO::Creating scatter plot for continuous data, log_NO2NO3 vs COG3894
2025-03-11 19:02:44.352417 DEBUG::`geom_smooth()` using formula = 'y ~ x'
2025-03-11 19:02:44.369392 INFO::Creating scatter plot for continuous data, log_NO2NO3 vs COG1055
2025-03-11 19:02:44.67522 DEBUG::`geom_smooth()` using formula = 'y ~ x'
2025-03-11 19:02:44.690958 INFO::Creating scatter plot for continuous data, log_NO2NO3 vs COG2313
2025-03-11 19:02:45.025181 DEBUG::`geom_smooth()` using formula = 'y ~ x'
2025-03-11 19:02:45.043228 INFO::Creating scatter plot for continuous data, log_NO2NO3 vs COG3460
2025-03-11 19:02:45.352194 DEBUG::`geom_smooth()` using formula = 'y ~ x'
2025-03-11 19:02:45.367793 INFO::Creating scatter plot for continuous data, log_NO2NO3 vs COG0531
2025-03-11 19:02:45.701498 DEBUG::`geom_smooth()` using formula = 'y ~ x'
2025-03-11 19:02:45.717357 INFO::Creating scatter plot for continuous data, log_NO2NO3 vs COG0726
2025-03-11 19:02:46.064128 DEBUG::`geom_smooth()` using formula = 'y ~ x'
2025-03-11 19:02:46.079321 INFO::Creating scatter plot for continuous data, log_NO2NO3 vs COG0400
2025-03-11 19:02:46.4022 DEBUG::`geom_smooth()` using formula = 'y ~ x'
2025-03-11 19:02:46.438239 INFO::Creating scatter plot for continuous data, log_NO2NO3 vs COG3542
2025-03-11 19:02:46.745857 DEBUG::`geom_smooth()` using formula = 'y ~ x'
2025-03-11 19:02:46.761091 INFO::Creating scatter plot for continuous data, log_NO2NO3 vs COG1207
2025-03-11 19:02:47.063102 DEBUG::`geom_smooth()` using formula = 'y ~ x'
2025-03-11 19:02:47.076195 INFO::Creating scatter plot for continuous data, log_NO2NO3 vs COG1018
2025-03-11 19:02:47.393306 DEBUG::`geom_smooth()` using formula = 'y ~ x'
2025-03-11 19:02:47.408271 INFO::Creating scatter plot for continuous data, log_NO2NO3 vs COG3239
2025-03-11 19:02:47.708983 DEBUG::`geom_smooth()` using formula = 'y ~ x'
2025-03-11 19:02:47.732545 INFO::Creating scatter plot for continuous data, log_NO2NO3 vs COG0366
2025-03-11 19:02:48.052938 DEBUG::`geom_smooth()` using formula = 'y ~ x'
2025-03-11 19:02:48.068497 INFO::Creating scatter plot for continuous data, log_NO2NO3 vs COG3349
2025-03-11 19:02:48.383839 DEBUG::`geom_smooth()` using formula = 'y ~ x'
2025-03-11 19:02:48.399221 INFO::Creating scatter plot for continuous data, log_NO2NO3 vs COG0740
2025-03-11 19:02:48.701721 DEBUG::`geom_smooth()` using formula = 'y ~ x'
2025-03-11 19:02:48.758608 INFO::Creating scatter plot for continuous data, log_NO2NO3 vs COG3535
2025-03-11 19:02:49.075578 DEBUG::`geom_smooth()` using formula = 'y ~ x'
2025-03-11 19:02:49.103131 INFO::Creating scatter plot for continuous data, log_NO2NO3 vs COG0140
2025-03-11 19:02:49.407537 DEBUG::`geom_smooth()` using formula = 'y ~ x'
2025-03-11 19:02:49.423015 INFO::Creating scatter plot for continuous data, log_NO2NO3 vs COG2194
2025-03-11 19:02:49.746086 DEBUG::`geom_smooth()` using formula = 'y ~ x'
2025-03-11 19:02:49.761542 INFO::Creating scatter plot for continuous data, log_NO2NO3 vs COG2304
2025-03-11 19:02:50.061388 DEBUG::`geom_smooth()` using formula = 'y ~ x'
2025-03-11 19:02:50.077468 INFO::Creating scatter plot for continuous data, log_NO2NO3 vs COG1884
2025-03-11 19:02:50.384501 DEBUG::`geom_smooth()` using formula = 'y ~ x'
2025-03-11 19:02:50.399568 INFO::Creating scatter plot for continuous data, log_NO2NO3 vs COG0681
2025-03-11 19:02:50.708425 DEBUG::`geom_smooth()` using formula = 'y ~ x'
2025-03-11 19:02:50.724011 INFO::Creating scatter plot for continuous data, log_NO2NO3 vs COG1250
2025-03-11 19:02:51.025743 DEBUG::`geom_smooth()` using formula = 'y ~ x'
2025-03-11 19:02:51.041111 INFO::Creating scatter plot for continuous data, log_NO2NO3 vs COG3623
2025-03-11 19:02:51.339203 DEBUG::`geom_smooth()` using formula = 'y ~ x'
2025-03-11 19:02:51.35176 INFO::Creating scatter plot for continuous data, log_NO2NO3 vs COG2244
2025-03-11 19:02:51.678932 DEBUG::`geom_smooth()` using formula = 'y ~ x'
2025-03-11 19:02:51.694197 INFO::Creating scatter plot for continuous data, log_NO2NO3 vs COG3288
2025-03-11 19:02:51.990594 DEBUG::`geom_smooth()` using formula = 'y ~ x'
2025-03-11 19:02:52.005485 INFO::Creating scatter plot for continuous data, log_NO2NO3 vs COG0213
2025-03-11 19:02:52.307884 DEBUG::`geom_smooth()` using formula = 'y ~ x'
2025-03-11 19:02:52.322757 INFO::Creating scatter plot for continuous data, log_NO2NO3 vs COG3556
2025-03-11 19:02:52.628001 DEBUG::`geom_smooth()` using formula = 'y ~ x'
2025-03-11 19:02:52.643331 INFO::Creating scatter plot for continuous data, log_NO2NO3 vs COG2262
2025-03-11 19:02:52.956999 DEBUG::`geom_smooth()` using formula = 'y ~ x'
2025-03-11 19:02:52.977021 INFO::Creating scatter plot for continuous data, log_NO2NO3 vs COG0568
2025-03-11 19:02:53.282079 DEBUG::`geom_smooth()` using formula = 'y ~ x'
2025-03-11 19:02:53.297157 INFO::Creating scatter plot for continuous data, log_NO2NO3 vs COG2873
2025-03-11 19:02:53.611006 DEBUG::`geom_smooth()` using formula = 'y ~ x'
2025-03-11 19:02:53.626321 INFO::Creating scatter plot for continuous data, log_NO2NO3 vs COG4548
2025-03-11 19:02:53.940335 DEBUG::`geom_smooth()` using formula = 'y ~ x'
2025-03-11 19:02:54.011714 INFO::Creating scatter plot for continuous data, log_NO2NO3 vs COG1268
2025-03-11 19:02:54.314057 DEBUG::`geom_smooth()` using formula = 'y ~ x'
2025-03-11 19:02:54.329508 INFO::Creating scatter plot for continuous data, log_NO2NO3 vs COG3568
2025-03-11 19:02:54.650214 DEBUG::`geom_smooth()` using formula = 'y ~ x'
2025-03-11 19:02:54.674726 INFO::Creating scatter plot for continuous data, log_NO2NO3 vs COG3185
2025-03-11 19:02:54.993949 DEBUG::`geom_smooth()` using formula = 'y ~ x'
2025-03-11 19:02:55.009469 INFO::Creating scatter plot for continuous data, log_NO2NO3 vs COG1121
2025-03-11 19:02:55.311046 DEBUG::`geom_smooth()` using formula = 'y ~ x'
2025-03-11 19:02:55.324594 INFO::Creating scatter plot for continuous data, log_NO2NO3 vs COG1963
2025-03-11 19:02:55.62855 DEBUG::`geom_smooth()` using formula = 'y ~ x'
2025-03-11 19:02:55.644077 INFO::Creating scatter plot for continuous data, log_NO2NO3 vs COG1807
2025-03-11 19:02:55.97165 DEBUG::`geom_smooth()` using formula = 'y ~ x'
2025-03-11 19:02:55.98696 INFO::Creating scatter plot for continuous data, log_NO2NO3 vs COG1403
2025-03-11 19:02:56.285091 DEBUG::`geom_smooth()` using formula = 'y ~ x'
2025-03-11 19:02:56.299746 INFO::Creating scatter plot for continuous data, log_NO2NO3 vs COG3620
2025-03-11 19:02:56.600716 DEBUG::`geom_smooth()` using formula = 'y ~ x'
2025-03-11 19:02:56.615701 INFO::Creating scatter plot for continuous data, log_NO2NO3 vs COG1546
2025-03-11 19:02:56.921156 DEBUG::`geom_smooth()` using formula = 'y ~ x'
2025-03-11 19:02:56.939559 INFO::Creating scatter plot for continuous data, log_NO2NO3 vs COG1231
2025-03-11 19:02:57.247277 DEBUG::`geom_smooth()` using formula = 'y ~ x'
2025-03-11 19:02:57.263792 INFO::Creating scatter plot for continuous data, log_NO2NO3 vs COG0006
2025-03-11 19:02:57.586424 DEBUG::`geom_smooth()` using formula = 'y ~ x'
2025-03-11 19:02:57.602539 INFO::Creating scatter plot for continuous data, log_NO2NO3 vs COG1670
2025-03-11 19:02:57.914539 DEBUG::`geom_smooth()` using formula = 'y ~ x'
2025-03-11 19:02:57.939484 INFO::Creating scatter plot for continuous data, log_NO2NO3 vs COG4241
2025-03-11 19:02:58.261746 DEBUG::`geom_smooth()` using formula = 'y ~ x'
2025-03-11 19:02:58.282756 INFO::Creating scatter plot for continuous data, log_NO2NO3 vs COG3395
2025-03-11 19:02:58.593841 DEBUG::`geom_smooth()` using formula = 'y ~ x'
2025-03-11 19:02:58.608832 INFO::Creating scatter plot for continuous data, log_NO2NO3 vs COG1042
2025-03-11 19:02:58.911545 DEBUG::`geom_smooth()` using formula = 'y ~ x'
2025-03-11 19:02:58.926962 INFO::Creating scatter plot for continuous data, log_NO2NO3 vs COG2302
2025-03-11 19:02:59.235239 DEBUG::`geom_smooth()` using formula = 'y ~ x'
2025-03-11 19:02:59.254194 INFO::Creating scatter plot for continuous data, log_NO2NO3 vs COG0057
2025-03-11 19:02:59.552466 DEBUG::`geom_smooth()` using formula = 'y ~ x'
2025-03-11 19:02:59.576922 INFO::Creating scatter plot for continuous data, log_NO2NO3 vs COG4360
2025-03-11 19:02:59.895316 DEBUG::`geom_smooth()` using formula = 'y ~ x'
2025-03-11 19:02:59.910486 INFO::Creating scatter plot for continuous data, log_NO2NO3 vs COG1446
2025-03-11 19:03:00.232703 DEBUG::`geom_smooth()` using formula = 'y ~ x'
2025-03-11 19:03:00.256208 INFO::Creating scatter plot for continuous data, log_NO2NO3 vs COG4953
2025-03-11 19:03:00.558943 DEBUG::`geom_smooth()` using formula = 'y ~ x'
2025-03-11 19:03:00.574315 INFO::Creating scatter plot for continuous data, log_NO2NO3 vs COG0821
2025-03-11 19:03:00.877849 DEBUG::`geom_smooth()` using formula = 'y ~ x'
2025-03-11 19:03:00.891508 INFO::Creating scatter plot for continuous data, log_NO2NO3 vs COG2366
2025-03-11 19:03:01.216563 DEBUG::`geom_smooth()` using formula = 'y ~ x'
2025-03-11 19:03:01.232196 INFO::Creating scatter plot for continuous data, log_NO2NO3 vs COG1463
2025-03-11 19:03:01.521893 DEBUG::`geom_smooth()` using formula = 'y ~ x'
2025-03-11 19:03:01.537352 INFO::Creating scatter plot for continuous data, log_NO2NO3 vs COG2986
2025-03-11 19:03:01.842096 DEBUG::`geom_smooth()` using formula = 'y ~ x'
2025-03-11 19:03:01.857779 INFO::Creating scatter plot for continuous data, log_NO2NO3 vs COG0320
2025-03-11 19:03:02.168285 DEBUG::`geom_smooth()` using formula = 'y ~ x'
2025-03-11 19:03:02.183233 INFO::Creating scatter plot for continuous data, log_NO2NO3 vs COG0248
2025-03-11 19:03:02.489349 DEBUG::`geom_smooth()` using formula = 'y ~ x'
2025-03-11 19:03:02.509952 INFO::Creating scatter plot for continuous data, log_NO2NO3 vs COG3075
2025-03-11 19:03:02.813416 DEBUG::`geom_smooth()` using formula = 'y ~ x'
2025-03-11 19:03:02.828716 INFO::Creating scatter plot for continuous data, log_NO2NO3 vs COG0615
2025-03-11 19:03:03.13566 DEBUG::`geom_smooth()` using formula = 'y ~ x'
2025-03-11 19:03:03.15015 INFO::Creating scatter plot for continuous data, log_NO2NO3 vs COG0014
2025-03-11 19:03:03.460046 DEBUG::`geom_smooth()` using formula = 'y ~ x'
2025-03-11 19:03:03.475327 INFO::Creating scatter plot for continuous data, log_NO2NO3 vs COG0629
2025-03-11 19:03:03.777989 DEBUG::`geom_smooth()` using formula = 'y ~ x'
2025-03-11 19:03:03.793342 INFO::Creating scatter plot for continuous data, log_NO2NO3 vs COG1451
2025-03-11 19:03:04.09749 DEBUG::`geom_smooth()` using formula = 'y ~ x'
2025-03-11 19:03:04.112398 INFO::Creating scatter plot for continuous data, log_NO2NO3 vs COG4178
2025-03-11 19:03:04.474047 DEBUG::`geom_smooth()` using formula = 'y ~ x'
2025-03-11 19:03:04.49458 INFO::Creating scatter plot for continuous data, log_NO2NO3 vs COG0465
2025-03-11 19:03:04.792932 DEBUG::`geom_smooth()` using formula = 'y ~ x'
2025-03-11 19:03:04.821039 INFO::Creating scatter plot for continuous data, log_NO2NO3 vs COG0219
2025-03-11 19:03:05.120757 DEBUG::`geom_smooth()` using formula = 'y ~ x'
2025-03-11 19:03:05.141284 INFO::Creating scatter plot for continuous data, log_NO2NO3 vs COG0752
2025-03-11 19:03:05.470838 DEBUG::`geom_smooth()` using formula = 'y ~ x'
2025-03-11 19:03:05.496189 INFO::Creating scatter plot for continuous data, log_NO2NO3 vs COG4370
2025-03-11 19:03:05.788768 DEBUG::`geom_smooth()` using formula = 'y ~ x'
2025-03-11 19:03:05.801896 INFO::Creating scatter plot for continuous data, log_NO2NO3 vs COG4531
2025-03-11 19:03:06.112502 DEBUG::`geom_smooth()` using formula = 'y ~ x'
2025-03-11 19:03:06.134135 INFO::Creating scatter plot for continuous data, log_NO2NO3 vs COG1364
2025-03-11 19:03:06.442471 DEBUG::`geom_smooth()` using formula = 'y ~ x'
2025-03-11 19:03:06.460632 INFO::Creating scatter plot for continuous data, log_NO2NO3 vs COG1703
2025-03-11 19:03:06.779746 DEBUG::`geom_smooth()` using formula = 'y ~ x'
2025-03-11 19:03:06.794888 INFO::Creating scatter plot for continuous data, log_NO2NO3 vs COG0620
2025-03-11 19:03:07.105033 DEBUG::`geom_smooth()` using formula = 'y ~ x'
2025-03-11 19:03:07.135087 INFO::Creating scatter plot for continuous data, log_NO2NO3 vs COG1321
2025-03-11 19:03:07.445276 DEBUG::`geom_smooth()` using formula = 'y ~ x'
2025-03-11 19:03:07.460693 INFO::Creating scatter plot for continuous data, log_NO2NO3 vs COG4372
2025-03-11 19:03:07.795318 DEBUG::`geom_smooth()` using formula = 'y ~ x'
2025-03-11 19:03:07.815689 INFO::Creating scatter plot for continuous data, log_NO2NO3 vs COG2967
2025-03-11 19:03:08.112145 DEBUG::`geom_smooth()` using formula = 'y ~ x'
2025-03-11 19:03:08.127364 INFO::Creating scatter plot for continuous data, log_NO2NO3 vs COG5470
2025-03-11 19:03:08.427413 DEBUG::`geom_smooth()` using formula = 'y ~ x'
2025-03-11 19:03:08.442052 INFO::Creating scatter plot for continuous data, log_NO2NO3 vs COG0160
2025-03-11 19:03:08.781187 DEBUG::`geom_smooth()` using formula = 'y ~ x'
2025-03-11 19:03:08.796295 INFO::Creating scatter plot for continuous data, log_NO2NO3 vs COG4642
2025-03-11 19:03:09.088019 DEBUG::`geom_smooth()` using formula = 'y ~ x'
2025-03-11 19:03:09.104207 INFO::Creating scatter plot for continuous data, log_NO2NO3 vs COG1186
2025-03-11 19:03:09.41396 DEBUG::`geom_smooth()` using formula = 'y ~ x'
2025-03-11 19:03:09.435408 INFO::Creating scatter plot for continuous data, log_NO2NO3 vs COG1058
2025-03-11 19:03:09.751918 DEBUG::`geom_smooth()` using formula = 'y ~ x'
2025-03-11 19:03:09.767118 INFO::Creating scatter plot for continuous data, log_NO2NO3 vs COG1778
2025-03-11 19:03:10.109046 DEBUG::`geom_smooth()` using formula = 'y ~ x'
2025-03-11 19:03:10.128177 INFO::Creating scatter plot for continuous data, log_NO2NO3 vs COG0591
2025-03-11 19:03:10.435664 DEBUG::`geom_smooth()` using formula = 'y ~ x'
2025-03-11 19:03:10.451124 INFO::Creating scatter plot for continuous data, log_NO2NO3 vs COG3291
2025-03-11 19:03:10.755373 DEBUG::`geom_smooth()` using formula = 'y ~ x'
2025-03-11 19:03:10.774971 INFO::Creating scatter plot for continuous data, log_NO2NO3 vs COG1524
2025-03-11 19:03:11.099298 DEBUG::`geom_smooth()` using formula = 'y ~ x'
2025-03-11 19:03:11.125922 INFO::Creating scatter plot for continuous data, log_NO2NO3 vs COG0785
2025-03-11 19:03:11.426109 DEBUG::`geom_smooth()` using formula = 'y ~ x'
2025-03-11 19:03:11.44401 INFO::Creating scatter plot for continuous data, log_NO2NO3 vs COG3232
2025-03-11 19:03:11.745574 DEBUG::`geom_smooth()` using formula = 'y ~ x'
2025-03-11 19:03:11.761209 INFO::Creating scatter plot for continuous data, log_NO2NO3 vs COG0252
2025-03-11 19:03:12.081788 DEBUG::`geom_smooth()` using formula = 'y ~ x'
2025-03-11 19:03:12.094095 INFO::Creating scatter plot for continuous data, log_NO2NO3 vs COG2185
2025-03-11 19:03:12.389008 DEBUG::`geom_smooth()` using formula = 'y ~ x'
2025-03-11 19:03:12.404614 INFO::Creating scatter plot for continuous data, log_NO2NO3 vs COG0565
2025-03-11 19:03:12.717004 DEBUG::`geom_smooth()` using formula = 'y ~ x'
2025-03-11 19:03:12.742247 INFO::Creating scatter plot for continuous data, log_NO2NO3 vs COG0271
2025-03-11 19:03:13.055493 DEBUG::`geom_smooth()` using formula = 'y ~ x'
2025-03-11 19:03:13.071206 INFO::Creating scatter plot for continuous data, log_NO2NO3 vs COG4206
2025-03-11 19:03:13.387032 DEBUG::`geom_smooth()` using formula = 'y ~ x'
2025-03-11 19:03:13.405647 INFO::Creating scatter plot for continuous data, log_NO2NO3 vs COG0861
2025-03-11 19:03:13.708505 DEBUG::`geom_smooth()` using formula = 'y ~ x'
2025-03-11 19:03:13.724034 INFO::Creating scatter plot for continuous data, log_NO2NO3 vs COG1283
2025-03-11 19:03:14.036765 DEBUG::`geom_smooth()` using formula = 'y ~ x'
2025-03-11 19:03:14.050432 INFO::Creating scatter plot for continuous data, log_NO2NO3 vs COG1064
2025-03-11 19:03:14.373629 DEBUG::`geom_smooth()` using formula = 'y ~ x'
2025-03-11 19:03:14.387266 INFO::Creating scatter plot for continuous data, log_NO2NO3 vs COG2423
2025-03-11 19:03:14.688869 DEBUG::`geom_smooth()` using formula = 'y ~ x'
2025-03-11 19:03:14.713079 INFO::Creating scatter plot for continuous data, log_NO2NO3 vs COG1543
2025-03-11 19:03:15.016448 DEBUG::`geom_smooth()` using formula = 'y ~ x'
2025-03-11 19:03:15.031969 INFO::Creating scatter plot for continuous data, log_NO2NO3 vs COG5542
2025-03-11 19:03:15.355289 DEBUG::`geom_smooth()` using formula = 'y ~ x'
2025-03-11 19:03:15.367099 INFO::Creating scatter plot for continuous data, log_NO2NO3 vs COG2922
2025-03-11 19:03:15.660053 DEBUG::`geom_smooth()` using formula = 'y ~ x'
2025-03-11 19:03:15.674946 INFO::Creating scatter plot for continuous data, log_NO2NO3 vs COG3315
2025-03-11 19:03:15.976279 DEBUG::`geom_smooth()` using formula = 'y ~ x'
2025-03-11 19:03:15.991285 INFO::Creating scatter plot for continuous data, log_NO2NO3 vs COG3638
2025-03-11 19:03:16.317073 DEBUG::`geom_smooth()` using formula = 'y ~ x'
2025-03-11 19:03:16.342606 INFO::Creating scatter plot for continuous data, log_NO2NO3 vs COG2095
2025-03-11 19:03:16.635264 DEBUG::`geom_smooth()` using formula = 'y ~ x'
2025-03-11 19:03:16.650399 INFO::Creating scatter plot for continuous data, log_NO2NO3 vs COG0290
2025-03-11 19:03:16.94562 DEBUG::`geom_smooth()` using formula = 'y ~ x'
2025-03-11 19:03:16.960635 INFO::Creating scatter plot for continuous data, log_NO2NO3 vs COG5398
2025-03-11 19:03:17.267852 DEBUG::`geom_smooth()` using formula = 'y ~ x'
2025-03-11 19:03:17.283074 INFO::Creating scatter plot for continuous data, log_NO2NO3 vs COG1757
2025-03-11 19:03:17.603818 DEBUG::`geom_smooth()` using formula = 'y ~ x'
2025-03-11 19:03:17.619033 INFO::Creating scatter plot for continuous data, log_NO2NO3 vs COG0379
2025-03-11 19:03:17.910115 DEBUG::`geom_smooth()` using formula = 'y ~ x'
2025-03-11 19:03:17.925286 INFO::Creating scatter plot for continuous data, log_NO2NO3 vs COG1195
2025-03-11 19:03:18.232225 DEBUG::`geom_smooth()` using formula = 'y ~ x'
2025-03-11 19:03:18.250218 INFO::Creating scatter plot for continuous data, log_NO2NO3 vs COG0440
2025-03-11 19:03:18.575671 DEBUG::`geom_smooth()` using formula = 'y ~ x'
2025-03-11 19:03:18.594867 INFO::Creating scatter plot for continuous data, log_NO2NO3 vs COG2127
2025-03-11 19:03:18.89817 DEBUG::`geom_smooth()` using formula = 'y ~ x'
2025-03-11 19:03:18.911551 INFO::Creating scatter plot for continuous data, log_NO2NO3 vs COG4649
2025-03-11 19:03:19.214177 DEBUG::`geom_smooth()` using formula = 'y ~ x'
2025-03-11 19:03:19.229712 INFO::Creating scatter plot for continuous data, log_NO2NO3 vs COG0735
2025-03-11 19:03:19.568483 DEBUG::`geom_smooth()` using formula = 'y ~ x'
2025-03-11 19:03:19.586668 INFO::Creating scatter plot for continuous data, log_NO2NO3 vs COG0443
2025-03-11 19:03:19.890743 DEBUG::`geom_smooth()` using formula = 'y ~ x'
2025-03-11 19:03:19.909827 INFO::Creating scatter plot for continuous data, log_NO2NO3 vs COG1108
2025-03-11 19:03:20.223114 DEBUG::`geom_smooth()` using formula = 'y ~ x'
2025-03-11 19:03:20.238294 INFO::Creating scatter plot for continuous data, log_NO2NO3 vs COG0278
2025-03-11 19:03:20.567632 DEBUG::`geom_smooth()` using formula = 'y ~ x'
2025-03-11 19:03:20.583164 INFO::Creating scatter plot for continuous data, log_NO2NO3 vs COG2802
2025-03-11 19:03:20.885741 DEBUG::`geom_smooth()` using formula = 'y ~ x'
2025-03-11 19:03:20.900893 INFO::Creating scatter plot for continuous data, log_NO2NO3 vs COG3429
2025-03-11 19:03:21.207541 DEBUG::`geom_smooth()` using formula = 'y ~ x'
2025-03-11 19:03:21.223009 INFO::Creating scatter plot for continuous data, log_NO2NO3 vs COG0661
2025-03-11 19:03:21.529563 DEBUG::`geom_smooth()` using formula = 'y ~ x'
2025-03-11 19:03:21.542596 INFO::Creating scatter plot for continuous data, log_NO2NO3 vs COG3330
2025-03-11 19:03:21.863398 DEBUG::`geom_smooth()` using formula = 'y ~ x'
2025-03-11 19:03:21.878655 INFO::Creating scatter plot for continuous data, log_NO2NO3 vs COG2220
2025-03-11 19:03:22.180841 DEBUG::`geom_smooth()` using formula = 'y ~ x'
2025-03-11 19:03:22.196531 INFO::Creating scatter plot for continuous data, log_NO2NO3 vs COG0017
2025-03-11 19:03:22.502673 DEBUG::`geom_smooth()` using formula = 'y ~ x'
2025-03-11 19:03:22.51937 INFO::Creating scatter plot for continuous data, log_NO2NO3 vs COG1070
2025-03-11 19:03:22.848969 DEBUG::`geom_smooth()` using formula = 'y ~ x'
2025-03-11 19:03:22.881447 INFO::Creating scatter plot for continuous data, log_NO2NO3 vs COG1758
2025-03-11 19:03:23.181163 DEBUG::`geom_smooth()` using formula = 'y ~ x'
2025-03-11 19:03:23.195611 INFO::Creating scatter plot for continuous data, log_NO2NO3 vs COG0585
2025-03-11 19:03:23.509391 DEBUG::`geom_smooth()` using formula = 'y ~ x'
2025-03-11 19:03:23.524607 INFO::Creating scatter plot for continuous data, log_NO2NO3 vs COG0595
2025-03-11 19:03:23.855083 DEBUG::`geom_smooth()` using formula = 'y ~ x'
2025-03-11 19:03:23.87064 INFO::Creating scatter plot for continuous data, log_NO2NO3 vs COG1348
2025-03-11 19:03:24.164135 DEBUG::`geom_smooth()` using formula = 'y ~ x'
2025-03-11 19:03:24.179075 INFO::Creating scatter plot for continuous data, log_NO2NO3 vs COG0305
2025-03-11 19:03:24.484245 DEBUG::`geom_smooth()` using formula = 'y ~ x'
2025-03-11 19:03:24.503609 INFO::Creating scatter plot for continuous data, log_NO2NO3 vs COG3934
2025-03-11 19:03:24.841445 DEBUG::`geom_smooth()` using formula = 'y ~ x'
2025-03-11 19:03:24.870279 INFO::Creating scatter plot for continuous data, log_NO2NO3 vs COG0413
2025-03-11 19:03:25.169647 DEBUG::`geom_smooth()` using formula = 'y ~ x'
2025-03-11 19:03:25.184538 INFO::Creating scatter plot for continuous data, log_NO2NO3 vs COG3525
2025-03-11 19:03:25.484082 DEBUG::`geom_smooth()` using formula = 'y ~ x'
2025-03-11 19:03:25.50503 INFO::Creating scatter plot for continuous data, log_NO2NO3 vs COG1045
2025-03-11 19:03:25.827104 DEBUG::`geom_smooth()` using formula = 'y ~ x'
2025-03-11 19:03:25.84292 INFO::Creating scatter plot for continuous data, log_NO2NO3 vs COG5322
2025-03-11 19:03:26.136948 DEBUG::`geom_smooth()` using formula = 'y ~ x'
2025-03-11 19:03:26.159877 INFO::Creating scatter plot for continuous data, log_NO2NO3 vs COG1887
2025-03-11 19:03:26.463536 DEBUG::`geom_smooth()` using formula = 'y ~ x'
2025-03-11 19:03:26.476226 INFO::Creating scatter plot for continuous data, log_NO2NO3 vs COG0139
2025-03-11 19:03:26.887587 DEBUG::`geom_smooth()` using formula = 'y ~ x'
2025-03-11 19:03:26.903224 INFO::Creating scatter plot for continuous data, log_NO2NO3 vs COG3882
2025-03-11 19:03:27.272015 DEBUG::`geom_smooth()` using formula = 'y ~ x'
2025-03-11 19:03:27.288568 INFO::Creating scatter plot for continuous data, log_NO2NO3 vs COG0671
2025-03-11 19:03:27.607071 DEBUG::`geom_smooth()` using formula = 'y ~ x'
2025-03-11 19:03:27.622711 INFO::Creating scatter plot for continuous data, log_NO2NO3 vs COG0302
2025-03-11 19:03:27.947685 DEBUG::`geom_smooth()` using formula = 'y ~ x'
2025-03-11 19:03:27.966691 INFO::Creating scatter plot for continuous data, log_NO2NO3 vs COG0761
2025-03-11 19:03:28.288776 DEBUG::`geom_smooth()` using formula = 'y ~ x'
2025-03-11 19:03:28.30424 INFO::Creating scatter plot for continuous data, log_NO2NO3 vs COG0695
2025-03-11 19:03:28.608819 DEBUG::`geom_smooth()` using formula = 'y ~ x'
2025-03-11 19:03:28.624147 INFO::Creating scatter plot for continuous data, log_NO2NO3 vs COG0807
2025-03-11 19:03:28.931442 DEBUG::`geom_smooth()` using formula = 'y ~ x'
2025-03-11 19:03:28.946731 INFO::Creating scatter plot for continuous data, log_NO2NO3 vs COG1974
2025-03-11 19:03:29.270159 DEBUG::`geom_smooth()` using formula = 'y ~ x'
2025-03-11 19:03:29.28501 INFO::Creating scatter plot for continuous data, log_NO2NO3 vs COG2710
2025-03-11 19:03:29.605675 DEBUG::`geom_smooth()` using formula = 'y ~ x'
2025-03-11 19:03:29.6282 INFO::Creating scatter plot for continuous data, log_NO2NO3 vs COG0623
2025-03-11 19:03:29.930157 DEBUG::`geom_smooth()` using formula = 'y ~ x'
2025-03-11 19:03:29.945609 INFO::Creating scatter plot for continuous data, log_NO2NO3 vs COG3329
2025-03-11 19:03:30.274861 DEBUG::`geom_smooth()` using formula = 'y ~ x'
2025-03-11 19:03:30.287487 INFO::Creating scatter plot for continuous data, log_NO2NO3 vs COG0414
2025-03-11 19:03:30.590114 DEBUG::`geom_smooth()` using formula = 'y ~ x'
2025-03-11 19:03:30.605472 INFO::Creating scatter plot for continuous data, log_NO2NO3 vs COG3396
2025-03-11 19:03:30.912321 DEBUG::`geom_smooth()` using formula = 'y ~ x'
2025-03-11 19:03:30.934306 INFO::Creating scatter plot for continuous data, log_NO2NO3 vs COG3472
2025-03-11 19:03:31.231338 DEBUG::`geom_smooth()` using formula = 'y ~ x'
2025-03-11 19:03:31.251998 INFO::Creating scatter plot for continuous data, log_NO2NO3 vs COG0562
2025-03-11 19:03:31.571216 DEBUG::`geom_smooth()` using formula = 'y ~ x'
2025-03-11 19:03:31.587254 INFO::Creating scatter plot for continuous data, log_NO2NO3 vs COG4591
2025-03-11 19:03:31.894979 DEBUG::`geom_smooth()` using formula = 'y ~ x'
2025-03-11 19:03:31.910181 INFO::Creating scatter plot for continuous data, log_NO2NO3 vs COG0705
2025-03-11 19:03:32.206509 DEBUG::`geom_smooth()` using formula = 'y ~ x'
2025-03-11 19:03:32.220635 INFO::Creating scatter plot for continuous data, log_NO2NO3 vs COG0308
2025-03-11 19:03:32.541023 DEBUG::`geom_smooth()` using formula = 'y ~ x'
2025-03-11 19:03:32.55597 INFO::Creating scatter plot for continuous data, log_NO2NO3 vs COG5637
2025-03-11 19:03:32.86153 DEBUG::`geom_smooth()` using formula = 'y ~ x'
2025-03-11 19:03:32.876566 INFO::Creating scatter plot for continuous data, log_NO2NO3 vs COG3508
2025-03-11 19:03:33.179004 DEBUG::`geom_smooth()` using formula = 'y ~ x'
2025-03-11 19:03:33.198853 INFO::Creating scatter plot for continuous data, log_NO2NO3 vs COG1489
2025-03-11 19:03:33.520413 DEBUG::`geom_smooth()` using formula = 'y ~ x'
2025-03-11 19:03:33.534692 INFO::Creating scatter plot for continuous data, log_NO2NO3 vs COG2849
2025-03-11 19:03:33.836617 DEBUG::`geom_smooth()` using formula = 'y ~ x'
2025-03-11 19:03:33.85221 INFO::Creating scatter plot for continuous data, log_NO2NO3 vs COG5135
2025-03-11 19:03:34.153559 DEBUG::`geom_smooth()` using formula = 'y ~ x'
2025-03-11 19:03:34.169198 INFO::Creating scatter plot for continuous data, log_NO2NO3 vs COG2131
2025-03-11 19:03:34.47421 DEBUG::`geom_smooth()` using formula = 'y ~ x'
2025-03-11 19:03:34.489255 INFO::Creating scatter plot for continuous data, log_NO2NO3 vs COG0284
2025-03-11 19:03:34.816455 DEBUG::`geom_smooth()` using formula = 'y ~ x'
2025-03-11 19:03:34.841879 INFO::Creating scatter plot for continuous data, log_NO2NO3 vs COG0260
2025-03-11 19:03:35.160294 DEBUG::`geom_smooth()` using formula = 'y ~ x'
2025-03-11 19:03:35.176723 INFO::Creating scatter plot for continuous data, log_NO2NO3 vs COG4100
2025-03-11 19:03:35.488966 DEBUG::`geom_smooth()` using formula = 'y ~ x'
2025-03-11 19:03:35.504068 INFO::Creating scatter plot for continuous data, log_NO2NO3 vs COG3686
2025-03-11 19:03:35.82129 DEBUG::`geom_smooth()` using formula = 'y ~ x'
2025-03-11 19:03:35.842687 INFO::Creating scatter plot for continuous data, log_NO2NO3 vs COG4742
2025-03-11 19:03:36.194084 DEBUG::`geom_smooth()` using formula = 'y ~ x'
2025-03-11 19:03:36.209631 INFO::Creating scatter plot for continuous data, log_NO2NO3 vs COG0110
2025-03-11 19:03:36.555487 DEBUG::`geom_smooth()` using formula = 'y ~ x'
2025-03-11 19:03:36.57119 INFO::Creating scatter plot for continuous data, log_NO2NO3 vs COG1866
2025-03-11 19:03:36.901323 DEBUG::`geom_smooth()` using formula = 'y ~ x'
2025-03-11 19:03:36.916553 INFO::Creating scatter plot for continuous data, log_NO2NO3 vs COG3909
2025-03-11 19:03:37.237228 DEBUG::`geom_smooth()` using formula = 'y ~ x'
2025-03-11 19:03:37.252243 INFO::Creating scatter plot for continuous data, log_NO2NO3 vs COG3876
2025-03-11 19:03:37.551702 DEBUG::`geom_smooth()` using formula = 'y ~ x'
2025-03-11 19:03:37.566771 INFO::Creating scatter plot for continuous data, log_NO2NO3 vs COG0127
2025-03-11 19:03:37.892353 DEBUG::`geom_smooth()` using formula = 'y ~ x'
2025-03-11 19:03:37.908065 INFO::Creating scatter plot for continuous data, log_NO2NO3 vs COG0253
2025-03-11 19:03:38.204316 DEBUG::`geom_smooth()` using formula = 'y ~ x'
2025-03-11 19:03:38.219637 INFO::Creating scatter plot for continuous data, log_NO2NO3 vs COG0666
2025-03-11 19:03:38.529557 DEBUG::`geom_smooth()` using formula = 'y ~ x'
2025-03-11 19:03:38.543393 INFO::Creating scatter plot for continuous data, log_NO2NO3 vs COG0767
2025-03-11 19:03:38.841617 DEBUG::`geom_smooth()` using formula = 'y ~ x'
2025-03-11 19:03:38.864792 INFO::Creating scatter plot for continuous data, log_NO2NO3 vs COG0492
2025-03-11 19:03:39.179786 DEBUG::`geom_smooth()` using formula = 'y ~ x'
2025-03-11 19:03:39.193657 INFO::Creating scatter plot for continuous data, log_NO2NO3 vs COG3705
2025-03-11 19:03:39.494144 DEBUG::`geom_smooth()` using formula = 'y ~ x'
2025-03-11 19:03:39.508948 INFO::Creating scatter plot for continuous data, log_NO2NO3 vs COG1240
2025-03-11 19:03:39.814621 DEBUG::`geom_smooth()` using formula = 'y ~ x'
2025-03-11 19:03:39.857228 INFO::Creating scatter plot for continuous data, log_NO2NO3 vs COG0328
2025-03-11 19:03:40.209573 DEBUG::`geom_smooth()` using formula = 'y ~ x'
2025-03-11 19:03:40.237469 INFO::Creating scatter plot for continuous data, log_NO2NO3 vs COG0117
2025-03-11 19:03:40.542021 DEBUG::`geom_smooth()` using formula = 'y ~ x'
2025-03-11 19:03:40.568427 INFO::Creating scatter plot for continuous data, log_NO2NO3 vs COG4240
2025-03-11 19:03:40.876073 DEBUG::`geom_smooth()` using formula = 'y ~ x'
2025-03-11 19:03:40.891727 INFO::Creating scatter plot for continuous data, log_NO2NO3 vs COG4243
2025-03-11 19:03:41.21508 DEBUG::`geom_smooth()` using formula = 'y ~ x'
2025-03-11 19:03:41.230912 INFO::Creating scatter plot for continuous data, log_NO2NO3 vs COG0760
2025-03-11 19:03:41.528683 DEBUG::`geom_smooth()` using formula = 'y ~ x'
2025-03-11 19:03:41.543997 INFO::Creating scatter plot for continuous data, log_NO2NO3 vs COG4766
2025-03-11 19:03:41.844445 DEBUG::`geom_smooth()` using formula = 'y ~ x'
2025-03-11 19:03:41.86012 INFO::Creating scatter plot for continuous data, log_NO2NO3 vs COG0289
2025-03-11 19:03:42.179023 DEBUG::`geom_smooth()` using formula = 'y ~ x'
2025-03-11 19:03:42.194656 INFO::Creating scatter plot for continuous data, log_NO2NO3 vs COG0027
2025-03-11 19:03:42.498783 DEBUG::`geom_smooth()` using formula = 'y ~ x'
2025-03-11 19:03:42.518548 INFO::Creating scatter plot for continuous data, log_NO2NO3 vs COG0398
2025-03-11 19:03:42.83744 DEBUG::`geom_smooth()` using formula = 'y ~ x'
2025-03-11 19:03:42.852577 INFO::Creating scatter plot for continuous data, log_NO2NO3 vs COG1209
2025-03-11 19:03:43.204485 DEBUG::`geom_smooth()` using formula = 'y ~ x'
2025-03-11 19:03:43.219601 INFO::Creating scatter plot for continuous data, log_NO2NO3 vs COG3949
2025-03-11 19:03:43.55837 DEBUG::`geom_smooth()` using formula = 'y ~ x'
2025-03-11 19:03:43.57158 INFO::Creating scatter plot for continuous data, log_NO2NO3 vs COG3391
2025-03-11 19:03:43.889848 DEBUG::`geom_smooth()` using formula = 'y ~ x'
2025-03-11 19:03:43.904789 INFO::Creating scatter plot for continuous data, log_NO2NO3 vs COG2403
2025-03-11 19:03:44.202794 DEBUG::`geom_smooth()` using formula = 'y ~ x'
2025-03-11 19:03:44.218242 INFO::Creating scatter plot for continuous data, log_NO2NO3 vs COG1816
2025-03-11 19:03:44.532416 DEBUG::`geom_smooth()` using formula = 'y ~ x'
2025-03-11 19:03:44.547318 INFO::Creating scatter plot for continuous data, log_NO2NO3 vs COG1141
2025-03-11 19:03:44.846263 DEBUG::`geom_smooth()` using formula = 'y ~ x'
2025-03-11 19:03:44.860702 INFO::Creating scatter plot for continuous data, log_NO2NO3 vs COG4242
2025-03-11 19:03:45.16196 DEBUG::`geom_smooth()` using formula = 'y ~ x'
2025-03-11 19:03:45.199836 INFO::Creating scatter plot for continuous data, log_NO2NO3 vs COG0263
2025-03-11 19:03:45.527186 DEBUG::`geom_smooth()` using formula = 'y ~ x'
2025-03-11 19:03:45.552568 INFO::Creating scatter plot for continuous data, log_NO2NO3 vs COG0291
2025-03-11 19:03:45.857172 DEBUG::`geom_smooth()` using formula = 'y ~ x'
2025-03-11 19:03:45.872257 INFO::Creating scatter plot for continuous data, log_NO2NO3 vs COG1124
2025-03-11 19:03:46.175827 DEBUG::`geom_smooth()` using formula = 'y ~ x'
2025-03-11 19:03:46.191247 INFO::Creating scatter plot for continuous data, log_NO2NO3 vs COG1883
2025-03-11 19:03:46.524381 DEBUG::`geom_smooth()` using formula = 'y ~ x'
2025-03-11 19:03:46.538944 INFO::Creating scatter plot for continuous data, log_NO2NO3 vs COG0702
2025-03-11 19:03:46.843986 DEBUG::`geom_smooth()` using formula = 'y ~ x'
2025-03-11 19:03:46.862922 INFO::Creating scatter plot for continuous data, log_NO2NO3 vs COG1432
2025-03-11 19:03:47.160553 DEBUG::`geom_smooth()` using formula = 'y ~ x'
2025-03-11 19:03:47.17544 INFO::Creating scatter plot for continuous data, log_NO2NO3 vs COG2102
2025-03-11 19:03:47.508875 DEBUG::`geom_smooth()` using formula = 'y ~ x'
2025-03-11 19:03:47.525291 INFO::Creating scatter plot for continuous data, log_NO2NO3 vs COG0335
2025-03-11 19:03:47.83912 DEBUG::`geom_smooth()` using formula = 'y ~ x'
2025-03-11 19:03:47.863111 INFO::Creating scatter plot for continuous data, log_NO2NO3 vs COG1047
2025-03-11 19:03:48.172233 DEBUG::`geom_smooth()` using formula = 'y ~ x'
2025-03-11 19:03:48.192488 INFO::Creating scatter plot for continuous data, log_NO2NO3 vs COG1896
2025-03-11 19:03:48.514992 DEBUG::`geom_smooth()` using formula = 'y ~ x'
2025-03-11 19:03:48.529981 INFO::Creating scatter plot for continuous data, log_NO2NO3 vs COG1985
2025-03-11 19:03:48.824391 DEBUG::`geom_smooth()` using formula = 'y ~ x'
2025-03-11 19:03:48.849173 INFO::Creating scatter plot for continuous data, log_NO2NO3 vs COG2317
2025-03-11 19:03:49.149005 DEBUG::`geom_smooth()` using formula = 'y ~ x'
2025-03-11 19:03:49.164313 INFO::Creating scatter plot for continuous data, log_NO2NO3 vs COG0690
2025-03-11 19:03:49.525382 DEBUG::`geom_smooth()` using formula = 'y ~ x'
2025-03-11 19:03:49.540755 INFO::Creating scatter plot for continuous data, log_NO2NO3 vs COG2987
2025-03-11 19:03:49.844598 DEBUG::`geom_smooth()` using formula = 'y ~ x'
2025-03-11 19:03:49.860113 INFO::Creating scatter plot for continuous data, log_NO2NO3 vs COG0539
2025-03-11 19:03:50.175009 DEBUG::`geom_smooth()` using formula = 'y ~ x'
2025-03-11 19:03:50.188498 INFO::Creating scatter plot for continuous data, log_NO2NO3 vs COG4886
2025-03-11 19:03:50.494647 DEBUG::`geom_smooth()` using formula = 'y ~ x'
2025-03-11 19:03:50.519452 INFO::Creating scatter plot for continuous data, log_NO2NO3 vs COG4530
2025-03-11 19:03:50.849906 DEBUG::`geom_smooth()` using formula = 'y ~ x'
2025-03-11 19:03:50.867047 INFO::Creating scatter plot for continuous data, log_NO2NO3 vs COG3034
2025-03-11 19:03:51.185989 DEBUG::`geom_smooth()` using formula = 'y ~ x'
2025-03-11 19:03:51.200345 INFO::Creating scatter plot for continuous data, log_NO2NO3 vs COG5602
2025-03-11 19:03:51.498087 DEBUG::`geom_smooth()` using formula = 'y ~ x'
2025-03-11 19:03:51.513321 INFO::Creating scatter plot for continuous data, log_NO2NO3 vs COG3186
2025-03-11 19:03:51.849992 DEBUG::`geom_smooth()` using formula = 'y ~ x'
2025-03-11 19:03:51.869434 INFO::Creating scatter plot for continuous data, log_NO2NO3 vs COG0538
2025-03-11 19:03:52.167264 DEBUG::`geom_smooth()` using formula = 'y ~ x'
2025-03-11 19:03:52.182791 INFO::Creating scatter plot for continuous data, log_NO2NO3 vs COG2166
2025-03-11 19:03:52.485586 DEBUG::`geom_smooth()` using formula = 'y ~ x'
2025-03-11 19:03:52.504941 INFO::Creating scatter plot for continuous data, log_NO2NO3 vs COG2385
2025-03-11 19:03:52.830085 DEBUG::`geom_smooth()` using formula = 'y ~ x'
2025-03-11 19:03:52.845549 INFO::Creating scatter plot for continuous data, log_NO2NO3 vs COG0711
2025-03-11 19:03:53.163491 DEBUG::`geom_smooth()` using formula = 'y ~ x'
2025-03-11 19:03:53.189683 INFO::Creating scatter plot for continuous data, log_NO2NO3 vs COG0446
2025-03-11 19:03:53.507495 DEBUG::`geom_smooth()` using formula = 'y ~ x'
2025-03-11 19:03:53.522986 INFO::Creating scatter plot for continuous data, log_NO2NO3 vs COG1982
2025-03-11 19:03:53.828742 DEBUG::`geom_smooth()` using formula = 'y ~ x'
2025-03-11 19:03:53.849691 INFO::Creating scatter plot for continuous data, log_NO2NO3 vs COG0719
2025-03-11 19:03:54.187921 DEBUG::`geom_smooth()` using formula = 'y ~ x'
2025-03-11 19:03:54.203412 INFO::Creating scatter plot for continuous data, log_NO2NO3 vs COG3379
2025-03-11 19:03:54.504946 DEBUG::`geom_smooth()` using formula = 'y ~ x'
2025-03-11 19:03:54.519097 INFO::Creating scatter plot for continuous data, log_NO2NO3 vs COG3651
2025-03-11 19:03:54.816114 DEBUG::`geom_smooth()` using formula = 'y ~ x'
2025-03-11 19:03:54.831466 INFO::Creating scatter plot for continuous data, log_NO2NO3 vs COG0382
2025-03-11 19:03:55.163911 DEBUG::`geom_smooth()` using formula = 'y ~ x'
2025-03-11 19:03:55.177599 INFO::Creating scatter plot for continuous data, log_NO2NO3 vs COG1942
2025-03-11 19:03:55.48409 DEBUG::`geom_smooth()` using formula = 'y ~ x'
2025-03-11 19:03:55.508998 INFO::Creating scatter plot for continuous data, log_NO2NO3 vs COG1902
2025-03-11 19:03:55.832334 DEBUG::`geom_smooth()` using formula = 'y ~ x'
2025-03-11 19:03:55.856286 INFO::Creating scatter plot for continuous data, log_NO2NO3 vs COG0718
2025-03-11 19:03:56.202387 DEBUG::`geom_smooth()` using formula = 'y ~ x'
2025-03-11 19:03:56.218739 INFO::Creating scatter plot for continuous data, log_NO2NO3 vs COG0266
2025-03-11 19:03:56.521275 DEBUG::`geom_smooth()` using formula = 'y ~ x'
2025-03-11 19:03:56.55554 INFO::Creating scatter plot for continuous data, log_NO2NO3 vs COG0292
2025-03-11 19:03:56.861683 DEBUG::`geom_smooth()` using formula = 'y ~ x'
2025-03-11 19:03:56.878055 INFO::Creating scatter plot for continuous data, log_NO2NO3 vs COG2079
2025-03-11 19:03:57.185952 DEBUG::`geom_smooth()` using formula = 'y ~ x'
2025-03-11 19:03:57.200975 INFO::Creating scatter plot for continuous data, log_NO2NO3 vs COG0159
2025-03-11 19:03:57.539885 DEBUG::`geom_smooth()` using formula = 'y ~ x'
2025-03-11 19:03:57.555136 INFO::Creating scatter plot for continuous data, log_NO2NO3 vs COG3180
2025-03-11 19:03:57.870743 DEBUG::`geom_smooth()` using formula = 'y ~ x'
2025-03-11 19:03:57.891542 INFO::Creating scatter plot for continuous data, log_NO2NO3 vs COG0203
2025-03-11 19:03:58.189915 DEBUG::`geom_smooth()` using formula = 'y ~ x'
2025-03-11 19:03:58.21095 INFO::Creating scatter plot for continuous data, log_NO2NO3 vs COG1565
2025-03-11 19:03:58.562066 DEBUG::`geom_smooth()` using formula = 'y ~ x'
2025-03-11 19:03:58.576849 INFO::Creating scatter plot for continuous data, log_NO2NO3 vs COG0216
2025-03-11 19:03:58.888468 DEBUG::`geom_smooth()` using formula = 'y ~ x'
2025-03-11 19:03:58.902596 INFO::Creating scatter plot for continuous data, log_NO2NO3 vs COG1085
2025-03-11 19:03:59.207291 DEBUG::`geom_smooth()` using formula = 'y ~ x'
2025-03-11 19:03:59.222631 INFO::Creating scatter plot for continuous data, log_NO2NO3 vs COG0608
2025-03-11 19:03:59.562073 DEBUG::`geom_smooth()` using formula = 'y ~ x'
2025-03-11 19:03:59.57743 INFO::Creating scatter plot for continuous data, log_NO2NO3 vs COG3608
2025-03-11 19:03:59.878956 DEBUG::`geom_smooth()` using formula = 'y ~ x'
2025-03-11 19:03:59.89456 INFO::Creating scatter plot for continuous data, log_NO2NO3 vs COG0543
2025-03-11 19:04:00.336667 DEBUG::`geom_smooth()` using formula = 'y ~ x'
2025-03-11 19:04:00.365097 INFO::Creating scatter plot for continuous data, log_NO2NO3 vs COG1739
2025-03-11 19:04:00.693757 DEBUG::`geom_smooth()` using formula = 'y ~ x'
2025-03-11 19:04:00.711676 INFO::Creating scatter plot for continuous data, log_NO2NO3 vs COG0737
2025-03-11 19:04:01.021545 DEBUG::`geom_smooth()` using formula = 'y ~ x'
2025-03-11 19:04:01.035969 INFO::Creating scatter plot for continuous data, log_NO2NO3 vs COG0728
2025-03-11 19:04:01.348336 DEBUG::`geom_smooth()` using formula = 'y ~ x'
2025-03-11 19:04:01.363724 INFO::Creating scatter plot for continuous data, log_NO2NO3 vs COG1329
2025-03-11 19:04:01.672555 DEBUG::`geom_smooth()` using formula = 'y ~ x'
2025-03-11 19:04:01.685945 INFO::Creating scatter plot for continuous data, log_NO2NO3 vs COG4198
2025-03-11 19:04:02.018948 DEBUG::`geom_smooth()` using formula = 'y ~ x'
2025-03-11 19:04:02.034301 INFO::Creating scatter plot for continuous data, log_NO2NO3 vs COG1216
2025-03-11 19:04:02.342262 DEBUG::`geom_smooth()` using formula = 'y ~ x'
2025-03-11 19:04:02.357084 INFO::Creating scatter plot for continuous data, log_NO2NO3 vs COG1932
2025-03-11 19:04:02.657084 DEBUG::`geom_smooth()` using formula = 'y ~ x'
2025-03-11 19:04:02.672435 INFO::Creating scatter plot for continuous data, log_NO2NO3 vs COG4630
2025-03-11 19:04:03.008976 DEBUG::`geom_smooth()` using formula = 'y ~ x'
2025-03-11 19:04:03.024334 INFO::Creating scatter plot for continuous data, log_NO2NO3 vs COG0359
2025-03-11 19:04:03.335696 DEBUG::`geom_smooth()` using formula = 'y ~ x'
2025-03-11 19:04:03.354689 INFO::Creating scatter plot for continuous data, log_NO2NO3 vs COG1479
2025-03-11 19:04:03.655167 DEBUG::`geom_smooth()` using formula = 'y ~ x'
2025-03-11 19:04:03.67047 INFO::Creating scatter plot for continuous data, log_NO2NO3 vs COG1282
2025-03-11 19:04:04.009459 DEBUG::`geom_smooth()` using formula = 'y ~ x'
2025-03-11 19:04:04.025425 INFO::Creating scatter plot for continuous data, log_NO2NO3 vs COG0766
2025-03-11 19:04:04.329243 DEBUG::`geom_smooth()` using formula = 'y ~ x'
2025-03-11 19:04:04.344748 INFO::Creating scatter plot for continuous data, log_NO2NO3 vs COG2045
2025-03-11 19:04:04.645367 DEBUG::`geom_smooth()` using formula = 'y ~ x'
2025-03-11 19:04:04.660272 INFO::Creating scatter plot for continuous data, log_NO2NO3 vs COG1252
2025-03-11 19:04:04.994212 DEBUG::`geom_smooth()` using formula = 'y ~ x'
2025-03-11 19:04:05.008871 INFO::Creating scatter plot for continuous data, log_NO2NO3 vs COG0126
2025-03-11 19:04:05.306345 DEBUG::`geom_smooth()` using formula = 'y ~ x'
2025-03-11 19:04:05.330602 INFO::Creating scatter plot for continuous data, log_NO2NO3 vs COG2956
2025-03-11 19:04:05.642177 DEBUG::`geom_smooth()` using formula = 'y ~ x'
2025-03-11 19:04:05.661415 INFO::Creating scatter plot for continuous data, log_NO2NO3 vs COG1409
2025-03-11 19:04:05.996318 DEBUG::`geom_smooth()` using formula = 'y ~ x'
2025-03-11 19:04:06.017179 INFO::Creating scatter plot for continuous data, log_NO2NO3 vs COG1876
2025-03-11 19:04:06.315555 DEBUG::`geom_smooth()` using formula = 'y ~ x'
2025-03-11 19:04:06.331118 INFO::Creating scatter plot for continuous data, log_NO2NO3 vs COG4631
2025-03-11 19:04:06.649114 DEBUG::`geom_smooth()` using formula = 'y ~ x'
2025-03-11 19:04:06.661183 INFO::Creating scatter plot for continuous data, log_NO2NO3 vs COG0425
2025-03-11 19:04:06.972608 DEBUG::`geom_smooth()` using formula = 'y ~ x'
2025-03-11 19:04:06.988025 INFO::Creating scatter plot for continuous data, log_NO2NO3 vs COG1478
2025-03-11 19:04:07.326917 DEBUG::`geom_smooth()` using formula = 'y ~ x'
2025-03-11 19:04:07.344429 INFO::Creating scatter plot for continuous data, log_NO2NO3 vs COG3134
2025-03-11 19:04:07.656592 DEBUG::`geom_smooth()` using formula = 'y ~ x'
2025-03-11 19:04:07.672199 INFO::Creating scatter plot for continuous data, log_NO2NO3 vs COG1281
2025-03-11 19:04:07.97972 DEBUG::`geom_smooth()` using formula = 'y ~ x'
2025-03-11 19:04:08.001879 INFO::Creating scatter plot for continuous data, log_NO2NO3 vs COG0408
2025-03-11 19:04:08.335151 DEBUG::`geom_smooth()` using formula = 'y ~ x'
2025-03-11 19:04:08.350725 INFO::Creating scatter plot for continuous data, log_NO2NO3 vs COG0355
2025-03-11 19:04:08.656768 DEBUG::`geom_smooth()` using formula = 'y ~ x'
2025-03-11 19:04:08.671944 INFO::Creating scatter plot for continuous data, log_NO2NO3 vs COG5337
2025-03-11 19:04:08.987281 DEBUG::`geom_smooth()` using formula = 'y ~ x'
2025-03-11 19:04:09.006416 INFO::Creating scatter plot for continuous data, log_NO2NO3 vs COG1331
2025-03-11 19:04:09.348673 DEBUG::`geom_smooth()` using formula = 'y ~ x'
2025-03-11 19:04:09.363729 INFO::Creating scatter plot for continuous data, log_NO2NO3 vs COG5002
2025-03-11 19:04:09.670057 DEBUG::`geom_smooth()` using formula = 'y ~ x'
2025-03-11 19:04:09.686065 INFO::Creating scatter plot for continuous data, log_NO2NO3 vs COG1457
2025-03-11 19:04:09.984699 DEBUG::`geom_smooth()` using formula = 'y ~ x'
2025-03-11 19:04:09.999925 INFO::Creating scatter plot for continuous data, log_NO2NO3 vs COG1752
2025-03-11 19:04:10.33106 DEBUG::`geom_smooth()` using formula = 'y ~ x'
2025-03-11 19:04:10.355724 INFO::Creating scatter plot for continuous data, log_NO2NO3 vs COG2211
2025-03-11 19:04:10.669277 DEBUG::`geom_smooth()` using formula = 'y ~ x'
2025-03-11 19:04:10.684651 INFO::Creating scatter plot for continuous data, log_NO2NO3 vs COG0483
2025-03-11 19:04:10.994244 DEBUG::`geom_smooth()` using formula = 'y ~ x'
2025-03-11 19:04:11.020137 INFO::Creating scatter plot for continuous data, log_NO2NO3 vs COG0512
2025-03-11 19:04:11.368392 DEBUG::`geom_smooth()` using formula = 'y ~ x'
2025-03-11 19:04:11.383725 INFO::Creating scatter plot for continuous data, log_NO2NO3 vs COG2119
2025-03-11 19:04:11.692273 DEBUG::`geom_smooth()` using formula = 'y ~ x'
2025-03-11 19:04:11.71421 INFO::Creating scatter plot for continuous data, log_NO2NO3 vs COG1127
2025-03-11 19:04:12.01504 DEBUG::`geom_smooth()` using formula = 'y ~ x'
2025-03-11 19:04:12.030023 INFO::Creating scatter plot for continuous data, log_NO2NO3 vs COG3655
2025-03-11 19:04:12.463834 DEBUG::`geom_smooth()` using formula = 'y ~ x'
2025-03-11 19:04:12.478406 INFO::Creating scatter plot for continuous data, log_NO2NO3 vs COG5012
2025-03-11 19:04:12.802854 DEBUG::`geom_smooth()` using formula = 'y ~ x'
2025-03-11 19:04:12.82271 INFO::Creating scatter plot for continuous data, log_NO2NO3 vs COG1721
2025-03-11 19:04:13.147402 DEBUG::`geom_smooth()` using formula = 'y ~ x'
2025-03-11 19:04:13.161714 INFO::Creating scatter plot for continuous data, log_NO2NO3 vs COG1239
2025-03-11 19:04:13.492556 DEBUG::`geom_smooth()` using formula = 'y ~ x'
2025-03-11 19:04:13.508435 INFO::Creating scatter plot for continuous data, log_NO2NO3 vs COG2835
2025-03-11 19:04:13.912968 DEBUG::`geom_smooth()` using formula = 'y ~ x'
2025-03-11 19:04:13.933885 INFO::Creating scatter plot for continuous data, log_NO2NO3 vs COG1826
2025-03-11 19:04:14.240727 DEBUG::`geom_smooth()` using formula = 'y ~ x'
2025-03-11 19:04:14.256674 INFO::Creating scatter plot for continuous data, log_NO2NO3 vs COG3292
2025-03-11 19:04:14.56655 DEBUG::`geom_smooth()` using formula = 'y ~ x'
2025-03-11 19:04:14.582323 INFO::Creating scatter plot for continuous data, log_NO2NO3 vs COG0755
2025-03-11 19:04:14.913902 DEBUG::`geom_smooth()` using formula = 'y ~ x'
2025-03-11 19:04:14.929157 INFO::Creating scatter plot for continuous data, log_NO2NO3 vs COG3146
2025-03-11 19:04:15.235467 DEBUG::`geom_smooth()` using formula = 'y ~ x'
2025-03-11 19:04:15.250735 INFO::Creating scatter plot for continuous data, log_NO2NO3 vs COG4193
2025-03-11 19:04:15.56342 DEBUG::`geom_smooth()` using formula = 'y ~ x'
2025-03-11 19:04:15.584935 INFO::Creating scatter plot for continuous data, log_NO2NO3 vs COG0353
2025-03-11 19:04:15.918606 DEBUG::`geom_smooth()` using formula = 'y ~ x'
2025-03-11 19:04:15.934232 INFO::Creating scatter plot for continuous data, log_NO2NO3 vs COG2945
2025-03-11 19:04:16.263114 DEBUG::`geom_smooth()` using formula = 'y ~ x'
2025-03-11 19:04:16.278005 INFO::Creating scatter plot for continuous data, log_NO2NO3 vs COG1372
2025-03-11 19:04:16.594049 DEBUG::`geom_smooth()` using formula = 'y ~ x'
2025-03-11 19:04:16.610329 INFO::Creating scatter plot for continuous data, log_NO2NO3 vs COG5402
2025-03-11 19:04:16.91612 DEBUG::`geom_smooth()` using formula = 'y ~ x'
2025-03-11 19:04:16.937708 INFO::Creating scatter plot for continuous data, log_NO2NO3 vs COG0114
2025-03-11 19:04:17.272358 DEBUG::`geom_smooth()` using formula = 'y ~ x'
2025-03-11 19:04:17.287635 INFO::Creating scatter plot for continuous data, log_NO2NO3 vs COG0233
2025-03-11 19:04:17.604573 DEBUG::`geom_smooth()` using formula = 'y ~ x'
2025-03-11 19:04:17.6182 INFO::Creating scatter plot for continuous data, log_NO2NO3 vs COG0415
2025-03-11 19:04:17.916019 DEBUG::`geom_smooth()` using formula = 'y ~ x'
2025-03-11 19:04:17.934079 INFO::Creating scatter plot for continuous data, log_NO2NO3 vs COG2120
2025-03-11 19:04:18.267192 DEBUG::`geom_smooth()` using formula = 'y ~ x'
2025-03-11 19:04:18.286925 INFO::Creating scatter plot for continuous data, log_NO2NO3 vs COG0244
2025-03-11 19:04:18.599553 DEBUG::`geom_smooth()` using formula = 'y ~ x'
2025-03-11 19:04:18.615352 INFO::Creating scatter plot for continuous data, log_NO2NO3 vs COG1219
2025-03-11 19:04:18.929713 DEBUG::`geom_smooth()` using formula = 'y ~ x'
2025-03-11 19:04:18.945337 INFO::Creating scatter plot for continuous data, log_NO2NO3 vs COG5469
2025-03-11 19:04:19.284742 DEBUG::`geom_smooth()` using formula = 'y ~ x'
2025-03-11 19:04:19.299455 INFO::Creating scatter plot for continuous data, log_NO2NO3 vs COG1966
2025-03-11 19:04:19.60442 DEBUG::`geom_smooth()` using formula = 'y ~ x'
2025-03-11 19:04:19.620445 INFO::Creating scatter plot for continuous data, log_NO2NO3 vs COG1760
2025-03-11 19:04:19.924195 DEBUG::`geom_smooth()` using formula = 'y ~ x'
2025-03-11 19:04:19.93941 INFO::Creating scatter plot for continuous data, log_NO2NO3 vs COG1272
2025-03-11 19:04:20.269433 DEBUG::`geom_smooth()` using formula = 'y ~ x'
2025-03-11 19:04:20.285629 INFO::Creating scatter plot for continuous data, log_NO2NO3 vs COG3029
2025-03-11 19:04:20.58495 DEBUG::`geom_smooth()` using formula = 'y ~ x'
2025-03-11 19:04:20.600279 INFO::Creating scatter plot for continuous data, log_NO2NO3 vs COG0131
2025-03-11 19:04:20.948508 DEBUG::`geom_smooth()` using formula = 'y ~ x'
2025-03-11 19:04:20.97607 INFO::Creating scatter plot for continuous data, log_NO2NO3 vs COG2755
2025-03-11 19:04:21.283082 DEBUG::`geom_smooth()` using formula = 'y ~ x'
2025-03-11 19:04:21.298518 INFO::Creating scatter plot for continuous data, log_NO2NO3 vs COG0042
2025-03-11 19:04:21.633764 DEBUG::`geom_smooth()` using formula = 'y ~ x'
2025-03-11 19:04:21.649331 INFO::Creating scatter plot for continuous data, log_NO2NO3 vs COG0721
2025-03-11 19:04:21.961477 DEBUG::`geom_smooth()` using formula = 'y ~ x'
2025-03-11 19:04:21.976764 INFO::Creating scatter plot for continuous data, log_NO2NO3 vs COG4832
2025-03-11 19:04:22.291499 DEBUG::`geom_smooth()` using formula = 'y ~ x'
2025-03-11 19:04:22.303487 INFO::Creating scatter plot for continuous data, log_NO2NO3 vs COG1290
2025-03-11 19:04:22.643922 DEBUG::`geom_smooth()` using formula = 'y ~ x'
2025-03-11 19:04:22.669679 INFO::Creating scatter plot for continuous data, log_NO2NO3 vs COG2518
2025-03-11 19:04:22.990111 DEBUG::`geom_smooth()` using formula = 'y ~ x'
2025-03-11 19:04:23.006588 INFO::Creating scatter plot for continuous data, log_NO2NO3 vs COG2017
2025-03-11 19:04:23.320044 DEBUG::`geom_smooth()` using formula = 'y ~ x'
2025-03-11 19:04:23.33978 INFO::Creating scatter plot for continuous data, log_NO2NO3 vs COG2363
2025-03-11 19:04:23.676936 DEBUG::`geom_smooth()` using formula = 'y ~ x'
2025-03-11 19:04:23.692069 INFO::Creating scatter plot for continuous data, log_NO2NO3 vs COG2940
2025-03-11 19:04:23.994454 DEBUG::`geom_smooth()` using formula = 'y ~ x'
2025-03-11 19:04:24.015329 INFO::Creating scatter plot for continuous data, log_NO2NO3 vs COG3339
2025-03-11 19:04:24.323821 DEBUG::`geom_smooth()` using formula = 'y ~ x'
2025-03-11 19:04:24.338876 INFO::Creating scatter plot for continuous data, log_NO2NO3 vs COG3603
2025-03-11 19:04:24.676624 DEBUG::`geom_smooth()` using formula = 'y ~ x'
2025-03-11 19:04:24.690411 INFO::Creating scatter plot for continuous data, log_NO2NO3 vs COG1509
2025-03-11 19:04:25.000604 DEBUG::`geom_smooth()` using formula = 'y ~ x'
2025-03-11 19:04:25.0156 INFO::Creating scatter plot for continuous data, log_NO2NO3 vs COG0106
2025-03-11 19:04:25.326962 DEBUG::`geom_smooth()` using formula = 'y ~ x'
2025-03-11 19:04:25.344321 INFO::Creating scatter plot for continuous data, log_NO2NO3 vs COG0616
2025-03-11 19:04:25.644516 DEBUG::`geom_smooth()` using formula = 'y ~ x'
2025-03-11 19:04:25.659363 INFO::Creating scatter plot for continuous data, log_NO2NO3 vs COG0679
2025-03-11 19:04:26.006173 DEBUG::`geom_smooth()` using formula = 'y ~ x'
2025-03-11 19:04:26.023026 INFO::Creating scatter plot for continuous data, log_NO2NO3 vs COG0730
2025-03-11 19:04:26.349848 DEBUG::`geom_smooth()` using formula = 'y ~ x'
2025-03-11 19:04:26.376119 INFO::Creating scatter plot for continuous data, log_NO2NO3 vs COG2501
2025-03-11 19:04:26.681946 DEBUG::`geom_smooth()` using formula = 'y ~ x'
2025-03-11 19:04:26.698154 INFO::Creating scatter plot for continuous data, log_NO2NO3 vs COG0225
2025-03-11 19:04:27.025134 DEBUG::`geom_smooth()` using formula = 'y ~ x'
2025-03-11 19:04:27.040499 INFO::Creating scatter plot for continuous data, log_NO2NO3 vs COG1787
2025-03-11 19:04:27.347507 DEBUG::`geom_smooth()` using formula = 'y ~ x'
2025-03-11 19:04:27.362143 INFO::Creating scatter plot for continuous data, log_NO2NO3 vs COG0576
2025-03-11 19:04:27.668482 DEBUG::`geom_smooth()` using formula = 'y ~ x'
2025-03-11 19:04:27.683765 INFO::Creating scatter plot for continuous data, log_NO2NO3 vs COG1506
2025-03-11 19:04:28.027628 DEBUG::`geom_smooth()` using formula = 'y ~ x'
2025-03-11 19:04:28.052045 INFO::Creating scatter plot for continuous data, log_NO2NO3 vs COG1920
2025-03-11 19:04:28.35369 DEBUG::`geom_smooth()` using formula = 'y ~ x'
2025-03-11 19:04:28.369355 INFO::Creating scatter plot for continuous data, log_NO2NO3 vs COG0331
2025-03-11 19:04:28.67389 DEBUG::`geom_smooth()` using formula = 'y ~ x'
2025-03-11 19:04:28.687157 INFO::Creating scatter plot for continuous data, log_NO2NO3 vs COG1333
2025-03-11 19:04:29.016079 DEBUG::`geom_smooth()` using formula = 'y ~ x'
2025-03-11 19:04:29.031685 INFO::Creating scatter plot for continuous data, log_NO2NO3 vs COG4579
2025-03-11 19:04:29.340213 DEBUG::`geom_smooth()` using formula = 'y ~ x'
2025-03-11 19:04:29.353936 INFO::Creating scatter plot for continuous data, log_NO2NO3 vs COG0245
2025-03-11 19:04:29.666506 DEBUG::`geom_smooth()` using formula = 'y ~ x'
2025-03-11 19:04:29.68136 INFO::Creating scatter plot for continuous data, log_NO2NO3 vs COG3707
2025-03-11 19:04:30.053818 DEBUG::`geom_smooth()` using formula = 'y ~ x'
2025-03-11 19:04:30.069401 INFO::Creating scatter plot for continuous data, log_NO2NO3 vs COG3294
2025-03-11 19:04:30.382864 DEBUG::`geom_smooth()` using formula = 'y ~ x'
2025-03-11 19:04:30.398409 INFO::Creating scatter plot for continuous data, log_NO2NO3 vs COG0015
2025-03-11 19:04:30.717877 DEBUG::`geom_smooth()` using formula = 'y ~ x'
2025-03-11 19:04:30.733357 INFO::Creating scatter plot for continuous data, log_NO2NO3 vs COG1456
2025-03-11 19:04:31.123725 DEBUG::`geom_smooth()` using formula = 'y ~ x'
2025-03-11 19:04:31.146792 INFO::Creating scatter plot for continuous data, log_NO2NO3 vs COG3046
2025-03-11 19:04:31.467948 DEBUG::`geom_smooth()` using formula = 'y ~ x'
2025-03-11 19:04:31.483638 INFO::Creating scatter plot for continuous data, log_NO2NO3 vs COG4337
2025-03-11 19:04:31.799322 DEBUG::`geom_smooth()` using formula = 'y ~ x'
2025-03-11 19:04:31.815699 INFO::Creating scatter plot for continuous data, log_NO2NO3 vs COG5564
2025-03-11 19:04:32.124719 DEBUG::`geom_smooth()` using formula = 'y ~ x'
2025-03-11 19:04:32.139762 INFO::Creating scatter plot for continuous data, log_NO2NO3 vs COG0560
2025-03-11 19:04:32.46166 DEBUG::`geom_smooth()` using formula = 'y ~ x'
2025-03-11 19:04:32.477564 INFO::Creating scatter plot for continuous data, log_NO2NO3 vs COG0275
2025-03-11 19:04:32.78671 DEBUG::`geom_smooth()` using formula = 'y ~ x'
2025-03-11 19:04:32.801702 INFO::Creating scatter plot for continuous data, log_NO2NO3 vs COG3335
2025-03-11 19:04:33.110787 DEBUG::`geom_smooth()` using formula = 'y ~ x'
2025-03-11 19:04:33.156682 INFO::Creating scatter plot for continuous data, log_NO2NO3 vs COG2373
2025-03-11 19:04:33.485423 DEBUG::`geom_smooth()` using formula = 'y ~ x'
2025-03-11 19:04:33.509912 INFO::Creating scatter plot for continuous data, log_NO2NO3 vs COG0563
2025-03-11 19:04:33.826536 DEBUG::`geom_smooth()` using formula = 'y ~ x'
2025-03-11 19:04:33.846605 INFO::Creating scatter plot for continuous data, log_NO2NO3 vs COG1213
2025-03-11 19:04:34.155901 DEBUG::`geom_smooth()` using formula = 'y ~ x'
2025-03-11 19:04:34.171149 INFO::Creating scatter plot for continuous data, log_NO2NO3 vs COG5389
2025-03-11 19:04:34.498425 DEBUG::`geom_smooth()` using formula = 'y ~ x'
2025-03-11 19:04:34.513209 INFO::Creating scatter plot for continuous data, log_NO2NO3 vs COG3016
2025-03-11 19:04:34.814177 DEBUG::`geom_smooth()` using formula = 'y ~ x'
2025-03-11 19:04:34.829637 INFO::Creating scatter plot for continuous data, log_NO2NO3 vs COG3917
2025-03-11 19:04:35.134037 DEBUG::`geom_smooth()` using formula = 'y ~ x'
2025-03-11 19:04:35.148425 INFO::Creating scatter plot for continuous data, log_NO2NO3 vs COG1563
2025-03-11 19:04:37.118665 DEBUG::`geom_smooth()` using formula = 'y ~ x'
2025-03-11 19:04:37.14074 INFO::Creating scatter plot for continuous data, log_NO2NO3 vs COG0221
2025-03-11 19:04:37.426455 DEBUG::`geom_smooth()` using formula = 'y ~ x'
2025-03-11 19:04:37.454244 INFO::Creating scatter plot for continuous data, log_NO2NO3 vs COG1401
2025-03-11 19:04:37.749053 DEBUG::`geom_smooth()` using formula = 'y ~ x'
2025-03-11 19:04:37.777492 INFO::Creating scatter plot for continuous data, log_NO2NO3 vs COG0272
2025-03-11 19:04:38.084227 DEBUG::`geom_smooth()` using formula = 'y ~ x'
2025-03-11 19:04:38.104114 INFO::Creating scatter plot for continuous data, log_NO2NO3 vs COG3962
2025-03-11 19:04:38.400987 DEBUG::`geom_smooth()` using formula = 'y ~ x'
2025-03-11 19:04:38.416401 INFO::Creating scatter plot for continuous data, log_NO2NO3 vs COG0356
2025-03-11 19:04:38.702116 DEBUG::`geom_smooth()` using formula = 'y ~ x'
2025-03-11 19:04:38.71905 INFO::Creating scatter plot for continuous data, log_NO2NO3 vs COG5276
2025-03-11 19:04:39.012873 DEBUG::`geom_smooth()` using formula = 'y ~ x'
2025-03-11 19:04:39.028227 INFO::Creating scatter plot for continuous data, log_NO2NO3 vs COG1185
2025-03-11 19:04:39.332837 DEBUG::`geom_smooth()` using formula = 'y ~ x'
2025-03-11 19:04:39.351621 INFO::Creating scatter plot for continuous data, log_NO2NO3 vs COG2941
2025-03-11 19:04:39.638729 DEBUG::`geom_smooth()` using formula = 'y ~ x'
2025-03-11 19:04:39.653871 INFO::Creating scatter plot for continuous data, log_NO2NO3 vs COG1088
2025-03-11 19:04:39.942316 DEBUG::`geom_smooth()` using formula = 'y ~ x'
2025-03-11 19:04:39.957106 INFO::Creating scatter plot for continuous data, log_NO2NO3 vs COG2137
2025-03-11 19:04:40.260284 DEBUG::`geom_smooth()` using formula = 'y ~ x'
2025-03-11 19:04:40.274293 INFO::Creating scatter plot for continuous data, log_NO2NO3 vs COG0390
2025-03-11 19:04:40.570734 DEBUG::`geom_smooth()` using formula = 'y ~ x'
2025-03-11 19:04:40.58569 INFO::Creating scatter plot for continuous data, log_NO2NO3 vs COG1773
2025-03-11 19:04:40.873106 DEBUG::`geom_smooth()` using formula = 'y ~ x'
2025-03-11 19:04:40.910986 INFO::Creating scatter plot for continuous data, log_NO2NO3 vs COG0521
2025-03-11 19:04:41.216252 DEBUG::`geom_smooth()` using formula = 'y ~ x'
2025-03-11 19:04:41.231339 INFO::Creating scatter plot for continuous data, log_NO2NO3 vs COG3058
2025-03-11 19:04:41.519656 DEBUG::`geom_smooth()` using formula = 'y ~ x'
2025-03-11 19:04:41.544519 INFO::Creating scatter plot for continuous data, log_NO2NO3 vs COG0236
2025-03-11 19:04:41.831634 DEBUG::`geom_smooth()` using formula = 'y ~ x'
2025-03-11 19:04:41.84642 INFO::Creating scatter plot for continuous data, log_NO2NO3 vs COG4268
2025-03-11 19:04:42.139144 DEBUG::`geom_smooth()` using formula = 'y ~ x'
2025-03-11 19:04:42.156966 INFO::Creating scatter plot for continuous data, log_NO2NO3 vs COG0176
2025-03-11 19:04:42.454897 DEBUG::`geom_smooth()` using formula = 'y ~ x'
2025-03-11 19:04:42.469406 INFO::Creating scatter plot for continuous data, log_NO2NO3 vs COG3400
2025-03-11 19:04:42.754715 DEBUG::`geom_smooth()` using formula = 'y ~ x'
2025-03-11 19:04:42.769895 INFO::Creating scatter plot for continuous data, log_NO2NO3 vs COG0828
2025-03-11 19:04:43.057238 DEBUG::`geom_smooth()` using formula = 'y ~ x'
2025-03-11 19:04:43.071981 INFO::Creating scatter plot for continuous data, log_NO2NO3 vs COG1922
2025-03-11 19:04:43.372787 DEBUG::`geom_smooth()` using formula = 'y ~ x'
2025-03-11 19:04:43.388586 INFO::Creating scatter plot for continuous data, log_NO2NO3 vs COG4769
2025-03-11 19:04:43.668448 DEBUG::`geom_smooth()` using formula = 'y ~ x'
2025-03-11 19:04:43.683243 INFO::Creating scatter plot for continuous data, log_NO2NO3 vs COG1817
2025-03-11 19:04:43.975585 DEBUG::`geom_smooth()` using formula = 'y ~ x'
2025-03-11 19:04:43.990508 INFO::Creating scatter plot for continuous data, log_NO2NO3 vs COG0345
2025-03-11 19:04:44.297966 DEBUG::`geom_smooth()` using formula = 'y ~ x'
2025-03-11 19:04:44.312955 INFO::Creating scatter plot for continuous data, log_NO2NO3 vs COG0080
2025-03-11 19:04:44.596658 DEBUG::`geom_smooth()` using formula = 'y ~ x'
2025-03-11 19:04:44.612854 INFO::Creating scatter plot for continuous data, log_NO2NO3 vs COG4567
2025-03-11 19:04:44.894433 DEBUG::`geom_smooth()` using formula = 'y ~ x'
2025-03-11 19:04:44.910182 INFO::Creating scatter plot for continuous data, log_NO2NO3 vs COG0081
2025-03-11 19:04:45.194229 DEBUG::`geom_smooth()` using formula = 'y ~ x'
2025-03-11 19:04:45.212856 INFO::Creating scatter plot for continuous data, log_NO2NO3 vs COG1062
2025-03-11 19:04:45.510183 DEBUG::`geom_smooth()` using formula = 'y ~ x'
2025-03-11 19:04:45.52513 INFO::Creating scatter plot for continuous data, log_NO2NO3 vs COG0228
2025-03-11 19:04:45.823825 DEBUG::`geom_smooth()` using formula = 'y ~ x'
2025-03-11 19:04:45.837715 INFO::Creating scatter plot for continuous data, log_NO2NO3 vs COG1665
2025-03-11 19:04:46.122133 DEBUG::`geom_smooth()` using formula = 'y ~ x'
2025-03-11 19:04:46.136605 INFO::Creating scatter plot for continuous data, log_NO2NO3 vs COG1385
2025-03-11 19:04:46.44783 DEBUG::`geom_smooth()` using formula = 'y ~ x'
2025-03-11 19:04:46.470091 INFO::Creating scatter plot for continuous data, log_NO2NO3 vs COG1605
2025-03-11 19:04:46.759969 DEBUG::`geom_smooth()` using formula = 'y ~ x'
2025-03-11 19:04:46.78844 INFO::Creating scatter plot for continuous data, log_NO2NO3 vs COG2208
2025-03-11 19:04:47.088068 DEBUG::`geom_smooth()` using formula = 'y ~ x'
2025-03-11 19:04:47.104146 INFO::Creating scatter plot for continuous data, log_NO2NO3 vs COG0019
2025-03-11 19:04:47.413357 DEBUG::`geom_smooth()` using formula = 'y ~ x'
2025-03-11 19:04:47.429209 INFO::Creating scatter plot for continuous data, log_NO2NO3 vs COG0294
2025-03-11 19:04:47.718558 DEBUG::`geom_smooth()` using formula = 'y ~ x'
2025-03-11 19:04:47.733621 INFO::Creating scatter plot for continuous data, log_NO2NO3 vs COG0670
2025-03-11 19:04:48.027001 DEBUG::`geom_smooth()` using formula = 'y ~ x'
2025-03-11 19:04:48.041494 INFO::Creating scatter plot for continuous data, log_NO2NO3 vs COG1262
2025-03-11 19:04:48.347187 DEBUG::`geom_smooth()` using formula = 'y ~ x'
2025-03-11 19:04:48.362186 INFO::Creating scatter plot for continuous data, log_NO2NO3 vs COG0669
2025-03-11 19:04:48.657723 DEBUG::`geom_smooth()` using formula = 'y ~ x'
2025-03-11 19:04:48.672146 INFO::Creating scatter plot for continuous data, log_NO2NO3 vs COG2827
2025-03-11 19:04:48.951942 DEBUG::`geom_smooth()` using formula = 'y ~ x'
2025-03-11 19:04:48.966594 INFO::Creating scatter plot for continuous data, log_NO2NO3 vs COG1562
2025-03-11 19:04:49.272019 DEBUG::`geom_smooth()` using formula = 'y ~ x'
2025-03-11 19:04:49.286734 INFO::Creating scatter plot for continuous data, log_NO2NO3 vs COG4576
2025-03-11 19:04:49.593345 DEBUG::`geom_smooth()` using formula = 'y ~ x'
2025-03-11 19:04:49.608301 INFO::Creating scatter plot for continuous data, log_NO2NO3 vs COG0054
2025-03-11 19:04:49.907499 DEBUG::`geom_smooth()` using formula = 'y ~ x'
2025-03-11 19:04:49.922328 INFO::Creating scatter plot for continuous data, log_NO2NO3 vs COG1257
2025-03-11 19:04:50.21891 DEBUG::`geom_smooth()` using formula = 'y ~ x'
2025-03-11 19:04:50.233657 INFO::Creating scatter plot for continuous data, log_NO2NO3 vs COG2179
2025-03-11 19:04:50.542955 DEBUG::`geom_smooth()` using formula = 'y ~ x'
2025-03-11 19:04:50.561933 INFO::Creating scatter plot for continuous data, log_NO2NO3 vs COG1122
2025-03-11 19:04:50.842218 DEBUG::`geom_smooth()` using formula = 'y ~ x'
2025-03-11 19:04:50.857425 INFO::Creating scatter plot for continuous data, log_NO2NO3 vs COG0211
2025-03-11 19:04:51.143036 DEBUG::`geom_smooth()` using formula = 'y ~ x'
2025-03-11 19:04:51.170421 INFO::Creating scatter plot for continuous data, log_NO2NO3 vs COG0457
2025-03-11 19:04:51.473298 DEBUG::`geom_smooth()` using formula = 'y ~ x'
2025-03-11 19:04:51.489122 INFO::Creating scatter plot for continuous data, log_NO2NO3 vs COG3394
2025-03-11 19:04:51.780584 DEBUG::`geom_smooth()` using formula = 'y ~ x'
2025-03-11 19:04:51.803757 INFO::Creating scatter plot for continuous data, log_NO2NO3 vs COG2239
2025-03-11 19:04:52.084208 DEBUG::`geom_smooth()` using formula = 'y ~ x'
2025-03-11 19:04:52.104649 INFO::Creating scatter plot for continuous data, log_NO2NO3 vs COG0857
2025-03-11 19:04:52.397622 DEBUG::`geom_smooth()` using formula = 'y ~ x'
2025-03-11 19:04:52.412913 INFO::Creating scatter plot for continuous data, log_NO2NO3 vs COG2129
2025-03-11 19:04:52.71072 DEBUG::`geom_smooth()` using formula = 'y ~ x'
2025-03-11 19:04:52.725022 INFO::Creating scatter plot for continuous data, log_NO2NO3 vs COG4012
2025-03-11 19:04:53.009686 DEBUG::`geom_smooth()` using formula = 'y ~ x'
2025-03-11 19:04:53.024355 INFO::Creating scatter plot for continuous data, log_NO2NO3 vs COG3038
2025-03-11 19:04:53.317334 DEBUG::`geom_smooth()` using formula = 'y ~ x'
2025-03-11 19:04:53.332781 INFO::Creating scatter plot for continuous data, log_NO2NO3 vs COG0417
2025-03-11 19:04:53.641034 DEBUG::`geom_smooth()` using formula = 'y ~ x'
2025-03-11 19:04:53.655931 INFO::Creating scatter plot for continuous data, log_NO2NO3 vs COG0445
2025-03-11 19:04:53.940645 DEBUG::`geom_smooth()` using formula = 'y ~ x'
2025-03-11 19:04:53.958387 INFO::Creating scatter plot for continuous data, log_NO2NO3 vs COG4454
2025-03-11 19:04:54.246958 DEBUG::`geom_smooth()` using formula = 'y ~ x'
2025-03-11 19:04:54.261963 INFO::Creating scatter plot for continuous data, log_NO2NO3 vs COG0517
2025-03-11 19:04:54.562703 DEBUG::`geom_smooth()` using formula = 'y ~ x'
2025-03-11 19:04:54.578442 INFO::Creating scatter plot for continuous data, log_NO2NO3 vs COG1442
2025-03-11 19:04:54.852576 DEBUG::`geom_smooth()` using formula = 'y ~ x'
2025-03-11 19:04:54.867665 INFO::Creating scatter plot for continuous data, log_NO2NO3 vs COG0544
2025-03-11 19:04:55.146322 DEBUG::`geom_smooth()` using formula = 'y ~ x'
2025-03-11 19:04:55.161937 INFO::Creating scatter plot for continuous data, log_NO2NO3 vs COG0086
2025-03-11 19:04:55.457476 DEBUG::`geom_smooth()` using formula = 'y ~ x'
2025-03-11 19:04:55.472581 INFO::Creating scatter plot for continuous data, log_NO2NO3 vs COG0163
2025-03-11 19:04:55.758058 DEBUG::`geom_smooth()` using formula = 'y ~ x'
2025-03-11 19:04:55.778723 INFO::Creating scatter plot for continuous data, log_NO2NO3 vs COG1861
2025-03-11 19:04:56.053585 DEBUG::`geom_smooth()` using formula = 'y ~ x'
2025-03-11 19:04:56.091276 INFO::Creating scatter plot for continuous data, log_NO2NO3 vs COG0419
2025-03-11 19:04:56.387897 DEBUG::`geom_smooth()` using formula = 'y ~ x'
2025-03-11 19:04:56.414218 INFO::Creating scatter plot for continuous data, log_NO2NO3 vs COG3940
2025-03-11 19:04:56.703038 DEBUG::`geom_smooth()` using formula = 'y ~ x'
2025-03-11 19:04:56.730376 INFO::Creating scatter plot for continuous data, log_NO2NO3 vs COG2818
2025-03-11 19:04:57.022932 DEBUG::`geom_smooth()` using formula = 'y ~ x'
2025-03-11 19:04:57.038502 INFO::Creating scatter plot for continuous data, log_NO2NO3 vs COG0021
2025-03-11 19:04:57.339263 DEBUG::`geom_smooth()` using formula = 'y ~ x'
2025-03-11 19:04:57.363763 INFO::Creating scatter plot for continuous data, log_NO2NO3 vs COG3569
2025-03-11 19:04:57.661645 DEBUG::`geom_smooth()` using formula = 'y ~ x'
2025-03-11 19:04:57.674406 INFO::Creating scatter plot for continuous data, log_NO2NO3 vs COG4564
2025-03-11 19:04:57.946955 DEBUG::`geom_smooth()` using formula = 'y ~ x'
2025-03-11 19:04:57.962437 INFO::Creating scatter plot for continuous data, log_NO2NO3 vs COG0362
2025-03-11 19:04:58.251096 DEBUG::`geom_smooth()` using formula = 'y ~ x'
2025-03-11 19:04:58.263386 INFO::Creating scatter plot for continuous data, log_NO2NO3 vs COG2337
2025-03-11 19:04:58.659972 DEBUG::`geom_smooth()` using formula = 'y ~ x'
2025-03-11 19:04:58.675084 INFO::Creating scatter plot for continuous data, log_NO2NO3 vs COG0625
2025-03-11 19:04:58.986185 DEBUG::`geom_smooth()` using formula = 'y ~ x'
2025-03-11 19:04:59.003667 INFO::Creating scatter plot for continuous data, log_NO2NO3 vs COG3980
2025-03-11 19:04:59.310968 DEBUG::`geom_smooth()` using formula = 'y ~ x'
2025-03-11 19:04:59.325986 INFO::Creating scatter plot for continuous data, log_NO2NO3 vs COG3820
2025-03-11 19:04:59.646872 DEBUG::`geom_smooth()` using formula = 'y ~ x'
2025-03-11 19:04:59.662361 INFO::Creating scatter plot for continuous data, log_NO2NO3 vs COG5279
2025-03-11 19:04:59.95068 DEBUG::`geom_smooth()` using formula = 'y ~ x'
2025-03-11 19:04:59.966441 INFO::Creating scatter plot for continuous data, log_NO2NO3 vs COG0314
2025-03-11 19:05:00.256704 DEBUG::`geom_smooth()` using formula = 'y ~ x'
2025-03-11 19:05:00.280253 INFO::Creating scatter plot for continuous data, log_NO2NO3 vs COG4149
2025-03-11 19:05:00.597913 DEBUG::`geom_smooth()` using formula = 'y ~ x'
2025-03-11 19:05:00.690298 INFO::Creating scatter plot for continuous data, log_NO2NO3 vs COG1057
2025-03-11 19:05:00.991018 DEBUG::`geom_smooth()` using formula = 'y ~ x'
2025-03-11 19:05:01.006691 INFO::Creating scatter plot for continuous data, log_NO2NO3 vs COG0092
2025-03-11 19:05:01.339493 DEBUG::`geom_smooth()` using formula = 'y ~ x'
2025-03-11 19:05:01.362219 INFO::Creating scatter plot for continuous data, log_NO2NO3 vs COG4674
2025-03-11 19:05:01.681978 DEBUG::`geom_smooth()` using formula = 'y ~ x'
2025-03-11 19:05:01.697699 INFO::Creating scatter plot for continuous data, log_NO2NO3 vs COG3712
2025-03-11 19:05:02.020759 DEBUG::`geom_smooth()` using formula = 'y ~ x'
2025-03-11 19:05:02.033844 INFO::Creating scatter plot for continuous data, log_NO2NO3 vs COG1975
2025-03-11 19:05:02.323285 DEBUG::`geom_smooth()` using formula = 'y ~ x'
2025-03-11 19:05:02.338362 INFO::Creating scatter plot for continuous data, log_NO2NO3 vs COG0724
2025-03-11 19:05:02.641813 DEBUG::`geom_smooth()` using formula = 'y ~ x'
2025-03-11 19:05:02.658087 INFO::Creating scatter plot for continuous data, log_NO2NO3 vs COG0336
2025-03-11 19:05:02.968752 DEBUG::`geom_smooth()` using formula = 'y ~ x'
2025-03-11 19:05:02.991469 INFO::Creating scatter plot for continuous data, log_NO2NO3 vs COG2371
2025-03-11 19:05:03.291895 DEBUG::`geom_smooth()` using formula = 'y ~ x'
2025-03-11 19:05:03.306313 INFO::Creating scatter plot for continuous data, log_NO2NO3 vs COG1418
2025-03-11 19:05:03.605511 DEBUG::`geom_smooth()` using formula = 'y ~ x'
2025-03-11 19:05:03.620462 INFO::Creating scatter plot for continuous data, log_NO2NO3 vs COG1211
2025-03-11 19:05:03.942322 DEBUG::`geom_smooth()` using formula = 'y ~ x'
2025-03-11 19:05:03.958179 INFO::Creating scatter plot for continuous data, log_NO2NO3 vs COG2860
2025-03-11 19:05:04.262881 DEBUG::`geom_smooth()` using formula = 'y ~ x'
2025-03-11 19:05:04.27768 INFO::Creating scatter plot for continuous data, log_NO2NO3 vs COG1654
2025-03-11 19:05:04.577918 DEBUG::`geom_smooth()` using formula = 'y ~ x'
2025-03-11 19:05:04.589545 INFO::Creating scatter plot for continuous data, log_NO2NO3 vs COG0195
2025-03-11 19:05:04.893313 DEBUG::`geom_smooth()` using formula = 'y ~ x'
2025-03-11 19:05:04.908052 INFO::Creating scatter plot for continuous data, log_NO2NO3 vs COG2928
2025-03-11 19:05:05.220706 DEBUG::`geom_smooth()` using formula = 'y ~ x'
2025-03-11 19:05:05.23616 INFO::Creating scatter plot for continuous data, log_NO2NO3 vs COG2099
2025-03-11 19:05:05.526282 DEBUG::`geom_smooth()` using formula = 'y ~ x'
2025-03-11 19:05:05.541565 INFO::Creating scatter plot for continuous data, log_NO2NO3 vs COG0183
2025-03-11 19:05:05.841113 DEBUG::`geom_smooth()` using formula = 'y ~ x'
2025-03-11 19:05:05.855431 INFO::Creating scatter plot for continuous data, log_NO2NO3 vs COG0706
2025-03-11 19:05:06.176097 DEBUG::`geom_smooth()` using formula = 'y ~ x'
2025-03-11 19:05:06.191553 INFO::Creating scatter plot for continuous data, log_NO2NO3 vs COG0725
2025-03-11 19:05:06.485909 DEBUG::`geom_smooth()` using formula = 'y ~ x'
2025-03-11 19:05:06.513336 INFO::Creating scatter plot for continuous data, log_NO2NO3 vs COG1742
2025-03-11 19:05:06.810015 DEBUG::`geom_smooth()` using formula = 'y ~ x'
2025-03-11 19:05:06.836624 INFO::Creating scatter plot for continuous data, log_NO2NO3 vs COG5016
2025-03-11 19:05:07.153101 DEBUG::`geom_smooth()` using formula = 'y ~ x'
2025-03-11 19:05:07.168437 INFO::Creating scatter plot for continuous data, log_NO2NO3 vs COG3474
2025-03-11 19:05:07.466829 DEBUG::`geom_smooth()` using formula = 'y ~ x'
2025-03-11 19:05:07.482455 INFO::Creating scatter plot for continuous data, log_NO2NO3 vs COG1247
2025-03-11 19:05:07.775543 DEBUG::`geom_smooth()` using formula = 'y ~ x'
2025-03-11 19:05:07.790719 INFO::Creating scatter plot for continuous data, log_NO2NO3 vs COG4968
2025-03-11 19:05:08.085887 DEBUG::`geom_smooth()` using formula = 'y ~ x'
2025-03-11 19:05:08.101036 INFO::Creating scatter plot for continuous data, log_NO2NO3 vs COG2716
2025-03-11 19:05:08.417444 DEBUG::`geom_smooth()` using formula = 'y ~ x'
2025-03-11 19:05:08.432276 INFO::Creating scatter plot for continuous data, log_NO2NO3 vs COG4656
2025-03-11 19:05:08.738392 DEBUG::`geom_smooth()` using formula = 'y ~ x'
2025-03-11 19:05:08.758737 INFO::Creating scatter plot for continuous data, log_NO2NO3 vs COG1381
2025-03-11 19:05:09.0622 DEBUG::`geom_smooth()` using formula = 'y ~ x'
2025-03-11 19:05:09.077381 INFO::Creating scatter plot for continuous data, log_NO2NO3 vs COG0402
2025-03-11 19:05:09.403219 DEBUG::`geom_smooth()` using formula = 'y ~ x'
2025-03-11 19:05:09.420351 INFO::Creating scatter plot for continuous data, log_NO2NO3 vs COG3663
2025-03-11 19:05:09.714871 DEBUG::`geom_smooth()` using formula = 'y ~ x'
2025-03-11 19:05:09.730037 INFO::Creating scatter plot for continuous data, log_NO2NO3 vs COG1702
2025-03-11 19:05:10.034399 DEBUG::`geom_smooth()` using formula = 'y ~ x'
2025-03-11 19:05:10.05006 INFO::Creating scatter plot for continuous data, log_NO2NO3 vs COG0851
2025-03-11 19:05:10.369576 DEBUG::`geom_smooth()` using formula = 'y ~ x'
2025-03-11 19:05:10.384053 INFO::Creating scatter plot for continuous data, log_NO2NO3 vs COG1653
2025-03-11 19:05:10.680727 DEBUG::`geom_smooth()` using formula = 'y ~ x'
2025-03-11 19:05:10.696138 INFO::Creating scatter plot for continuous data, log_NO2NO3 vs COG5319
2025-03-11 19:05:10.993065 DEBUG::`geom_smooth()` using formula = 'y ~ x'
2025-03-11 19:05:11.008513 INFO::Creating scatter plot for continuous data, log_NO2NO3 vs COG1795
2025-03-11 19:05:11.319703 DEBUG::`geom_smooth()` using formula = 'y ~ x'
2025-03-11 19:05:11.334777 INFO::Creating scatter plot for continuous data, log_NO2NO3 vs COG2846
2025-03-11 19:05:11.618659 DEBUG::`geom_smooth()` using formula = 'y ~ x'
2025-03-11 19:05:11.629258 INFO::Creating scatter plot for continuous data, log_NO2NO3 vs COG1814
2025-03-11 19:05:11.921378 DEBUG::`geom_smooth()` using formula = 'y ~ x'
2025-03-11 19:05:11.947505 INFO::Creating scatter plot for continuous data, log_NO2NO3 vs COG2181
2025-03-11 19:05:12.242479 DEBUG::`geom_smooth()` using formula = 'y ~ x'
2025-03-11 19:05:12.257913 INFO::Creating scatter plot for continuous data, log_NO2NO3 vs COG4446
2025-03-11 19:05:12.593832 DEBUG::`geom_smooth()` using formula = 'y ~ x'
2025-03-11 19:05:12.618245 INFO::Creating scatter plot for continuous data, log_NO2NO3 vs COG3080
2025-03-11 19:05:12.911466 DEBUG::`geom_smooth()` using formula = 'y ~ x'
2025-03-11 19:05:12.926624 INFO::Creating scatter plot for continuous data, log_NO2NO3 vs COG0571
2025-03-11 19:05:13.224189 DEBUG::`geom_smooth()` using formula = 'y ~ x'
2025-03-11 19:05:13.23956 INFO::Creating scatter plot for continuous data, log_NO2NO3 vs COG3714
2025-03-11 19:05:13.564324 DEBUG::`geom_smooth()` using formula = 'y ~ x'
2025-03-11 19:05:13.579872 INFO::Creating scatter plot for continuous data, log_NO2NO3 vs COG2969
2025-03-11 19:05:14.043142 DEBUG::`geom_smooth()` using formula = 'y ~ x'
2025-03-11 19:05:14.07123 INFO::Creating scatter plot for continuous data, log_NO2NO3 vs COG1585
2025-03-11 19:05:14.372099 DEBUG::`geom_smooth()` using formula = 'y ~ x'
2025-03-11 19:05:14.392895 INFO::Creating scatter plot for continuous data, log_NO2NO3 vs COG1648
2025-03-11 19:05:14.715202 DEBUG::`geom_smooth()` using formula = 'y ~ x'
2025-03-11 19:05:14.868515 INFO::Creating scatter plot for continuous data, log_NO2NO3 vs COG1144
2025-03-11 19:05:15.158706 DEBUG::`geom_smooth()` using formula = 'y ~ x'
2025-03-11 19:05:15.175467 INFO::Creating scatter plot for continuous data, log_NO2NO3 vs COG0001
2025-03-11 19:05:15.470766 DEBUG::`geom_smooth()` using formula = 'y ~ x'
2025-03-11 19:05:15.486314 INFO::Creating scatter plot for continuous data, log_NO2NO3 vs COG0173
2025-03-11 19:05:15.803379 DEBUG::`geom_smooth()` using formula = 'y ~ x'
2025-03-11 19:05:15.818013 INFO::Creating scatter plot for continuous data, log_NO2NO3 vs COG0621
2025-03-11 19:05:16.110728 DEBUG::`geom_smooth()` using formula = 'y ~ x'
2025-03-11 19:05:16.125832 INFO::Creating scatter plot for continuous data, log_NO2NO3 vs COG4333
2025-03-11 19:05:16.433847 DEBUG::`geom_smooth()` using formula = 'y ~ x'
2025-03-11 19:05:16.44958 INFO::Creating scatter plot for continuous data, log_NO2NO3 vs COG2135
2025-03-11 19:05:16.763988 DEBUG::`geom_smooth()` using formula = 'y ~ x'
2025-03-11 19:05:16.779003 INFO::Creating scatter plot for continuous data, log_NO2NO3 vs COG0700
2025-03-11 19:05:17.09028 DEBUG::`geom_smooth()` using formula = 'y ~ x'
2025-03-11 19:05:17.114022 INFO::Creating scatter plot for continuous data, log_NO2NO3 vs COG5352
2025-03-11 19:05:17.427737 DEBUG::`geom_smooth()` using formula = 'y ~ x'
2025-03-11 19:05:17.447829 INFO::Creating scatter plot for continuous data, log_NO2NO3 vs COG0426
2025-03-11 19:05:17.75161 DEBUG::`geom_smooth()` using formula = 'y ~ x'
2025-03-11 19:05:17.766934 INFO::Creating scatter plot for continuous data, log_NO2NO3 vs COG4393
2025-03-11 19:05:18.091236 DEBUG::`geom_smooth()` using formula = 'y ~ x'
2025-03-11 19:05:18.106007 INFO::Creating scatter plot for continuous data, log_NO2NO3 vs COG3250
2025-03-11 19:05:18.400068 DEBUG::`geom_smooth()` using formula = 'y ~ x'
2025-03-11 19:05:18.422693 INFO::Creating scatter plot for continuous data, log_NO2NO3 vs COG0268
2025-03-11 19:05:18.716369 DEBUG::`geom_smooth()` using formula = 'y ~ x'
2025-03-11 19:05:18.731164 INFO::Creating scatter plot for continuous data, log_NO2NO3 vs COG2142
2025-03-11 19:05:19.061283 DEBUG::`geom_smooth()` using formula = 'y ~ x'
2025-03-11 19:05:19.08217 INFO::Creating scatter plot for continuous data, log_NO2NO3 vs COG3425
2025-03-11 19:05:19.368743 DEBUG::`geom_smooth()` using formula = 'y ~ x'
2025-03-11 19:05:19.383549 INFO::Creating scatter plot for continuous data, log_NO2NO3 vs COG0135
2025-03-11 19:05:19.681047 DEBUG::`geom_smooth()` using formula = 'y ~ x'
2025-03-11 19:05:19.698065 INFO::Creating scatter plot for continuous data, log_NO2NO3 vs COG3380
2025-03-11 19:05:20.05161 DEBUG::`geom_smooth()` using formula = 'y ~ x'
2025-03-11 19:05:20.067101 INFO::Creating scatter plot for continuous data, log_NO2NO3 vs COG1612
2025-03-11 19:05:20.372328 DEBUG::`geom_smooth()` using formula = 'y ~ x'
2025-03-11 19:05:20.389727 INFO::Creating scatter plot for continuous data, log_NO2NO3 vs COG2322
2025-03-11 19:05:20.693382 DEBUG::`geom_smooth()` using formula = 'y ~ x'
2025-03-11 19:05:20.708686 INFO::Creating scatter plot for continuous data, log_NO2NO3 vs COG3176
2025-03-11 19:05:21.077211 DEBUG::`geom_smooth()` using formula = 'y ~ x'
2025-03-11 19:05:21.089789 INFO::Creating scatter plot for continuous data, log_NO2NO3 vs COG2813
2025-03-11 19:05:21.381718 DEBUG::`geom_smooth()` using formula = 'y ~ x'
2025-03-11 19:05:21.396929 INFO::Creating scatter plot for continuous data, log_NO2NO3 vs COG0234
2025-03-11 19:05:21.686516 DEBUG::`geom_smooth()` using formula = 'y ~ x'
2025-03-11 19:05:21.701889 INFO::Creating scatter plot for continuous data, log_NO2NO3 vs COG0199
2025-03-11 19:05:22.015789 DEBUG::`geom_smooth()` using formula = 'y ~ x'
2025-03-11 19:05:22.033298 INFO::Creating scatter plot for continuous data, log_NO2NO3 vs COG1666
2025-03-11 19:05:22.337998 DEBUG::`geom_smooth()` using formula = 'y ~ x'
2025-03-11 19:05:22.353163 INFO::Creating scatter plot for continuous data, log_NO2NO3 vs COG0251
2025-03-11 19:05:22.667885 DEBUG::`geom_smooth()` using formula = 'y ~ x'
2025-03-11 19:05:22.683131 INFO::Creating scatter plot for continuous data, log_NO2NO3 vs COG0759
2025-03-11 19:05:22.981969 DEBUG::`geom_smooth()` using formula = 'y ~ x'
2025-03-11 19:05:22.99684 INFO::Creating scatter plot for continuous data, log_NO2NO3 vs COG2213
2025-03-11 19:05:23.324677 DEBUG::`geom_smooth()` using formula = 'y ~ x'
2025-03-11 19:05:23.339294 INFO::Creating scatter plot for continuous data, log_NO2NO3 vs COG1140
2025-03-11 19:05:23.633254 DEBUG::`geom_smooth()` using formula = 'y ~ x'
2025-03-11 19:05:23.648081 INFO::Creating scatter plot for continuous data, log_NO2NO3 vs COG1878
2025-03-11 19:05:23.942741 DEBUG::`geom_smooth()` using formula = 'y ~ x'
2025-03-11 19:05:23.959387 INFO::Creating scatter plot for continuous data, log_NO2NO3 vs COG4294
2025-03-11 19:05:24.288573 DEBUG::`geom_smooth()` using formula = 'y ~ x'
2025-03-11 19:05:24.303465 INFO::Creating scatter plot for continuous data, log_NO2NO3 vs COG2356
2025-03-11 19:05:24.596275 DEBUG::`geom_smooth()` using formula = 'y ~ x'
2025-03-11 19:05:24.612709 INFO::Creating scatter plot for continuous data, log_NO2NO3 vs COG0295
2025-03-11 19:05:24.916264 DEBUG::`geom_smooth()` using formula = 'y ~ x'
2025-03-11 19:05:24.931344 INFO::Creating scatter plot for continuous data, log_NO2NO3 vs COG1580
2025-03-11 19:05:25.244682 DEBUG::`geom_smooth()` using formula = 'y ~ x'
2025-03-11 19:05:25.259088 INFO::Creating scatter plot for continuous data, log_NO2NO3 vs COG2607
2025-03-11 19:05:25.576656 DEBUG::`geom_smooth()` using formula = 'y ~ x'
2025-03-11 19:05:25.59245 INFO::Creating scatter plot for continuous data, log_NO2NO3 vs COG0264
2025-03-11 19:05:25.899713 DEBUG::`geom_smooth()` using formula = 'y ~ x'
2025-03-11 19:05:25.914726 INFO::Creating scatter plot for continuous data, log_NO2NO3 vs COG0323
2025-03-11 19:05:26.211762 DEBUG::`geom_smooth()` using formula = 'y ~ x'
2025-03-11 19:05:26.226513 INFO::Creating scatter plot for continuous data, log_NO2NO3 vs COG1556
2025-03-11 19:05:26.557156 DEBUG::`geom_smooth()` using formula = 'y ~ x'
2025-03-11 19:05:26.572438 INFO::Creating scatter plot for continuous data, log_NO2NO3 vs COG2914
2025-03-11 19:05:26.867394 DEBUG::`geom_smooth()` using formula = 'y ~ x'
2025-03-11 19:05:26.883067 INFO::Creating scatter plot for continuous data, log_NO2NO3 vs COG3735
2025-03-11 19:05:27.172893 DEBUG::`geom_smooth()` using formula = 'y ~ x'
2025-03-11 19:05:27.197483 INFO::Creating scatter plot for continuous data, log_NO2NO3 vs COG1754
2025-03-11 19:05:27.52969 DEBUG::`geom_smooth()` using formula = 'y ~ x'
2025-03-11 19:05:27.544685 INFO::Creating scatter plot for continuous data, log_NO2NO3 vs COG0536
2025-03-11 19:05:27.847701 DEBUG::`geom_smooth()` using formula = 'y ~ x'
2025-03-11 19:05:27.863426 INFO::Creating scatter plot for continuous data, log_NO2NO3 vs COG4262
2025-03-11 19:05:28.160632 DEBUG::`geom_smooth()` using formula = 'y ~ x'
2025-03-11 19:05:28.175895 INFO::Creating scatter plot for continuous data, log_NO2NO3 vs COG3079
2025-03-11 19:05:28.500675 DEBUG::`geom_smooth()` using formula = 'y ~ x'
2025-03-11 19:05:28.515269 INFO::Creating scatter plot for continuous data, log_NO2NO3 vs COG3279
2025-03-11 19:05:28.806399 DEBUG::`geom_smooth()` using formula = 'y ~ x'
2025-03-11 19:05:28.826284 INFO::Creating scatter plot for continuous data, log_NO2NO3 vs COG3593
2025-03-11 19:05:29.118933 DEBUG::`geom_smooth()` using formula = 'y ~ x'
2025-03-11 19:05:29.134015 INFO::Creating scatter plot for continuous data, log_NO2NO3 vs COG3128
2025-03-11 19:05:29.440235 DEBUG::`geom_smooth()` using formula = 'y ~ x'
2025-03-11 19:05:29.455137 INFO::Creating scatter plot for continuous data, log_NO2NO3 vs COG4485
2025-03-11 19:05:29.792265 DEBUG::`geom_smooth()` using formula = 'y ~ x'
2025-03-11 19:05:29.807418 INFO::Creating scatter plot for continuous data, log_NO2NO3 vs COG0825
2025-03-11 19:05:30.111162 DEBUG::`geom_smooth()` using formula = 'y ~ x'
2025-03-11 19:05:30.127393 INFO::Creating scatter plot for continuous data, log_NO2NO3 vs COG2976
2025-03-11 19:05:30.416166 DEBUG::`geom_smooth()` using formula = 'y ~ x'
2025-03-11 19:05:30.431348 INFO::Creating scatter plot for continuous data, log_NO2NO3 vs COG2233
2025-03-11 19:05:30.764787 DEBUG::`geom_smooth()` using formula = 'y ~ x'
2025-03-11 19:05:30.780048 INFO::Creating scatter plot for continuous data, log_NO2NO3 vs COG4230
2025-03-11 19:05:31.067713 DEBUG::`geom_smooth()` using formula = 'y ~ x'
2025-03-11 19:05:31.082627 INFO::Creating scatter plot for continuous data, log_NO2NO3 vs COG2838
2025-03-11 19:05:31.391455 DEBUG::`geom_smooth()` using formula = 'y ~ x'
2025-03-11 19:05:31.413595 INFO::Creating scatter plot for continuous data, log_NO2NO3 vs COG4956
2025-03-11 19:05:31.738236 DEBUG::`geom_smooth()` using formula = 'y ~ x'
2025-03-11 19:05:31.753837 INFO::Creating scatter plot for continuous data, log_NO2NO3 vs COG5557
2025-03-11 19:05:32.048875 DEBUG::`geom_smooth()` using formula = 'y ~ x'
2025-03-11 19:05:32.063461 INFO::Creating scatter plot for continuous data, log_NO2NO3 vs COG0324
2025-03-11 19:05:32.396362 DEBUG::`geom_smooth()` using formula = 'y ~ x'
2025-03-11 19:05:32.423613 INFO::Creating scatter plot for continuous data, log_NO2NO3 vs COG3530
2025-03-11 19:05:32.748723 DEBUG::`geom_smooth()` using formula = 'y ~ x'
2025-03-11 19:05:32.774642 INFO::Creating scatter plot for continuous data, log_NO2NO3 vs COG4034
2025-03-11 19:05:33.096684 DEBUG::`geom_smooth()` using formula = 'y ~ x'
2025-03-11 19:05:33.112123 INFO::Creating scatter plot for continuous data, log_NO2NO3 vs COG0500
2025-03-11 19:05:33.403881 DEBUG::`geom_smooth()` using formula = 'y ~ x'
2025-03-11 19:05:33.423481 INFO::Creating scatter plot for continuous data, log_NO2NO3 vs COG2812
2025-03-11 19:05:33.718868 DEBUG::`geom_smooth()` using formula = 'y ~ x'
2025-03-11 19:05:33.734147 INFO::Creating scatter plot for continuous data, log_NO2NO3 vs COG4585
2025-03-11 19:05:34.061169 DEBUG::`geom_smooth()` using formula = 'y ~ x'
2025-03-11 19:05:34.080297 INFO::Creating scatter plot for continuous data, log_NO2NO3 vs COG0566
2025-03-11 19:05:34.378258 DEBUG::`geom_smooth()` using formula = 'y ~ x'
2025-03-11 19:05:34.393947 INFO::Creating scatter plot for continuous data, log_NO2NO3 vs COG0238
2025-03-11 19:05:34.703685 DEBUG::`geom_smooth()` using formula = 'y ~ x'
2025-03-11 19:05:34.719196 INFO::Creating scatter plot for continuous data, log_NO2NO3 vs COG4266
2025-03-11 19:05:35.052751 DEBUG::`geom_smooth()` using formula = 'y ~ x'
2025-03-11 19:05:35.068097 INFO::Creating scatter plot for continuous data, log_NO2NO3 vs COG1541
2025-03-11 19:05:35.36591 DEBUG::`geom_smooth()` using formula = 'y ~ x'
2025-03-11 19:05:35.382181 INFO::Creating scatter plot for continuous data, log_NO2NO3 vs COG5579
2025-03-11 19:05:35.675767 DEBUG::`geom_smooth()` using formula = 'y ~ x'
2025-03-11 19:05:35.690381 INFO::Creating scatter plot for continuous data, log_NO2NO3 vs COG0653
2025-03-11 19:05:36.032291 DEBUG::`geom_smooth()` using formula = 'y ~ x'
2025-03-11 19:05:36.04776 INFO::Creating scatter plot for continuous data, log_NO2NO3 vs COG2210
2025-03-11 19:05:36.347611 DEBUG::`geom_smooth()` using formula = 'y ~ x'
2025-03-11 19:05:36.372095 INFO::Creating scatter plot for continuous data, log_NO2NO3 vs COG1246
2025-03-11 19:05:36.676284 DEBUG::`geom_smooth()` using formula = 'y ~ x'
2025-03-11 19:05:36.691128 INFO::Creating scatter plot for continuous data, log_NO2NO3 vs COG0812
2025-03-11 19:05:37.020155 DEBUG::`geom_smooth()` using formula = 'y ~ x'
2025-03-11 19:05:37.042299 INFO::Creating scatter plot for continuous data, log_NO2NO3 vs COG0850
2025-03-11 19:05:37.339167 DEBUG::`geom_smooth()` using formula = 'y ~ x'
2025-03-11 19:05:37.355765 INFO::Creating scatter plot for continuous data, log_NO2NO3 vs COG0433
2025-03-11 19:05:37.655215 DEBUG::`geom_smooth()` using formula = 'y ~ x'
2025-03-11 19:05:37.680517 INFO::Creating scatter plot for continuous data, log_NO2NO3 vs COG1429
2025-03-11 19:05:37.998853 DEBUG::`geom_smooth()` using formula = 'y ~ x'
2025-03-11 19:05:38.01477 INFO::Creating scatter plot for continuous data, log_NO2NO3 vs COG2980
2025-03-11 19:05:38.320333 DEBUG::`geom_smooth()` using formula = 'y ~ x'
2025-03-11 19:05:38.336114 INFO::Creating scatter plot for continuous data, log_NO2NO3 vs COG3367
2025-03-11 19:05:38.634138 DEBUG::`geom_smooth()` using formula = 'y ~ x'
2025-03-11 19:05:38.648995 INFO::Creating scatter plot for continuous data, log_NO2NO3 vs COG4750
2025-03-11 19:05:38.952783 DEBUG::`geom_smooth()` using formula = 'y ~ x'
2025-03-11 19:05:38.974072 INFO::Creating scatter plot for continuous data, log_NO2NO3 vs COG0033
2025-03-11 19:05:39.305559 DEBUG::`geom_smooth()` using formula = 'y ~ x'
2025-03-11 19:05:39.32073 INFO::Creating scatter plot for continuous data, log_NO2NO3 vs COG0337
2025-03-11 19:05:39.616126 DEBUG::`geom_smooth()` using formula = 'y ~ x'
2025-03-11 19:05:39.631006 INFO::Creating scatter plot for continuous data, log_NO2NO3 vs COG0749
2025-03-11 19:05:39.932361 DEBUG::`geom_smooth()` using formula = 'y ~ x'
2025-03-11 19:05:39.947183 INFO::Creating scatter plot for continuous data, log_NO2NO3 vs COG2988
2025-03-11 19:05:40.269509 DEBUG::`geom_smooth()` using formula = 'y ~ x'
2025-03-11 19:05:40.284768 INFO::Creating scatter plot for continuous data, log_NO2NO3 vs COG4251
2025-03-11 19:05:40.588214 DEBUG::`geom_smooth()` using formula = 'y ~ x'
2025-03-11 19:05:40.603625 INFO::Creating scatter plot for continuous data, log_NO2NO3 vs COG3227
2025-03-11 19:05:40.902009 DEBUG::`geom_smooth()` using formula = 'y ~ x'
2025-03-11 19:05:40.915668 INFO::Creating scatter plot for continuous data, log_NO2NO3 vs COG0043
2025-03-11 19:05:41.245161 DEBUG::`geom_smooth()` using formula = 'y ~ x'
2025-03-11 19:05:41.260449 INFO::Creating scatter plot for continuous data, log_NO2NO3 vs COG3716
2025-03-11 19:05:41.556962 DEBUG::`geom_smooth()` using formula = 'y ~ x'
2025-03-11 19:05:41.572468 INFO::Creating scatter plot for continuous data, log_NO2NO3 vs COG1521
2025-03-11 19:05:41.871275 DEBUG::`geom_smooth()` using formula = 'y ~ x'
2025-03-11 19:05:41.886398 INFO::Creating scatter plot for continuous data, log_NO2NO3 vs COG3358
2025-03-11 19:05:42.219018 DEBUG::`geom_smooth()` using formula = 'y ~ x'
2025-03-11 19:05:42.280283 INFO::Creating scatter plot for continuous data, log_NO2NO3 vs COG1040
2025-03-11 19:05:42.57775 DEBUG::`geom_smooth()` using formula = 'y ~ x'
2025-03-11 19:05:42.593787 INFO::Creating scatter plot for continuous data, log_NO2NO3 vs COG0053
2025-03-11 19:05:42.899941 DEBUG::`geom_smooth()` using formula = 'y ~ x'
2025-03-11 19:05:42.924148 INFO::Creating scatter plot for continuous data, log_NO2NO3 vs COG0357
2025-03-11 19:05:43.345447 DEBUG::`geom_smooth()` using formula = 'y ~ x'
2025-03-11 19:05:43.360877 INFO::Creating scatter plot for continuous data, log_NO2NO3 vs COG1528
2025-03-11 19:05:43.675023 DEBUG::`geom_smooth()` using formula = 'y ~ x'
2025-03-11 19:05:43.690449 INFO::Creating scatter plot for continuous data, log_NO2NO3 vs COG4487
2025-03-11 19:05:44.012485 DEBUG::`geom_smooth()` using formula = 'y ~ x'
2025-03-11 19:05:44.028154 INFO::Creating scatter plot for continuous data, log_NO2NO3 vs COG1774
2025-03-11 19:05:44.350971 DEBUG::`geom_smooth()` using formula = 'y ~ x'
2025-03-11 19:05:44.366661 INFO::Creating scatter plot for continuous data, log_NO2NO3 vs COG0654
2025-03-11 19:05:44.690221 DEBUG::`geom_smooth()` using formula = 'y ~ x'
2025-03-11 19:05:44.70574 INFO::Creating scatter plot for continuous data, log_NO2NO3 vs COG2894
2025-03-11 19:05:45.01242 DEBUG::`geom_smooth()` using formula = 'y ~ x'
2025-03-11 19:05:45.0276 INFO::Creating scatter plot for continuous data, log_NO2NO3 vs COG3382
2025-03-11 19:05:45.329294 DEBUG::`geom_smooth()` using formula = 'y ~ x'
2025-03-11 19:05:45.344752 INFO::Creating scatter plot for continuous data, log_NO2NO3 vs COG0619
2025-03-11 19:05:45.670507 DEBUG::`geom_smooth()` using formula = 'y ~ x'
2025-03-11 19:05:45.685382 INFO::Creating scatter plot for continuous data, log_NO2NO3 vs COG1830
2025-03-11 19:05:45.986611 DEBUG::`geom_smooth()` using formula = 'y ~ x'
2025-03-11 19:05:46.002268 INFO::Creating scatter plot for continuous data, log_NO2NO3 vs COG2271
2025-03-11 19:05:46.297518 DEBUG::`geom_smooth()` using formula = 'y ~ x'
2025-03-11 19:05:46.31788 INFO::Creating scatter plot for continuous data, log_NO2NO3 vs COG0757
2025-03-11 19:05:46.643457 DEBUG::`geom_smooth()` using formula = 'y ~ x'
2025-03-11 19:05:46.658553 INFO::Creating scatter plot for continuous data, log_NO2NO3 vs COG1792
2025-03-11 19:05:46.960329 DEBUG::`geom_smooth()` using formula = 'y ~ x'
2025-03-11 19:05:46.975209 INFO::Creating scatter plot for continuous data, log_NO2NO3 vs COG0622
2025-03-11 19:05:47.279862 DEBUG::`geom_smooth()` using formula = 'y ~ x'
2025-03-11 19:05:47.293437 INFO::Creating scatter plot for continuous data, log_NO2NO3 vs COG3264
2025-03-11 19:05:47.590497 DEBUG::`geom_smooth()` using formula = 'y ~ x'
2025-03-11 19:05:47.610069 INFO::Creating scatter plot for continuous data, log_NO2NO3 vs COG1398
2025-03-11 19:05:47.94814 DEBUG::`geom_smooth()` using formula = 'y ~ x'
2025-03-11 19:05:47.974374 INFO::Creating scatter plot for continuous data, log_NO2NO3 vs COG0815
2025-03-11 19:05:48.287363 DEBUG::`geom_smooth()` using formula = 'y ~ x'
2025-03-11 19:05:48.302375 INFO::Creating scatter plot for continuous data, log_NO2NO3 vs COG0354
2025-03-11 19:05:48.60358 DEBUG::`geom_smooth()` using formula = 'y ~ x'
2025-03-11 19:05:48.624351 INFO::Creating scatter plot for continuous data, log_NO2NO3 vs COG2009
2025-03-11 19:05:48.953581 DEBUG::`geom_smooth()` using formula = 'y ~ x'
2025-03-11 19:05:48.969127 INFO::Creating scatter plot for continuous data, log_NO2NO3 vs COG0437
2025-03-11 19:05:49.278886 DEBUG::`geom_smooth()` using formula = 'y ~ x'
2025-03-11 19:05:49.29773 INFO::Creating scatter plot for continuous data, log_NO2NO3 vs COG0229
2025-03-11 19:05:49.601143 DEBUG::`geom_smooth()` using formula = 'y ~ x'
2025-03-11 19:05:49.616344 INFO::Creating scatter plot for continuous data, log_NO2NO3 vs COG3730
2025-03-11 19:05:49.949271 DEBUG::`geom_smooth()` using formula = 'y ~ x'
2025-03-11 19:05:49.965014 INFO::Creating scatter plot for continuous data, log_NO2NO3 vs COG4401
2025-03-11 19:05:50.258956 DEBUG::`geom_smooth()` using formula = 'y ~ x'
2025-03-11 19:05:50.274259 INFO::Creating scatter plot for continuous data, log_NO2NO3 vs COG3490
2025-03-11 19:05:50.585986 DEBUG::`geom_smooth()` using formula = 'y ~ x'
2025-03-11 19:05:50.600847 INFO::Creating scatter plot for continuous data, log_NO2NO3 vs COG0171
2025-03-11 19:05:50.916399 DEBUG::`geom_smooth()` using formula = 'y ~ x'
2025-03-11 19:05:50.931035 INFO::Creating scatter plot for continuous data, log_NO2NO3 vs COG0791
2025-03-11 19:05:51.231143 DEBUG::`geom_smooth()` using formula = 'y ~ x'
2025-03-11 19:05:51.246034 INFO::Creating scatter plot for continuous data, log_NO2NO3 vs COG5590
2025-03-11 19:05:51.551729 DEBUG::`geom_smooth()` using formula = 'y ~ x'
2025-03-11 19:05:51.566032 INFO::Creating scatter plot for continuous data, log_NO2NO3 vs COG0194
2025-03-11 19:05:51.867475 DEBUG::`geom_smooth()` using formula = 'y ~ x'
2025-03-11 19:05:51.882483 INFO::Creating scatter plot for continuous data, log_NO2NO3 vs COG2368
2025-03-11 19:05:52.198496 DEBUG::`geom_smooth()` using formula = 'y ~ x'
2025-03-11 19:05:52.214013 INFO::Creating scatter plot for continuous data, log_NO2NO3 vs COG1611
2025-03-11 19:05:52.517162 DEBUG::`geom_smooth()` using formula = 'y ~ x'
2025-03-11 19:05:52.538124 INFO::Creating scatter plot for continuous data, log_NO2NO3 vs COG4327
2025-03-11 19:05:52.837129 DEBUG::`geom_smooth()` using formula = 'y ~ x'
2025-03-11 19:05:52.864643 INFO::Creating scatter plot for continuous data, log_NO2NO3 vs COG3328
2025-03-11 19:05:53.189291 DEBUG::`geom_smooth()` using formula = 'y ~ x'
2025-03-11 19:05:53.204882 INFO::Creating scatter plot for continuous data, log_NO2NO3 vs COG0077
2025-03-11 19:05:53.514979 DEBUG::`geom_smooth()` using formula = 'y ~ x'
2025-03-11 19:05:53.530084 INFO::Creating scatter plot for continuous data, log_NO2NO3 vs COG4395
2025-03-11 19:05:53.82919 DEBUG::`geom_smooth()` using formula = 'y ~ x'
2025-03-11 19:05:53.844512 INFO::Creating scatter plot for continuous data, log_NO2NO3 vs COG0694
2025-03-11 19:05:54.179382 DEBUG::`geom_smooth()` using formula = 'y ~ x'
2025-03-11 19:05:54.198032 INFO::Creating scatter plot for continuous data, log_NO2NO3 vs COG0188
2025-03-11 19:05:54.496997 DEBUG::`geom_smooth()` using formula = 'y ~ x'
2025-03-11 19:05:54.512341 INFO::Creating scatter plot for continuous data, log_NO2NO3 vs COG4946
2025-03-11 19:05:54.814655 DEBUG::`geom_smooth()` using formula = 'y ~ x'
2025-03-11 19:05:54.829684 INFO::Creating scatter plot for continuous data, log_NO2NO3 vs COG0193
2025-03-11 19:05:55.141711 DEBUG::`geom_smooth()` using formula = 'y ~ x'
2025-03-11 19:05:55.160029 INFO::Creating scatter plot for continuous data, log_NO2NO3 vs COG0276
2025-03-11 19:05:55.463247 DEBUG::`geom_smooth()` using formula = 'y ~ x'
2025-03-11 19:05:55.47845 INFO::Creating scatter plot for continuous data, log_NO2NO3 vs COG0687
2025-03-11 19:05:55.786855 DEBUG::`geom_smooth()` using formula = 'y ~ x'
2025-03-11 19:05:55.802728 INFO::Creating scatter plot for continuous data, log_NO2NO3 vs COG0452
2025-03-11 19:05:56.092871 DEBUG::`geom_smooth()` using formula = 'y ~ x'
2025-03-11 19:05:56.107751 INFO::Creating scatter plot for continuous data, log_NO2NO3 vs COG0691
2025-03-11 19:05:56.437455 DEBUG::`geom_smooth()` using formula = 'y ~ x'
2025-03-11 19:05:56.456449 INFO::Creating scatter plot for continuous data, log_NO2NO3 vs COG3275
2025-03-11 19:05:56.765705 DEBUG::`geom_smooth()` using formula = 'y ~ x'
2025-03-11 19:05:56.780596 INFO::Creating scatter plot for continuous data, log_NO2NO3 vs COG1496
2025-03-11 19:05:57.085597 DEBUG::`geom_smooth()` using formula = 'y ~ x'
2025-03-11 19:05:57.100725 INFO::Creating scatter plot for continuous data, log_NO2NO3 vs COG0107
2025-03-11 19:05:57.429472 DEBUG::`geom_smooth()` using formula = 'y ~ x'
2025-03-11 19:05:57.454916 INFO::Creating scatter plot for continuous data, log_NO2NO3 vs COG2076
2025-03-11 19:05:57.868423 DEBUG::`geom_smooth()` using formula = 'y ~ x'
2025-03-11 19:05:57.894435 INFO::Creating scatter plot for continuous data, log_NO2NO3 vs COG0285
2025-03-11 19:05:58.210542 DEBUG::`geom_smooth()` using formula = 'y ~ x'
2025-03-11 19:05:58.238298 INFO::Creating scatter plot for continuous data, log_NO2NO3 vs COG0307
2025-03-11 19:05:58.566405 DEBUG::`geom_smooth()` using formula = 'y ~ x'
2025-03-11 19:05:58.581691 INFO::Creating scatter plot for continuous data, log_NO2NO3 vs COG3787
2025-03-11 19:05:58.882407 DEBUG::`geom_smooth()` using formula = 'y ~ x'
2025-03-11 19:05:58.897681 INFO::Creating scatter plot for continuous data, log_NO2NO3 vs COG0854
2025-03-11 19:05:59.194578 DEBUG::`geom_smooth()` using formula = 'y ~ x'
2025-03-11 19:05:59.209045 INFO::Creating scatter plot for continuous data, log_NO2NO3 vs COG1978
2025-03-11 19:05:59.53977 DEBUG::`geom_smooth()` using formula = 'y ~ x'
2025-03-11 19:05:59.554899 INFO::Creating scatter plot for continuous data, log_NO2NO3 vs COG0118
2025-03-11 19:05:59.864905 DEBUG::`geom_smooth()` using formula = 'y ~ x'
2025-03-11 19:05:59.881775 INFO::Creating scatter plot for continuous data, log_NO2NO3 vs COG2715
2025-03-11 19:06:00.177428 DEBUG::`geom_smooth()` using formula = 'y ~ x'
2025-03-11 19:06:00.192433 INFO::Creating scatter plot for continuous data, log_NO2NO3 vs COG1027
2025-03-11 19:06:00.522431 DEBUG::`geom_smooth()` using formula = 'y ~ x'
2025-03-11 19:06:00.53731 INFO::Creating scatter plot for continuous data, log_NO2NO3 vs COG2252
2025-03-11 19:06:00.837138 DEBUG::`geom_smooth()` using formula = 'y ~ x'
2025-03-11 19:06:00.852559 INFO::Creating scatter plot for continuous data, log_NO2NO3 vs COG1304
2025-03-11 19:06:01.166177 DEBUG::`geom_smooth()` using formula = 'y ~ x'
2025-03-11 19:06:01.181782 INFO::Creating scatter plot for continuous data, log_NO2NO3 vs COG3165
2025-03-11 19:06:01.488724 DEBUG::`geom_smooth()` using formula = 'y ~ x'
2025-03-11 19:06:01.503937 INFO::Creating scatter plot for continuous data, log_NO2NO3 vs COG3071
2025-03-11 19:06:01.828352 DEBUG::`geom_smooth()` using formula = 'y ~ x'
2025-03-11 19:06:01.8439 INFO::Creating scatter plot for continuous data, log_NO2NO3 vs COG0799
2025-03-11 19:06:02.153209 DEBUG::`geom_smooth()` using formula = 'y ~ x'
2025-03-11 19:06:02.174823 INFO::Creating scatter plot for continuous data, log_NO2NO3 vs COG0703
2025-03-11 19:06:02.481 DEBUG::`geom_smooth()` using formula = 'y ~ x'
2025-03-11 19:06:02.496249 INFO::Creating scatter plot for continuous data, log_NO2NO3 vs COG1145
2025-03-11 19:06:02.828596 DEBUG::`geom_smooth()` using formula = 'y ~ x'
2025-03-11 19:06:02.849896 INFO::Creating scatter plot for continuous data, log_NO2NO3 vs COG1444
2025-03-11 19:06:03.151147 DEBUG::`geom_smooth()` using formula = 'y ~ x'
2025-03-11 19:06:03.166245 INFO::Creating scatter plot for continuous data, log_NO2NO3 vs COG1060
2025-03-11 19:06:03.475611 DEBUG::`geom_smooth()` using formula = 'y ~ x'
2025-03-11 19:06:03.491465 INFO::Creating scatter plot for continuous data, log_NO2NO3 vs COG1579
2025-03-11 19:06:03.825085 DEBUG::`geom_smooth()` using formula = 'y ~ x'
2025-03-11 19:06:03.840048 INFO::Creating scatter plot for continuous data, log_NO2NO3 vs COG0222
2025-03-11 19:06:04.142016 DEBUG::`geom_smooth()` using formula = 'y ~ x'
2025-03-11 19:06:04.159322 INFO::Creating scatter plot for continuous data, log_NO2NO3 vs COG3732
2025-03-11 19:06:04.463927 DEBUG::`geom_smooth()` using formula = 'y ~ x'
2025-03-11 19:06:04.479021 INFO::Creating scatter plot for continuous data, log_NO2NO3 vs COG5423
2025-03-11 19:06:04.815903 DEBUG::`geom_smooth()` using formula = 'y ~ x'
2025-03-11 19:06:04.831214 INFO::Creating scatter plot for continuous data, log_NO2NO3 vs COG0338
2025-03-11 19:06:05.131649 DEBUG::`geom_smooth()` using formula = 'y ~ x'
2025-03-11 19:06:05.146775 INFO::Creating scatter plot for continuous data, log_NO2NO3 vs COG2896
2025-03-11 19:06:05.440661 DEBUG::`geom_smooth()` using formula = 'y ~ x'
2025-03-11 19:06:05.456248 INFO::Creating scatter plot for continuous data, log_NO2NO3 vs COG1453
2025-03-11 19:06:05.830487 DEBUG::`geom_smooth()` using formula = 'y ~ x'
2025-03-11 19:06:05.845606 INFO::Creating scatter plot for continuous data, log_NO2NO3 vs COG1490
2025-03-11 19:06:06.140137 DEBUG::`geom_smooth()` using formula = 'y ~ x'
2025-03-11 19:06:06.153198 INFO::Creating scatter plot for continuous data, log_NO2NO3 vs COG0772
2025-03-11 19:06:06.449574 DEBUG::`geom_smooth()` using formula = 'y ~ x'
2025-03-11 19:06:06.468498 INFO::Creating scatter plot for continuous data, log_NO2NO3 vs COG0486
2025-03-11 19:06:06.794889 DEBUG::`geom_smooth()` using formula = 'y ~ x'
2025-03-11 19:06:06.808439 INFO::Creating scatter plot for continuous data, log_NO2NO3 vs COG2421
2025-03-11 19:06:07.121885 DEBUG::`geom_smooth()` using formula = 'y ~ x'
2025-03-11 19:06:07.205747 INFO::Creating scatter plot for continuous data, log_NO2NO3 vs COG4091
2025-03-11 19:06:07.519974 DEBUG::`geom_smooth()` using formula = 'y ~ x'
2025-03-11 19:06:07.541083 INFO::Creating scatter plot for continuous data, log_NO2NO3 vs COG4338
2025-03-11 19:06:07.835013 DEBUG::`geom_smooth()` using formula = 'y ~ x'
2025-03-11 19:06:07.850908 INFO::Creating scatter plot for continuous data, log_NO2NO3 vs COG0108
2025-03-11 19:06:08.222449 DEBUG::`geom_smooth()` using formula = 'y ~ x'
2025-03-11 19:06:08.246124 INFO::Creating scatter plot for continuous data, log_NO2NO3 vs COG2912
2025-03-11 19:06:08.554228 DEBUG::`geom_smooth()` using formula = 'y ~ x'
2025-03-11 19:06:08.569777 INFO::Creating scatter plot for continuous data, log_NO2NO3 vs COG0637
2025-03-11 19:06:08.873487 DEBUG::`geom_smooth()` using formula = 'y ~ x'
2025-03-11 19:06:08.888968 INFO::Creating scatter plot for continuous data, log_NO2NO3 vs COG2339
2025-03-11 19:06:09.223002 DEBUG::`geom_smooth()` using formula = 'y ~ x'
2025-03-11 19:06:09.237836 INFO::Creating scatter plot for continuous data, log_NO2NO3 vs COG0467
2025-03-11 19:06:09.541125 DEBUG::`geom_smooth()` using formula = 'y ~ x'
2025-03-11 19:06:09.556323 INFO::Creating scatter plot for continuous data, log_NO2NO3 vs COG3115
2025-03-11 19:06:09.863432 DEBUG::`geom_smooth()` using formula = 'y ~ x'
2025-03-11 19:06:09.878398 INFO::Creating scatter plot for continuous data, log_NO2NO3 vs COG0103
2025-03-11 19:06:10.210461 DEBUG::`geom_smooth()` using formula = 'y ~ x'
2025-03-11 19:06:10.225752 INFO::Creating scatter plot for continuous data, log_NO2NO3 vs COG2240
2025-03-11 19:06:10.540541 DEBUG::`geom_smooth()` using formula = 'y ~ x'
2025-03-11 19:06:10.562828 INFO::Creating scatter plot for continuous data, log_NO2NO3 vs COG1233
2025-03-11 19:06:10.864455 DEBUG::`geom_smooth()` using formula = 'y ~ x'
2025-03-11 19:06:10.879654 INFO::Creating scatter plot for continuous data, log_NO2NO3 vs COG2333
2025-03-11 19:06:11.187094 DEBUG::`geom_smooth()` using formula = 'y ~ x'
2025-03-11 19:06:11.20252 INFO::Creating scatter plot for continuous data, log_NO2NO3 vs COG4147
2025-03-11 19:06:11.536718 DEBUG::`geom_smooth()` using formula = 'y ~ x'
2025-03-11 19:06:11.560313 INFO::Creating scatter plot for continuous data, log_NO2NO3 vs COG0341
2025-03-11 19:06:11.857141 DEBUG::`geom_smooth()` using formula = 'y ~ x'
2025-03-11 19:06:11.875478 INFO::Creating scatter plot for continuous data, log_NO2NO3 vs COG0254
2025-03-11 19:06:12.177993 DEBUG::`geom_smooth()` using formula = 'y ~ x'
2025-03-11 19:06:12.200398 INFO::Creating scatter plot for continuous data, log_NO2NO3 vs COG3340
2025-03-11 19:06:12.536689 DEBUG::`geom_smooth()` using formula = 'y ~ x'
2025-03-11 19:06:12.553453 INFO::Creating scatter plot for continuous data, log_NO2NO3 vs COG3468
2025-03-11 19:06:12.863058 DEBUG::`geom_smooth()` using formula = 'y ~ x'
2025-03-11 19:06:12.88061 INFO::Creating scatter plot for continuous data, log_NO2NO3 vs COG0790
2025-03-11 19:06:13.189007 DEBUG::`geom_smooth()` using formula = 'y ~ x'
2025-03-11 19:06:13.215642 INFO::Creating scatter plot for continuous data, log_NO2NO3 vs COG4280
2025-03-11 19:06:13.564208 DEBUG::`geom_smooth()` using formula = 'y ~ x'
2025-03-11 19:06:13.579713 INFO::Creating scatter plot for continuous data, log_NO2NO3 vs COG0156
2025-03-11 19:06:13.896754 DEBUG::`geom_smooth()` using formula = 'y ~ x'
2025-03-11 19:06:13.918165 INFO::Creating scatter plot for continuous data, log_NO2NO3 vs COG0569
2025-03-11 19:06:14.228879 DEBUG::`geom_smooth()` using formula = 'y ~ x'
2025-03-11 19:06:14.244652 INFO::Creating scatter plot for continuous data, log_NO2NO3 vs COG1628
2025-03-11 19:06:14.565672 DEBUG::`geom_smooth()` using formula = 'y ~ x'
2025-03-11 19:06:14.590076 INFO::Creating scatter plot for continuous data, log_NO2NO3 vs COG0677
2025-03-11 19:06:14.903145 DEBUG::`geom_smooth()` using formula = 'y ~ x'
2025-03-11 19:06:14.918743 INFO::Creating scatter plot for continuous data, log_NO2NO3 vs COG1154
2025-03-11 19:06:15.227865 DEBUG::`geom_smooth()` using formula = 'y ~ x'
2025-03-11 19:06:15.243139 INFO::Creating scatter plot for continuous data, log_NO2NO3 vs COG0803
2025-03-11 19:06:15.538362 DEBUG::`geom_smooth()` using formula = 'y ~ x'
2025-03-11 19:06:15.553374 INFO::Creating scatter plot for continuous data, log_NO2NO3 vs COG3977
2025-03-11 19:06:15.896968 DEBUG::`geom_smooth()` using formula = 'y ~ x'
2025-03-11 19:06:15.911857 INFO::Creating scatter plot for continuous data, log_NO2NO3 vs COG0181
2025-03-11 19:06:16.221813 DEBUG::`geom_smooth()` using formula = 'y ~ x'
2025-03-11 19:06:16.236743 INFO::Creating scatter plot for continuous data, log_NO2NO3 vs COG4807
2025-03-11 19:06:16.539259 DEBUG::`geom_smooth()` using formula = 'y ~ x'
2025-03-11 19:06:16.554837 INFO::Creating scatter plot for continuous data, log_NO2NO3 vs COG1021
2025-03-11 19:06:16.897975 DEBUG::`geom_smooth()` using formula = 'y ~ x'
2025-03-11 19:06:16.913332 INFO::Creating scatter plot for continuous data, log_NO2NO3 vs COG0416
2025-03-11 19:06:17.223772 DEBUG::`geom_smooth()` using formula = 'y ~ x'
2025-03-11 19:06:17.246699 INFO::Creating scatter plot for continuous data, log_NO2NO3 vs COG0589
2025-03-11 19:06:17.558445 DEBUG::`geom_smooth()` using formula = 'y ~ x'
2025-03-11 19:06:17.574075 INFO::Creating scatter plot for continuous data, log_NO2NO3 vs COG1947
2025-03-11 19:06:17.917141 DEBUG::`geom_smooth()` using formula = 'y ~ x'
2025-03-11 19:06:17.938155 INFO::Creating scatter plot for continuous data, log_NO2NO3 vs COG3592
2025-03-11 19:06:18.242475 DEBUG::`geom_smooth()` using formula = 'y ~ x'
2025-03-11 19:06:18.263146 INFO::Creating scatter plot for continuous data, log_NO2NO3 vs COG1328
2025-03-11 19:06:18.565778 DEBUG::`geom_smooth()` using formula = 'y ~ x'
2025-03-11 19:06:18.59147 INFO::Creating scatter plot for continuous data, log_NO2NO3 vs COG1176
2025-03-11 19:06:18.923845 DEBUG::`geom_smooth()` using formula = 'y ~ x'
2025-03-11 19:06:18.939434 INFO::Creating scatter plot for continuous data, log_NO2NO3 vs COG4628
2025-03-11 19:06:19.253849 DEBUG::`geom_smooth()` using formula = 'y ~ x'
2025-03-11 19:06:19.274267 INFO::Creating scatter plot for continuous data, log_NO2NO3 vs COG3731
2025-03-11 19:06:19.576728 DEBUG::`geom_smooth()` using formula = 'y ~ x'
2025-03-11 19:06:19.592355 INFO::Creating scatter plot for continuous data, log_NO2NO3 vs COG1232
2025-03-11 19:06:19.896333 DEBUG::`geom_smooth()` using formula = 'y ~ x'
2025-03-11 19:06:19.914257 INFO::Creating scatter plot for continuous data, log_NO2NO3 vs COG0786
2025-03-11 19:06:20.258193 DEBUG::`geom_smooth()` using formula = 'y ~ x'
2025-03-11 19:06:20.278001 INFO::Creating scatter plot for continuous data, log_NO2NO3 vs COG3129
2025-03-11 19:06:20.595471 DEBUG::`geom_smooth()` using formula = 'y ~ x'
2025-03-11 19:06:20.610929 INFO::Creating scatter plot for continuous data, log_NO2NO3 vs COG0663
2025-03-11 19:06:20.921303 DEBUG::`geom_smooth()` using formula = 'y ~ x'
2025-03-11 19:06:20.936403 INFO::Creating scatter plot for continuous data, log_NO2NO3 vs COG0832
2025-03-11 19:06:21.270994 DEBUG::`geom_smooth()` using formula = 'y ~ x'
2025-03-11 19:06:21.286062 INFO::Creating scatter plot for continuous data, log_NO2NO3 vs COG1623
2025-03-11 19:06:21.582775 DEBUG::`geom_smooth()` using formula = 'y ~ x'
2025-03-11 19:06:21.599201 INFO::Creating scatter plot for continuous data, log_NO2NO3 vs COG4362
2025-03-11 19:06:21.900398 DEBUG::`geom_smooth()` using formula = 'y ~ x'
2025-03-11 19:06:21.915316 INFO::Creating scatter plot for continuous data, log_NO2NO3 vs COG1354
2025-03-11 19:06:22.266593 DEBUG::`geom_smooth()` using formula = 'y ~ x'
2025-03-11 19:06:22.284296 INFO::Creating scatter plot for continuous data, log_NO2NO3 vs COG1077
2025-03-11 19:06:22.586689 DEBUG::`geom_smooth()` using formula = 'y ~ x'
2025-03-11 19:06:22.605876 INFO::Creating scatter plot for continuous data, log_NO2NO3 vs COG1577
2025-03-11 19:06:22.912247 DEBUG::`geom_smooth()` using formula = 'y ~ x'
2025-03-11 19:06:22.928927 INFO::Creating scatter plot for continuous data, log_NO2NO3 vs COG2087
2025-03-11 19:06:23.262398 DEBUG::`geom_smooth()` using formula = 'y ~ x'
2025-03-11 19:06:23.289377 INFO::Creating scatter plot for continuous data, log_NO2NO3 vs COG0104
2025-03-11 19:06:23.608368 DEBUG::`geom_smooth()` using formula = 'y ~ x'
2025-03-11 19:06:23.634484 INFO::Creating scatter plot for continuous data, log_NO2NO3 vs COG0708
2025-03-11 19:06:23.945254 DEBUG::`geom_smooth()` using formula = 'y ~ x'
2025-03-11 19:06:23.960723 INFO::Creating scatter plot for continuous data, log_NO2NO3 vs COG4121
2025-03-11 19:06:24.296564 DEBUG::`geom_smooth()` using formula = 'y ~ x'
2025-03-11 19:06:24.316176 INFO::Creating scatter plot for continuous data, log_NO2NO3 vs COG3634
2025-03-11 19:06:24.61902 DEBUG::`geom_smooth()` using formula = 'y ~ x'
2025-03-11 19:06:24.634114 INFO::Creating scatter plot for continuous data, log_NO2NO3 vs COG1872
2025-03-11 19:06:24.94631 DEBUG::`geom_smooth()` using formula = 'y ~ x'
2025-03-11 19:06:24.959244 INFO::Creating scatter plot for continuous data, log_NO2NO3 vs COG4992
2025-03-11 19:06:25.298498 DEBUG::`geom_smooth()` using formula = 'y ~ x'
2025-03-11 19:06:25.313878 INFO::Creating scatter plot for continuous data, log_NO2NO3 vs COG3312
2025-03-11 19:06:25.618005 DEBUG::`geom_smooth()` using formula = 'y ~ x'
2025-03-11 19:06:25.634405 INFO::Creating scatter plot for continuous data, log_NO2NO3 vs COG1510
2025-03-11 19:06:25.94182 DEBUG::`geom_smooth()` using formula = 'y ~ x'
2025-03-11 19:06:25.956753 INFO::Creating scatter plot for continuous data, log_NO2NO3 vs COG1449
2025-03-11 19:06:26.276827 DEBUG::`geom_smooth()` using formula = 'y ~ x'
2025-03-11 19:06:26.298213 INFO::Creating scatter plot for continuous data, log_NO2NO3 vs COG2939
2025-03-11 19:06:26.619945 DEBUG::`geom_smooth()` using formula = 'y ~ x'
2025-03-11 19:06:26.640966 INFO::Creating scatter plot for continuous data, log_NO2NO3 vs COG5055
2025-03-11 19:06:26.944119 DEBUG::`geom_smooth()` using formula = 'y ~ x'
2025-03-11 19:06:26.959478 INFO::Creating scatter plot for continuous data, log_NO2NO3 vs COG5488
2025-03-11 19:06:27.266898 DEBUG::`geom_smooth()` using formula = 'y ~ x'
2025-03-11 19:06:27.284358 INFO::Creating scatter plot for continuous data, log_NO2NO3 vs COG1656
2025-03-11 19:06:27.635402 DEBUG::`geom_smooth()` using formula = 'y ~ x'
2025-03-11 19:06:27.650727 INFO::Creating scatter plot for continuous data, log_NO2NO3 vs COG4598
2025-03-11 19:06:27.955828 DEBUG::`geom_smooth()` using formula = 'y ~ x'
2025-03-11 19:06:27.971034 INFO::Creating scatter plot for continuous data, log_NO2NO3 vs COG3182
2025-03-11 19:06:28.276249 DEBUG::`geom_smooth()` using formula = 'y ~ x'
2025-03-11 19:06:28.289948 INFO::Creating scatter plot for continuous data, log_NO2NO3 vs COG2227
2025-03-11 19:06:28.724516 DEBUG::`geom_smooth()` using formula = 'y ~ x'
2025-03-11 19:06:28.747231 INFO::Creating scatter plot for continuous data, log_NO2NO3 vs COG1841
2025-03-11 19:06:29.064854 DEBUG::`geom_smooth()` using formula = 'y ~ x'
2025-03-11 19:06:29.071769 INFO::Creating scatter plot for continuous data, log_NO2NO3 vs COG4895
2025-03-11 19:06:29.388402 DEBUG::`geom_smooth()` using formula = 'y ~ x'
2025-03-11 19:06:29.412931 INFO::Creating scatter plot for continuous data, log_NO2NO3 vs COG3613
2025-03-11 19:06:29.765283 DEBUG::`geom_smooth()` using formula = 'y ~ x'
2025-03-11 19:06:29.785763 INFO::Creating scatter plot for continuous data, log_NO2NO3 vs COG1404
2025-03-11 19:06:30.095283 DEBUG::`geom_smooth()` using formula = 'y ~ x'
2025-03-11 19:06:30.110472 INFO::Creating scatter plot for continuous data, log_NO2NO3 vs COG1469
2025-03-11 19:06:30.415855 DEBUG::`geom_smooth()` using formula = 'y ~ x'
2025-03-11 19:06:30.431173 INFO::Creating scatter plot for continuous data, log_NO2NO3 vs COG0026
2025-03-11 19:06:30.756691 DEBUG::`geom_smooth()` using formula = 'y ~ x'
2025-03-11 19:06:30.77093 INFO::Creating scatter plot for continuous data, log_NO2NO3 vs COG3483
2025-03-11 19:06:31.088523 DEBUG::`geom_smooth()` using formula = 'y ~ x'
2025-03-11 19:06:31.103789 INFO::Creating scatter plot for continuous data, log_NO2NO3 vs COG3531
2025-03-11 19:06:31.414557 DEBUG::`geom_smooth()` using formula = 'y ~ x'
2025-03-11 19:06:31.429318 INFO::Creating scatter plot for continuous data, log_NO2NO3 vs COG1534
2025-03-11 19:06:31.737255 DEBUG::`geom_smooth()` using formula = 'y ~ x'
2025-03-11 19:06:31.752428 INFO::Creating scatter plot for continuous data, log_NO2NO3 vs COG3457
2025-03-11 19:06:32.085729 DEBUG::`geom_smooth()` using formula = 'y ~ x'
2025-03-11 19:06:32.09961 INFO::Creating scatter plot for continuous data, log_NO2NO3 vs COG1598
2025-03-11 19:06:32.411907 DEBUG::`geom_smooth()` using formula = 'y ~ x'
2025-03-11 19:06:32.427137 INFO::Creating scatter plot for continuous data, log_NO2NO3 vs COG1166
2025-03-11 19:06:32.730048 DEBUG::`geom_smooth()` using formula = 'y ~ x'
2025-03-11 19:06:32.750429 INFO::Creating scatter plot for continuous data, log_NO2NO3 vs COG1714
2025-03-11 19:06:33.07807 DEBUG::`geom_smooth()` using formula = 'y ~ x'
2025-03-11 19:06:33.093149 INFO::Creating scatter plot for continuous data, log_NO2NO3 vs COG5026
2025-03-11 19:06:33.402704 DEBUG::`geom_smooth()` using formula = 'y ~ x'
2025-03-11 19:06:33.426252 INFO::Creating scatter plot for continuous data, log_NO2NO3 vs COG3200
2025-03-11 19:06:33.734082 DEBUG::`geom_smooth()` using formula = 'y ~ x'
2025-03-11 19:06:33.749518 INFO::Creating scatter plot for continuous data, log_NO2NO3 vs COG2085
2025-03-11 19:06:34.081962 DEBUG::`geom_smooth()` using formula = 'y ~ x'
2025-03-11 19:06:34.097028 INFO::Creating scatter plot for continuous data, log_NO2NO3 vs COG1968
2025-03-11 19:06:34.39913 DEBUG::`geom_smooth()` using formula = 'y ~ x'
2025-03-11 19:06:34.41425 INFO::Creating scatter plot for continuous data, log_NO2NO3 vs COG3216
2025-03-11 19:06:34.716955 DEBUG::`geom_smooth()` using formula = 'y ~ x'
2025-03-11 19:06:34.731766 INFO::Creating scatter plot for continuous data, log_NO2NO3 vs COG4659
2025-03-11 19:06:35.050941 DEBUG::`geom_smooth()` using formula = 'y ~ x'
2025-03-11 19:06:35.066353 INFO::Creating scatter plot for continuous data, log_NO2NO3 vs COG0261
2025-03-11 19:06:35.392786 DEBUG::`geom_smooth()` using formula = 'y ~ x'
2025-03-11 19:06:35.407892 INFO::Creating scatter plot for continuous data, log_NO2NO3 vs COG1559
2025-03-11 19:06:35.722275 DEBUG::`geom_smooth()` using formula = 'y ~ x'
2025-03-11 19:06:35.73916 INFO::Creating scatter plot for continuous data, log_NO2NO3 vs COG3117
2025-03-11 19:06:36.045734 DEBUG::`geom_smooth()` using formula = 'y ~ x'
2025-03-11 19:06:36.060784 INFO::Creating scatter plot for continuous data, log_NO2NO3 vs COG4809
2025-03-11 19:06:36.393158 DEBUG::`geom_smooth()` using formula = 'y ~ x'
2025-03-11 19:06:36.408135 INFO::Creating scatter plot for continuous data, log_NO2NO3 vs COG4547
2025-03-11 19:06:36.724468 DEBUG::`geom_smooth()` using formula = 'y ~ x'
2025-03-11 19:06:36.739475 INFO::Creating scatter plot for continuous data, log_NO2NO3 vs COG4258
2025-03-11 19:06:37.046835 DEBUG::`geom_smooth()` using formula = 'y ~ x'
2025-03-11 19:06:37.06222 INFO::Creating scatter plot for continuous data, log_NO2NO3 vs COG0318
2025-03-11 19:06:37.401092 DEBUG::`geom_smooth()` using formula = 'y ~ x'
2025-03-11 19:06:37.416085 INFO::Creating scatter plot for continuous data, log_NO2NO3 vs COG2360
2025-03-11 19:06:37.724753 DEBUG::`geom_smooth()` using formula = 'y ~ x'
2025-03-11 19:06:37.746333 INFO::Creating scatter plot for continuous data, log_NO2NO3 vs COG0444
2025-03-11 19:06:38.056819 DEBUG::`geom_smooth()` using formula = 'y ~ x'
2025-03-11 19:06:38.073175 INFO::Creating scatter plot for continuous data, log_NO2NO3 vs COG1741
2025-03-11 19:06:38.414252 DEBUG::`geom_smooth()` using formula = 'y ~ x'
2025-03-11 19:06:38.441561 INFO::Creating scatter plot for continuous data, log_NO2NO3 vs COG4261
2025-03-11 19:06:38.753086 DEBUG::`geom_smooth()` using formula = 'y ~ x'
2025-03-11 19:06:38.781504 INFO::Creating scatter plot for continuous data, log_NO2NO3 vs COG3660
2025-03-11 19:06:39.085983 DEBUG::`geom_smooth()` using formula = 'y ~ x'
2025-03-11 19:06:39.110941 INFO::Creating scatter plot for continuous data, log_NO2NO3 vs COG3666
2025-03-11 19:06:39.435457 DEBUG::`geom_smooth()` using formula = 'y ~ x'
2025-03-11 19:06:39.461107 INFO::Creating scatter plot for continuous data, log_NO2NO3 vs COG2907
2025-03-11 19:06:39.768691 DEBUG::`geom_smooth()` using formula = 'y ~ x'
2025-03-11 19:06:39.791065 INFO::Creating scatter plot for continuous data, log_NO2NO3 vs COG0321
2025-03-11 19:06:40.106457 DEBUG::`geom_smooth()` using formula = 'y ~ x'
2025-03-11 19:06:40.121364 INFO::Creating scatter plot for continuous data, log_NO2NO3 vs COG2963
2025-03-11 19:06:40.42282 DEBUG::`geom_smooth()` using formula = 'y ~ x'
2025-03-11 19:06:40.443162 INFO::Creating scatter plot for continuous data, log_NO2NO3 vs COG2003
2025-03-11 19:06:40.775771 DEBUG::`geom_smooth()` using formula = 'y ~ x'
2025-03-11 19:06:40.790783 INFO::Creating scatter plot for continuous data, log_NO2NO3 vs COG0360
2025-03-11 19:06:41.110839 DEBUG::`geom_smooth()` using formula = 'y ~ x'
2025-03-11 19:06:41.126652 INFO::Creating scatter plot for continuous data, log_NO2NO3 vs COG0385
2025-03-11 19:06:41.435569 DEBUG::`geom_smooth()` using formula = 'y ~ x'
2025-03-11 19:06:41.450393 INFO::Creating scatter plot for continuous data, log_NO2NO3 vs COG0301
2025-03-11 19:06:41.782817 DEBUG::`geom_smooth()` using formula = 'y ~ x'
2025-03-11 19:06:41.797577 INFO::Creating scatter plot for continuous data, log_NO2NO3 vs COG1799
2025-03-11 19:06:42.103553 DEBUG::`geom_smooth()` using formula = 'y ~ x'
2025-03-11 19:06:42.118661 INFO::Creating scatter plot for continuous data, log_NO2NO3 vs COG1218
2025-03-11 19:06:42.428117 DEBUG::`geom_smooth()` using formula = 'y ~ x'
2025-03-11 19:06:42.442422 INFO::Creating scatter plot for continuous data, log_NO2NO3 vs COG0325
2025-03-11 19:06:42.786378 DEBUG::`geom_smooth()` using formula = 'y ~ x'
2025-03-11 19:06:42.801697 INFO::Creating scatter plot for continuous data, log_NO2NO3 vs COG4608
2025-03-11 19:06:43.104253 DEBUG::`geom_smooth()` using formula = 'y ~ x'
2025-03-11 19:06:43.119696 INFO::Creating scatter plot for continuous data, log_NO2NO3 vs COG1595
2025-03-11 19:06:43.436686 DEBUG::`geom_smooth()` using formula = 'y ~ x'
2025-03-11 19:06:43.459919 INFO::Creating scatter plot for continuous data, log_NO2NO3 vs COG4625
2025-03-11 19:06:43.797091 DEBUG::`geom_smooth()` using formula = 'y ~ x'
2025-03-11 19:06:43.812641 INFO::Creating scatter plot for continuous data, log_NO2NO3 vs COG2236
2025-03-11 19:06:44.121593 DEBUG::`geom_smooth()` using formula = 'y ~ x'
2025-03-11 19:06:44.13899 INFO::Creating scatter plot for continuous data, log_NO2NO3 vs COG0522
2025-03-11 19:06:44.454811 DEBUG::`geom_smooth()` using formula = 'y ~ x'
2025-03-11 19:06:44.469701 INFO::Creating scatter plot for continuous data, log_NO2NO3 vs COG4668
2025-03-11 19:06:44.811127 DEBUG::`geom_smooth()` using formula = 'y ~ x'
2025-03-11 19:06:44.833037 INFO::Creating scatter plot for continuous data, log_NO2NO3 vs COG4148
2025-03-11 19:06:45.139168 DEBUG::`geom_smooth()` using formula = 'y ~ x'
2025-03-11 19:06:45.154581 INFO::Creating scatter plot for continuous data, log_NO2NO3 vs COG1169
2025-03-11 19:06:45.451942 DEBUG::`geom_smooth()` using formula = 'y ~ x'
2025-03-11 19:06:45.466662 INFO::Creating scatter plot for continuous data, log_NO2NO3 vs COG0435
2025-03-11 19:06:45.806699 DEBUG::`geom_smooth()` using formula = 'y ~ x'
2025-03-11 19:06:45.822163 INFO::Creating scatter plot for continuous data, log_NO2NO3 vs COG0091
2025-03-11 19:06:46.142064 DEBUG::`geom_smooth()` using formula = 'y ~ x'
2025-03-11 19:06:46.157862 INFO::Creating scatter plot for continuous data, log_NO2NO3 vs COG0651
2025-03-11 19:06:46.47178 DEBUG::`geom_smooth()` using formula = 'y ~ x'
2025-03-11 19:06:46.48668 INFO::Creating scatter plot for continuous data, log_NO2NO3 vs COG0093
2025-03-11 19:06:46.801032 DEBUG::`geom_smooth()` using formula = 'y ~ x'
2025-03-11 19:06:46.816297 INFO::Creating scatter plot for continuous data, log_NO2NO3 vs COG0816
2025-03-11 19:06:47.14576 DEBUG::`geom_smooth()` using formula = 'y ~ x'
2025-03-11 19:06:47.161234 INFO::Creating scatter plot for continuous data, log_NO2NO3 vs COG2107
2025-03-11 19:06:47.473712 DEBUG::`geom_smooth()` using formula = 'y ~ x'
2025-03-11 19:06:47.497576 INFO::Creating scatter plot for continuous data, log_NO2NO3 vs COG3829
2025-03-11 19:06:47.807226 DEBUG::`geom_smooth()` using formula = 'y ~ x'
2025-03-11 19:06:47.822699 INFO::Creating scatter plot for continuous data, log_NO2NO3 vs COG1678
2025-03-11 19:06:48.155988 DEBUG::`geom_smooth()` using formula = 'y ~ x'
2025-03-11 19:06:48.168482 INFO::Creating scatter plot for continuous data, log_NO2NO3 vs COG0317
2025-03-11 19:06:48.467691 DEBUG::`geom_smooth()` using formula = 'y ~ x'
2025-03-11 19:06:48.483095 INFO::Creating scatter plot for continuous data, log_NO2NO3 vs COG2968
2025-03-11 19:06:48.831173 DEBUG::`geom_smooth()` using formula = 'y ~ x'
2025-03-11 19:06:48.852078 INFO::Creating scatter plot for continuous data, log_NO2NO3 vs COG4259
2025-03-11 19:06:49.179656 DEBUG::`geom_smooth()` using formula = 'y ~ x'
2025-03-11 19:06:49.204631 INFO::Creating scatter plot for continuous data, log_NO2NO3 vs COG0792
2025-03-11 19:06:49.522366 DEBUG::`geom_smooth()` using formula = 'y ~ x'
2025-03-11 19:06:49.53748 INFO::Creating scatter plot for continuous data, log_NO2NO3 vs COG3577
2025-03-11 19:06:49.83894 DEBUG::`geom_smooth()` using formula = 'y ~ x'
2025-03-11 19:06:49.854483 INFO::Creating scatter plot for continuous data, log_NO2NO3 vs COG0542
2025-03-11 19:06:50.196688 DEBUG::`geom_smooth()` using formula = 'y ~ x'
2025-03-11 19:06:50.21193 INFO::Creating scatter plot for continuous data, log_NO2NO3 vs COG1908
2025-03-11 19:06:50.511139 DEBUG::`geom_smooth()` using formula = 'y ~ x'
2025-03-11 19:06:50.529683 INFO::Creating scatter plot for continuous data, log_NO2NO3 vs COG4137
2025-03-11 19:06:50.829587 DEBUG::`geom_smooth()` using formula = 'y ~ x'
2025-03-11 19:06:50.844783 INFO::Creating scatter plot for continuous data, log_NO2NO3 vs COG0837
2025-03-11 19:06:52.154699 DEBUG::`geom_smooth()` using formula = 'y ~ x'
2025-03-11 19:06:52.174831 INFO::Creating scatter plot for continuous data, log_NO2NO3 vs COG3121
2025-03-11 19:06:52.476313 DEBUG::`geom_smooth()` using formula = 'y ~ x'
2025-03-11 19:06:52.507114 INFO::Creating scatter plot for continuous data, log_NO2NO3 vs COG0742
2025-03-11 19:06:52.84115 DEBUG::`geom_smooth()` using formula = 'y ~ x'
2025-03-11 19:06:52.866974 INFO::Creating scatter plot for continuous data, log_NO2NO3 vs COG4154
2025-03-11 19:06:53.185794 DEBUG::`geom_smooth()` using formula = 'y ~ x'
2025-03-11 19:06:53.210454 INFO::Creating scatter plot for continuous data, log_NO2NO3 vs COG1450
2025-03-11 19:06:53.498666 DEBUG::`geom_smooth()` using formula = 'y ~ x'
2025-03-11 19:06:53.510381 INFO::Creating scatter plot for continuous data, log_NO2NO3 vs COG0177
2025-03-11 19:06:53.791238 DEBUG::`geom_smooth()` using formula = 'y ~ x'
2025-03-11 19:06:53.806689 INFO::Creating scatter plot for continuous data, log_NO2NO3 vs COG0802
2025-03-11 19:06:54.100466 DEBUG::`geom_smooth()` using formula = 'y ~ x'
2025-03-11 19:06:54.126362 INFO::Creating scatter plot for continuous data, log_NO2NO3 vs COG4233
2025-03-11 19:06:54.431974 DEBUG::`geom_smooth()` using formula = 'y ~ x'
2025-03-11 19:06:54.447833 INFO::Creating scatter plot for continuous data, log_NO2NO3 vs COG1539
2025-03-11 19:06:54.72648 DEBUG::`geom_smooth()` using formula = 'y ~ x'
2025-03-11 19:06:54.743182 INFO::Creating scatter plot for continuous data, log_NO2NO3 vs COG4845
2025-03-11 19:06:55.022815 DEBUG::`geom_smooth()` using formula = 'y ~ x'
2025-03-11 19:06:55.038162 INFO::Creating scatter plot for continuous data, log_NO2NO3 vs COG0174
2025-03-11 19:06:55.345554 DEBUG::`geom_smooth()` using formula = 'y ~ x'
2025-03-11 19:06:55.360685 INFO::Creating scatter plot for continuous data, log_NO2NO3 vs COG0101
2025-03-11 19:06:55.644398 DEBUG::`geom_smooth()` using formula = 'y ~ x'
2025-03-11 19:06:55.6631 INFO::Creating scatter plot for continuous data, log_NO2NO3 vs COG3496
2025-03-11 19:06:55.943256 DEBUG::`geom_smooth()` using formula = 'y ~ x'
2025-03-11 19:06:55.95759 INFO::Creating scatter plot for continuous data, log_NO2NO3 vs COG0407
2025-03-11 19:06:56.265918 DEBUG::`geom_smooth()` using formula = 'y ~ x'
2025-03-11 19:06:56.281269 INFO::Creating scatter plot for continuous data, log_NO2NO3 vs COG0242
2025-03-11 19:06:56.557952 DEBUG::`geom_smooth()` using formula = 'y ~ x'
2025-03-11 19:06:56.572883 INFO::Creating scatter plot for continuous data, log_NO2NO3 vs COG0191
2025-03-11 19:06:56.858154 DEBUG::`geom_smooth()` using formula = 'y ~ x'
2025-03-11 19:06:56.877384 INFO::Creating scatter plot for continuous data, log_NO2NO3 vs COG4714
2025-03-11 19:06:57.174219 DEBUG::`geom_smooth()` using formula = 'y ~ x'
2025-03-11 19:06:57.193658 INFO::Creating scatter plot for continuous data, log_NO2NO3 vs COG0098
2025-03-11 19:06:57.499576 DEBUG::`geom_smooth()` using formula = 'y ~ x'
2025-03-11 19:06:57.522323 INFO::Creating scatter plot for continuous data, log_NO2NO3 vs COG3415
2025-03-11 19:06:57.805344 DEBUG::`geom_smooth()` using formula = 'y ~ x'
2025-03-11 19:06:57.820217 INFO::Creating scatter plot for continuous data, log_NO2NO3 vs COG0138
2025-03-11 19:06:58.109713 DEBUG::`geom_smooth()` using formula = 'y ~ x'
2025-03-11 19:06:58.122201 INFO::Creating scatter plot for continuous data, log_NO2NO3 vs COG3595
2025-03-11 19:06:58.426471 DEBUG::`geom_smooth()` using formula = 'y ~ x'
2025-03-11 19:06:58.441459 INFO::Creating scatter plot for continuous data, log_NO2NO3 vs COG3188
2025-03-11 19:06:58.71498 DEBUG::`geom_smooth()` using formula = 'y ~ x'
2025-03-11 19:06:58.735781 INFO::Creating scatter plot for continuous data, log_NO2NO3 vs COG1443
2025-03-11 19:06:59.021682 DEBUG::`geom_smooth()` using formula = 'y ~ x'
2025-03-11 19:06:59.043874 INFO::Creating scatter plot for continuous data, log_NO2NO3 vs COG1646
2025-03-11 19:06:59.340198 DEBUG::`geom_smooth()` using formula = 'y ~ x'
2025-03-11 19:06:59.359353 INFO::Creating scatter plot for continuous data, log_NO2NO3 vs COG0768
2025-03-11 19:06:59.648215 DEBUG::`geom_smooth()` using formula = 'y ~ x'
2025-03-11 19:06:59.663859 INFO::Creating scatter plot for continuous data, log_NO2NO3 vs COG1205
2025-03-11 19:06:59.947516 DEBUG::`geom_smooth()` using formula = 'y ~ x'
2025-03-11 19:06:59.968329 INFO::Creating scatter plot for continuous data, log_NO2NO3 vs COG0116
2025-03-11 19:07:00.249246 DEBUG::`geom_smooth()` using formula = 'y ~ x'
2025-03-11 19:07:00.26435 INFO::Creating scatter plot for continuous data, log_NO2NO3 vs COG4191
2025-03-11 19:07:00.567958 DEBUG::`geom_smooth()` using formula = 'y ~ x'
2025-03-11 19:07:00.584557 INFO::Creating scatter plot for continuous data, log_NO2NO3 vs COG4774
2025-03-11 19:07:00.866517 DEBUG::`geom_smooth()` using formula = 'y ~ x'
2025-03-11 19:07:00.881788 INFO::Creating scatter plot for continuous data, log_NO2NO3 vs COG0378
2025-03-11 19:07:01.174163 DEBUG::`geom_smooth()` using formula = 'y ~ x'
2025-03-11 19:07:01.185686 INFO::Creating scatter plot for continuous data, log_NO2NO3 vs COG2023
2025-03-11 19:07:01.47782 DEBUG::`geom_smooth()` using formula = 'y ~ x'
2025-03-11 19:07:01.492501 INFO::Creating scatter plot for continuous data, log_NO2NO3 vs COG4660
2025-03-11 19:07:01.762395 DEBUG::`geom_smooth()` using formula = 'y ~ x'
2025-03-11 19:07:01.77773 INFO::Creating scatter plot for continuous data, log_NO2NO3 vs COG1198
2025-03-11 19:07:02.058213 DEBUG::`geom_smooth()` using formula = 'y ~ x'
2025-03-11 19:07:02.077454 INFO::Creating scatter plot for continuous data, log_NO2NO3 vs COG3625
2025-03-11 19:07:02.38176 DEBUG::`geom_smooth()` using formula = 'y ~ x'
2025-03-11 19:07:02.39698 INFO::Creating scatter plot for continuous data, log_NO2NO3 vs COG3167
2025-03-11 19:07:02.695439 DEBUG::`geom_smooth()` using formula = 'y ~ x'
2025-03-11 19:07:02.71092 INFO::Creating scatter plot for continuous data, log_NO2NO3 vs COG1043
2025-03-11 19:07:02.998468 DEBUG::`geom_smooth()` using formula = 'y ~ x'
2025-03-11 19:07:03.013952 INFO::Creating scatter plot for continuous data, log_NO2NO3 vs COG1193
2025-03-11 19:07:03.295606 DEBUG::`geom_smooth()` using formula = 'y ~ x'
2025-03-11 19:07:03.309274 INFO::Creating scatter plot for continuous data, log_NO2NO3 vs COG1943
2025-03-11 19:07:03.605932 DEBUG::`geom_smooth()` using formula = 'y ~ x'
2025-03-11 19:07:03.62103 INFO::Creating scatter plot for continuous data, log_NO2NO3 vs COG1538
2025-03-11 19:07:03.896989 DEBUG::`geom_smooth()` using formula = 'y ~ x'
2025-03-11 19:07:03.91411 INFO::Creating scatter plot for continuous data, log_NO2NO3 vs COG3298
2025-03-11 19:07:04.218702 DEBUG::`geom_smooth()` using formula = 'y ~ x'
2025-03-11 19:07:04.247138 INFO::Creating scatter plot for continuous data, log_NO2NO3 vs COG2154
2025-03-11 19:07:04.551136 DEBUG::`geom_smooth()` using formula = 'y ~ x'
2025-03-11 19:07:04.586084 INFO::Creating scatter plot for continuous data, log_NO2NO3 vs COG5446
2025-03-11 19:07:04.875004 DEBUG::`geom_smooth()` using formula = 'y ~ x'
2025-03-11 19:07:04.895557 INFO::Creating scatter plot for continuous data, log_NO2NO3 vs COG0787
2025-03-11 19:07:05.183267 DEBUG::`geom_smooth()` using formula = 'y ~ x'
2025-03-11 19:07:05.204487 INFO::Creating scatter plot for continuous data, log_NO2NO3 vs COG3195
2025-03-11 19:07:05.509129 DEBUG::`geom_smooth()` using formula = 'y ~ x'
2025-03-11 19:07:05.524204 INFO::Creating scatter plot for continuous data, log_NO2NO3 vs COG0312
2025-03-11 19:07:05.800976 DEBUG::`geom_smooth()` using formula = 'y ~ x'
2025-03-11 19:07:05.814321 INFO::Creating scatter plot for continuous data, log_NO2NO3 vs COG3964
2025-03-11 19:07:06.087217 DEBUG::`geom_smooth()` using formula = 'y ~ x'
2025-03-11 19:07:06.102356 INFO::Creating scatter plot for continuous data, log_NO2NO3 vs COG4657
2025-03-11 19:07:06.397891 DEBUG::`geom_smooth()` using formula = 'y ~ x'
2025-03-11 19:07:06.418261 INFO::Creating scatter plot for continuous data, log_NO2NO3 vs COG4249
2025-03-11 19:07:06.700391 DEBUG::`geom_smooth()` using formula = 'y ~ x'
2025-03-11 19:07:06.715953 INFO::Creating scatter plot for continuous data, log_NO2NO3 vs COG0310
2025-03-11 19:07:06.997379 DEBUG::`geom_smooth()` using formula = 'y ~ x'
2025-03-11 19:07:07.015247 INFO::Creating scatter plot for continuous data, log_NO2NO3 vs COG4700
2025-03-11 19:07:07.304147 DEBUG::`geom_smooth()` using formula = 'y ~ x'
2025-03-11 19:07:07.319552 INFO::Creating scatter plot for continuous data, log_NO2NO3 vs COG3670
2025-03-11 19:07:07.628975 DEBUG::`geom_smooth()` using formula = 'y ~ x'
2025-03-11 19:07:07.644563 INFO::Creating scatter plot for continuous data, log_NO2NO3 vs COG0279
2025-03-11 19:07:07.935901 DEBUG::`geom_smooth()` using formula = 'y ~ x'
2025-03-11 19:07:07.951671 INFO::Creating scatter plot for continuous data, log_NO2NO3 vs COG2834
2025-03-11 19:07:08.236366 DEBUG::`geom_smooth()` using formula = 'y ~ x'
2025-03-11 19:07:08.250286 INFO::Creating scatter plot for continuous data, log_NO2NO3 vs COG0168
2025-03-11 19:07:08.642522 DEBUG::`geom_smooth()` using formula = 'y ~ x'
2025-03-11 19:07:08.657471 INFO::Creating scatter plot for continuous data, log_NO2NO3 vs COG3564
2025-03-11 19:07:08.937096 DEBUG::`geom_smooth()` using formula = 'y ~ x'
2025-03-11 19:07:08.953246 INFO::Creating scatter plot for continuous data, log_NO2NO3 vs COG0283
2025-03-11 19:07:09.251855 DEBUG::`geom_smooth()` using formula = 'y ~ x'
2025-03-11 19:07:09.276759 INFO::Creating scatter plot for continuous data, log_NO2NO3 vs COG0372
2025-03-11 19:07:09.577254 DEBUG::`geom_smooth()` using formula = 'y ~ x'
2025-03-11 19:07:09.592748 INFO::Creating scatter plot for continuous data, log_NO2NO3 vs COG0779
2025-03-11 19:07:09.896646 DEBUG::`geom_smooth()` using formula = 'y ~ x'
2025-03-11 19:07:09.911188 INFO::Creating scatter plot for continuous data, log_NO2NO3 vs COG1977
2025-03-11 19:07:10.202978 DEBUG::`geom_smooth()` using formula = 'y ~ x'
2025-03-11 19:07:10.21838 INFO::Creating scatter plot for continuous data, log_NO2NO3 vs COG1206
2025-03-11 19:07:10.513993 DEBUG::`geom_smooth()` using formula = 'y ~ x'
2025-03-11 19:07:10.527899 INFO::Creating scatter plot for continuous data, log_NO2NO3 vs COG3187
2025-03-11 19:07:10.815986 DEBUG::`geom_smooth()` using formula = 'y ~ x'
2025-03-11 19:07:10.830682 INFO::Creating scatter plot for continuous data, log_NO2NO3 vs COG3318
2025-03-11 19:07:11.109144 DEBUG::`geom_smooth()` using formula = 'y ~ x'
2025-03-11 19:07:11.122725 INFO::Creating scatter plot for continuous data, log_NO2NO3 vs COG3814
2025-03-11 19:07:11.422681 DEBUG::`geom_smooth()` using formula = 'y ~ x'
2025-03-11 19:07:11.439147 INFO::Creating scatter plot for continuous data, log_NO2NO3 vs COG4594
2025-03-11 19:07:11.715654 DEBUG::`geom_smooth()` using formula = 'y ~ x'
2025-03-11 19:07:11.731208 INFO::Creating scatter plot for continuous data, log_NO2NO3 vs COG5305
2025-03-11 19:07:12.024907 DEBUG::`geom_smooth()` using formula = 'y ~ x'
2025-03-11 19:07:12.04441 INFO::Creating scatter plot for continuous data, log_NO2NO3 vs COG1981
2025-03-11 19:07:12.342691 DEBUG::`geom_smooth()` using formula = 'y ~ x'
2025-03-11 19:07:12.354861 INFO::Creating scatter plot for continuous data, log_NO2NO3 vs COG3746
2025-03-11 19:07:12.6421 DEBUG::`geom_smooth()` using formula = 'y ~ x'
2025-03-11 19:07:12.666162 INFO::Creating scatter plot for continuous data, log_NO2NO3 vs COG0224
2025-03-11 19:07:12.948882 DEBUG::`geom_smooth()` using formula = 'y ~ x'
2025-03-11 19:07:12.961451 INFO::Creating scatter plot for continuous data, log_NO2NO3 vs COG3676
2025-03-11 19:07:13.260557 DEBUG::`geom_smooth()` using formula = 'y ~ x'
2025-03-11 19:07:13.276212 INFO::Creating scatter plot for continuous data, log_NO2NO3 vs COG1192
2025-03-11 19:07:13.664523 DEBUG::`geom_smooth()` using formula = 'y ~ x'
2025-03-11 19:07:13.678226 INFO::Creating scatter plot for continuous data, log_NO2NO3 vs COG1480
2025-03-11 19:07:13.977998 DEBUG::`geom_smooth()` using formula = 'y ~ x'
2025-03-11 19:07:13.993644 INFO::Creating scatter plot for continuous data, log_NO2NO3 vs COG3774
2025-03-11 19:07:14.359224 DEBUG::`geom_smooth()` using formula = 'y ~ x'
2025-03-11 19:07:14.38637 INFO::Creating scatter plot for continuous data, log_NO2NO3 vs COG0386
2025-03-11 19:07:14.717457 DEBUG::`geom_smooth()` using formula = 'y ~ x'
2025-03-11 19:07:14.733444 INFO::Creating scatter plot for continuous data, log_NO2NO3 vs COG1686
2025-03-11 19:07:15.030645 DEBUG::`geom_smooth()` using formula = 'y ~ x'
2025-03-11 19:07:15.050854 INFO::Creating scatter plot for continuous data, log_NO2NO3 vs COG2801
2025-03-11 19:07:15.336213 DEBUG::`geom_smooth()` using formula = 'y ~ x'
2025-03-11 19:07:15.351955 INFO::Creating scatter plot for continuous data, log_NO2NO3 vs COG2925
2025-03-11 19:07:15.679519 DEBUG::`geom_smooth()` using formula = 'y ~ x'
2025-03-11 19:07:15.81162 INFO::Creating scatter plot for continuous data, log_NO2NO3 vs COG0555
2025-03-11 19:07:16.096078 DEBUG::`geom_smooth()` using formula = 'y ~ x'
2025-03-11 19:07:16.116117 INFO::Creating scatter plot for continuous data, log_NO2NO3 vs COG2173
2025-03-11 19:07:16.40811 DEBUG::`geom_smooth()` using formula = 'y ~ x'
2025-03-11 19:07:16.423562 INFO::Creating scatter plot for continuous data, log_NO2NO3 vs COG5587
2025-03-11 19:07:16.732147 DEBUG::`geom_smooth()` using formula = 'y ~ x'
2025-03-11 19:07:16.748153 INFO::Creating scatter plot for continuous data, log_NO2NO3 vs COG2503
2025-03-11 19:07:17.059608 DEBUG::`geom_smooth()` using formula = 'y ~ x'
2025-03-11 19:07:17.074883 INFO::Creating scatter plot for continuous data, log_NO2NO3 vs COG3072
2025-03-11 19:07:17.36877 DEBUG::`geom_smooth()` using formula = 'y ~ x'
2025-03-11 19:07:17.382772 INFO::Creating scatter plot for continuous data, log_NO2NO3 vs COG1200
2025-03-11 19:07:17.688886 DEBUG::`geom_smooth()` using formula = 'y ~ x'
2025-03-11 19:07:17.703866 INFO::Creating scatter plot for continuous data, log_NO2NO3 vs COG1811
2025-03-11 19:07:18.026339 DEBUG::`geom_smooth()` using formula = 'y ~ x'
2025-03-11 19:07:18.039768 INFO::Creating scatter plot for continuous data, log_NO2NO3 vs COG3908
2025-03-11 19:07:18.325305 DEBUG::`geom_smooth()` using formula = 'y ~ x'
2025-03-11 19:07:18.344613 INFO::Creating scatter plot for continuous data, log_NO2NO3 vs COG1694
2025-03-11 19:07:18.642747 DEBUG::`geom_smooth()` using formula = 'y ~ x'
2025-03-11 19:07:18.656614 INFO::Creating scatter plot for continuous data, log_NO2NO3 vs COG1939
2025-03-11 19:07:18.97095 DEBUG::`geom_smooth()` using formula = 'y ~ x'
2025-03-11 19:07:18.986243 INFO::Creating scatter plot for continuous data, log_NO2NO3 vs COG4445
2025-03-11 19:07:19.286093 DEBUG::`geom_smooth()` using formula = 'y ~ x'
2025-03-11 19:07:19.305067 INFO::Creating scatter plot for continuous data, log_NO2NO3 vs COG4966
2025-03-11 19:07:19.608524 DEBUG::`geom_smooth()` using formula = 'y ~ x'
2025-03-11 19:07:19.636371 INFO::Creating scatter plot for continuous data, log_NO2NO3 vs COG1173
2025-03-11 19:07:19.933001 DEBUG::`geom_smooth()` using formula = 'y ~ x'
2025-03-11 19:07:19.952688 INFO::Creating scatter plot for continuous data, log_NO2NO3 vs COG1242
2025-03-11 19:07:20.266387 DEBUG::`geom_smooth()` using formula = 'y ~ x'
2025-03-11 19:07:20.281243 INFO::Creating scatter plot for continuous data, log_NO2NO3 vs COG4452
2025-03-11 19:07:20.569949 DEBUG::`geom_smooth()` using formula = 'y ~ x'
2025-03-11 19:07:20.585706 INFO::Creating scatter plot for continuous data, log_NO2NO3 vs COG0418
2025-03-11 19:07:20.874693 DEBUG::`geom_smooth()` using formula = 'y ~ x'
2025-03-11 19:07:20.890108 INFO::Creating scatter plot for continuous data, log_NO2NO3 vs COG3963
2025-03-11 19:07:21.213306 DEBUG::`geom_smooth()` using formula = 'y ~ x'
2025-03-11 19:07:21.228443 INFO::Creating scatter plot for continuous data, log_NO2NO3 vs COG1165
2025-03-11 19:07:21.528075 DEBUG::`geom_smooth()` using formula = 'y ~ x'
2025-03-11 19:07:21.543298 INFO::Creating scatter plot for continuous data, log_NO2NO3 vs COG3265
2025-03-11 19:07:21.839386 DEBUG::`geom_smooth()` using formula = 'y ~ x'
2025-03-11 19:07:21.865893 INFO::Creating scatter plot for continuous data, log_NO2NO3 vs COG0424
2025-03-11 19:07:22.175369 DEBUG::`geom_smooth()` using formula = 'y ~ x'
2025-03-11 19:07:22.19934 INFO::Creating scatter plot for continuous data, log_NO2NO3 vs COG3761
2025-03-11 19:07:22.491256 DEBUG::`geom_smooth()` using formula = 'y ~ x'
2025-03-11 19:07:22.5071 INFO::Creating scatter plot for continuous data, log_NO2NO3 vs COG4805
2025-03-11 19:07:22.808874 DEBUG::`geom_smooth()` using formula = 'y ~ x'
2025-03-11 19:07:22.82731 INFO::Creating scatter plot for continuous data, log_NO2NO3 vs COG1692
2025-03-11 19:07:23.123032 DEBUG::`geom_smooth()` using formula = 'y ~ x'
2025-03-11 19:07:23.138257 INFO::Creating scatter plot for continuous data, log_NO2NO3 vs COG2947
2025-03-11 19:07:23.446187 DEBUG::`geom_smooth()` using formula = 'y ~ x'
2025-03-11 19:07:23.461925 INFO::Creating scatter plot for continuous data, log_NO2NO3 vs COG1109
2025-03-11 19:07:23.75618 DEBUG::`geom_smooth()` using formula = 'y ~ x'
2025-03-11 19:07:23.771588 INFO::Creating scatter plot for continuous data, log_NO2NO3 vs COG0344
2025-03-11 19:07:24.068934 DEBUG::`geom_smooth()` using formula = 'y ~ x'
2025-03-11 19:07:24.083254 INFO::Creating scatter plot for continuous data, log_NO2NO3 vs COG1765
2025-03-11 19:07:24.401372 DEBUG::`geom_smooth()` using formula = 'y ~ x'
2025-03-11 19:07:24.429585 INFO::Creating scatter plot for continuous data, log_NO2NO3 vs COG1137
2025-03-11 19:07:24.72495 DEBUG::`geom_smooth()` using formula = 'y ~ x'
2025-03-11 19:07:24.751893 INFO::Creating scatter plot for continuous data, log_NO2NO3 vs COG4770
2025-03-11 19:07:25.049953 DEBUG::`geom_smooth()` using formula = 'y ~ x'
2025-03-11 19:07:25.065366 INFO::Creating scatter plot for continuous data, log_NO2NO3 vs COG2824
2025-03-11 19:07:25.381557 DEBUG::`geom_smooth()` using formula = 'y ~ x'
2025-03-11 19:07:25.401932 INFO::Creating scatter plot for continuous data, log_NO2NO3 vs COG4765
2025-03-11 19:07:25.686648 DEBUG::`geom_smooth()` using formula = 'y ~ x'
2025-03-11 19:07:25.701562 INFO::Creating scatter plot for continuous data, log_NO2NO3 vs COG4380
2025-03-11 19:07:25.993645 DEBUG::`geom_smooth()` using formula = 'y ~ x'
2025-03-11 19:07:26.00698 INFO::Creating scatter plot for continuous data, log_NO2NO3 vs COG0846
2025-03-11 19:07:26.319735 DEBUG::`geom_smooth()` using formula = 'y ~ x'
2025-03-11 19:07:26.334346 INFO::Creating scatter plot for continuous data, log_NO2NO3 vs COG0004
2025-03-11 19:07:26.626185 DEBUG::`geom_smooth()` using formula = 'y ~ x'
2025-03-11 19:07:26.644214 INFO::Creating scatter plot for continuous data, log_NO2NO3 vs COG3653
2025-03-11 19:07:26.952067 DEBUG::`geom_smooth()` using formula = 'y ~ x'
2025-03-11 19:07:27.129164 INFO::Creating scatter plot for continuous data, log_NO2NO3 vs COG1551
2025-03-11 19:07:27.425936 DEBUG::`geom_smooth()` using formula = 'y ~ x'
2025-03-11 19:07:27.445454 INFO::Creating scatter plot for continuous data, log_NO2NO3 vs COG0396
2025-03-11 19:07:27.759077 DEBUG::`geom_smooth()` using formula = 'y ~ x'
2025-03-11 19:07:27.775162 INFO::Creating scatter plot for continuous data, log_NO2NO3 vs COG1054
2025-03-11 19:07:28.066971 DEBUG::`geom_smooth()` using formula = 'y ~ x'
2025-03-11 19:07:28.083016 INFO::Creating scatter plot for continuous data, log_NO2NO3 vs COG1809
2025-03-11 19:07:28.382603 DEBUG::`geom_smooth()` using formula = 'y ~ x'
2025-03-11 19:07:28.397769 INFO::Creating scatter plot for continuous data, log_NO2NO3 vs COG2921
2025-03-11 19:07:28.72086 DEBUG::`geom_smooth()` using formula = 'y ~ x'
2025-03-11 19:07:28.736124 INFO::Creating scatter plot for continuous data, log_NO2NO3 vs COG4032
2025-03-11 19:07:29.034208 DEBUG::`geom_smooth()` using formula = 'y ~ x'
2025-03-11 19:07:29.049735 INFO::Creating scatter plot for continuous data, log_NO2NO3 vs COG0481
2025-03-11 19:07:29.354676 DEBUG::`geom_smooth()` using formula = 'y ~ x'
2025-03-11 19:07:29.370388 INFO::Creating scatter plot for continuous data, log_NO2NO3 vs COG1485
2025-03-11 19:07:29.695135 DEBUG::`geom_smooth()` using formula = 'y ~ x'
2025-03-11 19:07:29.712136 INFO::Creating scatter plot for continuous data, log_NO2NO3 vs COG0777
2025-03-11 19:07:30.014182 DEBUG::`geom_smooth()` using formula = 'y ~ x'
2025-03-11 19:07:30.029385 INFO::Creating scatter plot for continuous data, log_NO2NO3 vs COG0420
2025-03-11 19:07:30.325098 DEBUG::`geom_smooth()` using formula = 'y ~ x'
2025-03-11 19:07:30.340497 INFO::Creating scatter plot for continuous data, log_NO2NO3 vs COG1840
2025-03-11 19:07:30.669961 DEBUG::`geom_smooth()` using formula = 'y ~ x'
2025-03-11 19:07:30.685247 INFO::Creating scatter plot for continuous data, log_NO2NO3 vs COG1023
2025-03-11 19:07:30.974615 DEBUG::`geom_smooth()` using formula = 'y ~ x'
2025-03-11 19:07:30.990418 INFO::Creating scatter plot for continuous data, log_NO2NO3 vs COG2265
2025-03-11 19:07:31.290429 DEBUG::`geom_smooth()` using formula = 'y ~ x'
2025-03-11 19:07:31.311833 INFO::Creating scatter plot for continuous data, log_NO2NO3 vs COG3687
2025-03-11 19:07:31.633057 DEBUG::`geom_smooth()` using formula = 'y ~ x'
2025-03-11 19:07:31.64759 INFO::Creating scatter plot for continuous data, log_NO2NO3 vs COG0227
2025-03-11 19:07:31.945789 DEBUG::`geom_smooth()` using formula = 'y ~ x'
2025-03-11 19:07:31.970193 INFO::Creating scatter plot for continuous data, log_NO2NO3 vs COG2331
2025-03-11 19:07:32.277482 DEBUG::`geom_smooth()` using formula = 'y ~ x'
2025-03-11 19:07:32.304084 INFO::Creating scatter plot for continuous data, log_NO2NO3 vs COG1786
2025-03-11 19:07:32.607225 DEBUG::`geom_smooth()` using formula = 'y ~ x'
2025-03-11 19:07:32.641255 INFO::Creating scatter plot for continuous data, log_NO2NO3 vs COG3222
2025-03-11 19:07:32.9534 DEBUG::`geom_smooth()` using formula = 'y ~ x'
2025-03-11 19:07:32.968927 INFO::Creating scatter plot for continuous data, log_NO2NO3 vs COG1484
2025-03-11 19:07:33.275481 DEBUG::`geom_smooth()` using formula = 'y ~ x'
2025-03-11 19:07:33.290726 INFO::Creating scatter plot for continuous data, log_NO2NO3 vs COG4451
2025-03-11 19:07:33.588178 DEBUG::`geom_smooth()` using formula = 'y ~ x'
2025-03-11 19:07:33.603999 INFO::Creating scatter plot for continuous data, log_NO2NO3 vs COG0682
2025-03-11 19:07:33.922117 DEBUG::`geom_smooth()` using formula = 'y ~ x'
2025-03-11 19:07:33.937555 INFO::Creating scatter plot for continuous data, log_NO2NO3 vs COG2453
2025-03-11 19:07:34.231769 DEBUG::`geom_smooth()` using formula = 'y ~ x'
2025-03-11 19:07:34.245701 INFO::Creating scatter plot for continuous data, log_NO2NO3 vs COG3920
2025-03-11 19:07:34.538197 DEBUG::`geom_smooth()` using formula = 'y ~ x'
2025-03-11 19:07:34.565163 INFO::Creating scatter plot for continuous data, log_NO2NO3 vs COG1695
2025-03-11 19:07:34.885966 DEBUG::`geom_smooth()` using formula = 'y ~ x'
2025-03-11 19:07:34.925352 INFO::Creating scatter plot for continuous data, log_NO2NO3 vs COG3293
2025-03-11 19:07:35.210448 DEBUG::`geom_smooth()` using formula = 'y ~ x'
2025-03-11 19:07:35.226684 INFO::Creating scatter plot for continuous data, log_NO2NO3 vs COG2269
2025-03-11 19:07:35.525816 DEBUG::`geom_smooth()` using formula = 'y ~ x'
2025-03-11 19:07:35.541084 INFO::Creating scatter plot for continuous data, log_NO2NO3 vs COG1360
2025-03-11 19:07:35.906645 DEBUG::`geom_smooth()` using formula = 'y ~ x'
2025-03-11 19:07:35.925667 INFO::Creating scatter plot for continuous data, log_NO2NO3 vs COG2251
2025-03-11 19:07:36.213771 DEBUG::`geom_smooth()` using formula = 'y ~ x'
2025-03-11 19:07:36.228934 INFO::Creating scatter plot for continuous data, log_NO2NO3 vs COG0370
2025-03-11 19:07:36.524878 DEBUG::`geom_smooth()` using formula = 'y ~ x'
2025-03-11 19:07:36.537441 INFO::Creating scatter plot for continuous data, log_NO2NO3 vs COG1036
2025-03-11 19:07:36.872556 DEBUG::`geom_smooth()` using formula = 'y ~ x'
2025-03-11 19:07:36.88759 INFO::Creating scatter plot for continuous data, log_NO2NO3 vs COG0594
2025-03-11 19:07:37.200392 DEBUG::`geom_smooth()` using formula = 'y ~ x'
2025-03-11 19:07:37.220922 INFO::Creating scatter plot for continuous data, log_NO2NO3 vs COG0524
2025-03-11 19:07:37.518837 DEBUG::`geom_smooth()` using formula = 'y ~ x'
2025-03-11 19:07:37.533973 INFO::Creating scatter plot for continuous data, log_NO2NO3 vs COG2972
2025-03-11 19:07:37.843934 DEBUG::`geom_smooth()` using formula = 'y ~ x'
2025-03-11 19:07:37.857461 INFO::Creating scatter plot for continuous data, log_NO2NO3 vs COG3588
2025-03-11 19:07:38.197506 DEBUG::`geom_smooth()` using formula = 'y ~ x'
2025-03-11 19:07:38.213078 INFO::Creating scatter plot for continuous data, log_NO2NO3 vs COG2132
2025-03-11 19:07:38.513987 DEBUG::`geom_smooth()` using formula = 'y ~ x'
2025-03-11 19:07:38.529248 INFO::Creating scatter plot for continuous data, log_NO2NO3 vs COG1865
2025-03-11 19:07:38.826467 DEBUG::`geom_smooth()` using formula = 'y ~ x'
2025-03-11 19:07:38.841508 INFO::Creating scatter plot for continuous data, log_NO2NO3 vs COG3489
2025-03-11 19:07:39.167041 DEBUG::`geom_smooth()` using formula = 'y ~ x'
2025-03-11 19:07:39.185606 INFO::Creating scatter plot for continuous data, log_NO2NO3 vs COG3696
2025-03-11 19:07:39.483395 DEBUG::`geom_smooth()` using formula = 'y ~ x'
2025-03-11 19:07:39.509447 INFO::Creating scatter plot for continuous data, log_NO2NO3 vs COG2078
2025-03-11 19:07:39.817239 DEBUG::`geom_smooth()` using formula = 'y ~ x'
2025-03-11 19:07:39.841066 INFO::Creating scatter plot for continuous data, log_NO2NO3 vs COG2721
2025-03-11 19:07:40.176384 DEBUG::`geom_smooth()` using formula = 'y ~ x'
2025-03-11 19:07:40.188382 INFO::Creating scatter plot for continuous data, log_NO2NO3 vs COG3899
2025-03-11 19:07:40.493759 DEBUG::`geom_smooth()` using formula = 'y ~ x'
2025-03-11 19:07:40.519051 INFO::Creating scatter plot for continuous data, log_NO2NO3 vs COG4676
2025-03-11 19:07:40.817765 DEBUG::`geom_smooth()` using formula = 'y ~ x'
2025-03-11 19:07:40.915232 INFO::Creating scatter plot for continuous data, log_NO2NO3 vs COG2857
2025-03-11 19:07:41.230004 DEBUG::`geom_smooth()` using formula = 'y ~ x'
2025-03-11 19:07:41.295379 INFO::Creating scatter plot for continuous data, log_NO2NO3 vs COG2826
2025-03-11 19:07:41.630036 DEBUG::`geom_smooth()` using formula = 'y ~ x'
2025-03-11 19:07:41.646082 INFO::Creating scatter plot for continuous data, log_NO2NO3 vs COG4984
2025-03-11 19:07:41.9396 DEBUG::`geom_smooth()` using formula = 'y ~ x'
2025-03-11 19:07:41.966841 INFO::Creating scatter plot for continuous data, log_NO2NO3 vs COG2171
2025-03-11 19:07:42.25584 DEBUG::`geom_smooth()` using formula = 'y ~ x'
2025-03-11 19:07:42.271456 INFO::Creating scatter plot for continuous data, log_NO2NO3 vs COG0656
2025-03-11 19:07:42.607236 DEBUG::`geom_smooth()` using formula = 'y ~ x'
2025-03-11 19:07:42.643761 INFO::Creating scatter plot for continuous data, log_NO2NO3 vs COG3011
2025-03-11 19:07:42.946252 DEBUG::`geom_smooth()` using formula = 'y ~ x'
2025-03-11 19:07:42.962272 INFO::Creating scatter plot for continuous data, log_NO2NO3 vs COG4928
2025-03-11 19:07:43.262274 DEBUG::`geom_smooth()` using formula = 'y ~ x'
2025-03-11 19:07:43.343109 INFO::Creating scatter plot for continuous data, log_NO2NO3 vs COG1995
2025-03-11 19:07:43.678017 DEBUG::`geom_smooth()` using formula = 'y ~ x'
2025-03-11 19:07:43.696268 INFO::Creating scatter plot for continuous data, log_NO2NO3 vs COG2440
2025-03-11 19:07:43.986833 DEBUG::`geom_smooth()` using formula = 'y ~ x'
2025-03-11 19:07:44.002592 INFO::Creating scatter plot for continuous data, log_NO2NO3 vs COG3168
2025-03-11 19:07:44.30899 DEBUG::`geom_smooth()` using formula = 'y ~ x'
2025-03-11 19:07:44.324615 INFO::Creating scatter plot for continuous data, log_NO2NO3 vs COG3267
2025-03-11 19:07:44.619225 DEBUG::`geom_smooth()` using formula = 'y ~ x'
2025-03-11 19:07:44.63775 INFO::Creating scatter plot for continuous data, log_NO2NO3 vs COG1626
2025-03-11 19:07:44.969722 DEBUG::`geom_smooth()` using formula = 'y ~ x'
2025-03-11 19:07:44.995076 INFO::Creating scatter plot for continuous data, log_NO2NO3 vs COG3547
2025-03-11 19:07:45.293471 DEBUG::`geom_smooth()` using formula = 'y ~ x'
2025-03-11 19:07:45.309308 INFO::Creating scatter plot for continuous data, log_NO2NO3 vs COG1131
2025-03-11 19:07:45.610904 DEBUG::`geom_smooth()` using formula = 'y ~ x'
2025-03-11 19:07:45.626371 INFO::Creating scatter plot for continuous data, log_NO2NO3 vs COG5007
2025-03-11 19:07:45.963678 DEBUG::`geom_smooth()` using formula = 'y ~ x'
2025-03-11 19:07:45.980058 INFO::Creating scatter plot for continuous data, log_NO2NO3 vs COG3571
2025-03-11 19:07:46.388857 DEBUG::`geom_smooth()` using formula = 'y ~ x'
2025-03-11 19:07:46.404442 INFO::Creating scatter plot for continuous data, log_NO2NO3 vs COG3889
2025-03-11 19:07:46.719998 DEBUG::`geom_smooth()` using formula = 'y ~ x'
2025-03-11 19:07:46.735356 INFO::Creating scatter plot for continuous data, log_NO2NO3 vs COG0055
2025-03-11 19:07:47.065332 DEBUG::`geom_smooth()` using formula = 'y ~ x'
2025-03-11 19:07:47.081465 INFO::Creating scatter plot for continuous data, log_NO2NO3 vs COG1588
2025-03-11 19:07:47.387685 DEBUG::`geom_smooth()` using formula = 'y ~ x'
2025-03-11 19:07:47.404198 INFO::Creating scatter plot for continuous data, log_NO2NO3 vs COG3004
2025-03-11 19:07:47.70982 DEBUG::`geom_smooth()` using formula = 'y ~ x'
2025-03-11 19:07:47.729571 INFO::Creating scatter plot for continuous data, log_NO2NO3 vs COG0058
2025-03-11 19:07:48.060353 DEBUG::`geom_smooth()` using formula = 'y ~ x'
2025-03-11 19:07:48.075265 INFO::Creating scatter plot for continuous data, log_NO2NO3 vs COG1044
2025-03-11 19:07:48.371878 DEBUG::`geom_smooth()` using formula = 'y ~ x'
2025-03-11 19:07:48.386255 INFO::Creating scatter plot for continuous data, log_NO2NO3 vs COG1132
2025-03-11 19:07:48.771405 DEBUG::`geom_smooth()` using formula = 'y ~ x'
2025-03-11 19:07:48.911298 INFO::Creating scatter plot for continuous data, log_NO2NO3 vs COG1668
2025-03-11 19:07:49.234825 DEBUG::`geom_smooth()` using formula = 'y ~ x'
2025-03-11 19:07:49.2964 INFO::Creating scatter plot for continuous data, log_NO2NO3 vs COG4804
2025-03-11 19:07:49.758423 DEBUG::`geom_smooth()` using formula = 'y ~ x'
2025-03-11 19:07:49.775665 INFO::Creating scatter plot for continuous data, log_NO2NO3 vs COG0082
2025-03-11 19:07:50.090554 DEBUG::`geom_smooth()` using formula = 'y ~ x'
2025-03-11 19:07:50.117309 INFO::Creating scatter plot for continuous data, log_NO2NO3 vs COG0774
2025-03-11 19:07:50.437121 DEBUG::`geom_smooth()` using formula = 'y ~ x'
2025-03-11 19:07:50.472121 INFO::Creating scatter plot for continuous data, log_NO2NO3 vs COG0145
2025-03-11 19:07:50.813404 DEBUG::`geom_smooth()` using formula = 'y ~ x'
2025-03-11 19:07:50.829512 INFO::Creating scatter plot for continuous data, log_NO2NO3 vs COG0134
2025-03-11 19:07:51.135889 DEBUG::`geom_smooth()` using formula = 'y ~ x'
2025-03-11 19:07:51.15163 INFO::Creating scatter plot for continuous data, log_NO2NO3 vs COG1397
2025-03-11 19:07:51.463619 DEBUG::`geom_smooth()` using formula = 'y ~ x'
2025-03-11 19:07:51.478908 INFO::Creating scatter plot for continuous data, log_NO2NO3 vs COG2059
2025-03-11 19:07:51.81513 DEBUG::`geom_smooth()` using formula = 'y ~ x'
2025-03-11 19:07:51.829751 INFO::Creating scatter plot for continuous data, log_NO2NO3 vs COG2225
2025-03-11 19:07:52.139621 DEBUG::`geom_smooth()` using formula = 'y ~ x'
2025-03-11 19:07:52.154735 INFO::Creating scatter plot for continuous data, log_NO2NO3 vs COG1679
2025-03-11 19:07:52.464869 DEBUG::`geom_smooth()` using formula = 'y ~ x'
2025-03-11 19:07:52.488181 INFO::Creating scatter plot for continuous data, log_NO2NO3 vs COG0250
2025-03-11 19:07:52.814219 DEBUG::`geom_smooth()` using formula = 'y ~ x'
2025-03-11 19:07:52.829283 INFO::Creating scatter plot for continuous data, log_NO2NO3 vs COG3971
2025-03-11 19:07:53.123262 DEBUG::`geom_smooth()` using formula = 'y ~ x'
2025-03-11 19:07:53.138058 INFO::Creating scatter plot for continuous data, log_NO2NO3 vs COG0634
2025-03-11 19:07:53.439595 DEBUG::`geom_smooth()` using formula = 'y ~ x'
2025-03-11 19:07:53.477715 INFO::Creating scatter plot for continuous data, log_NO2NO3 vs COG2810
2025-03-11 19:07:53.81196 DEBUG::`geom_smooth()` using formula = 'y ~ x'
2025-03-11 19:07:53.867463 INFO::Creating scatter plot for continuous data, log_NO2NO3 vs COG2378
2025-03-11 19:07:54.156939 DEBUG::`geom_smooth()` using formula = 'y ~ x'
2025-03-11 19:07:54.172054 INFO::Creating scatter plot for continuous data, log_NO2NO3 vs COG4658
2025-03-11 19:07:54.495476 DEBUG::`geom_smooth()` using formula = 'y ~ x'
2025-03-11 19:07:54.530691 INFO::Creating scatter plot for continuous data, log_NO2NO3 vs COG0508
2025-03-11 19:07:54.85568 DEBUG::`geom_smooth()` using formula = 'y ~ x'
2025-03-11 19:07:54.874468 INFO::Creating scatter plot for continuous data, log_NO2NO3 vs COG3624
2025-03-11 19:07:55.191307 DEBUG::`geom_smooth()` using formula = 'y ~ x'
2025-03-11 19:07:55.211413 INFO::Creating scatter plot for continuous data, log_NO2NO3 vs COG3039
2025-03-11 19:07:55.516948 DEBUG::`geom_smooth()` using formula = 'y ~ x'
2025-03-11 19:07:55.532846 INFO::Creating scatter plot for continuous data, log_NO2NO3 vs COG0601
2025-03-11 19:07:55.825691 DEBUG::`geom_smooth()` using formula = 'y ~ x'
2025-03-11 19:07:55.841524 INFO::Creating scatter plot for continuous data, log_NO2NO3 vs COG1230
2025-03-11 19:07:56.172183 DEBUG::`geom_smooth()` using formula = 'y ~ x'
2025-03-11 19:07:56.187929 INFO::Creating scatter plot for continuous data, log_NO2NO3 vs COG2195
2025-03-11 19:07:56.478574 DEBUG::`geom_smooth()` using formula = 'y ~ x'
2025-03-11 19:07:56.491548 INFO::Creating scatter plot for continuous data, log_NO2NO3 vs COG0112
2025-03-11 19:07:56.796696 DEBUG::`geom_smooth()` using formula = 'y ~ x'
2025-03-11 19:07:56.852028 INFO::Creating scatter plot for continuous data, log_NO2NO3 vs COG4639
2025-03-11 19:07:57.325181 DEBUG::`geom_smooth()` using formula = 'y ~ x'
2025-03-11 19:07:57.421371 INFO::Creating scatter plot for continuous data, log_NO2NO3 vs COG3385
2025-03-11 19:07:57.785082 DEBUG::`geom_smooth()` using formula = 'y ~ x'
2025-03-11 19:07:57.802618 INFO::Creating scatter plot for continuous data, log_NO2NO3 vs COG1004
2025-03-11 19:07:58.11098 DEBUG::`geom_smooth()` using formula = 'y ~ x'
2025-03-11 19:07:58.127746 INFO::Creating scatter plot for continuous data, log_NO2NO3 vs COG0202
2025-03-11 19:07:58.462583 DEBUG::`geom_smooth()` using formula = 'y ~ x'
2025-03-11 19:07:58.47875 INFO::Creating scatter plot for continuous data, log_NO2NO3 vs COG0423
2025-03-11 19:07:58.774423 DEBUG::`geom_smooth()` using formula = 'y ~ x'
2025-03-11 19:07:58.788705 INFO::Creating scatter plot for continuous data, log_NO2NO3 vs COG0712
2025-03-11 19:07:59.080828 DEBUG::`geom_smooth()` using formula = 'y ~ x'
2025-03-11 19:07:59.096279 INFO::Creating scatter plot for continuous data, log_NO2NO3 vs COG1535
2025-03-11 19:07:59.521648 DEBUG::`geom_smooth()` using formula = 'y ~ x'
2025-03-11 19:07:59.536574 INFO::Creating scatter plot for continuous data, log_NO2NO3 vs COG4993
2025-03-11 19:07:59.842018 DEBUG::`geom_smooth()` using formula = 'y ~ x'
2025-03-11 19:07:59.912223 INFO::Creating scatter plot for continuous data, log_NO2NO3 vs COG0094
2025-03-11 19:08:00.232167 DEBUG::`geom_smooth()` using formula = 'y ~ x'
2025-03-11 19:08:00.248426 INFO::Creating scatter plot for continuous data, log_NO2NO3 vs COG2902
2025-03-11 19:08:00.588645 DEBUG::`geom_smooth()` using formula = 'y ~ x'
2025-03-11 19:08:00.614025 INFO::Creating scatter plot for continuous data, log_NO2NO3 vs COG4974
2025-03-11 19:08:00.913438 DEBUG::`geom_smooth()` using formula = 'y ~ x'
2025-03-11 19:08:00.929049 INFO::Creating scatter plot for continuous data, log_NO2NO3 vs COG5454
2025-03-11 19:08:01.241974 DEBUG::`geom_smooth()` using formula = 'y ~ x'
2025-03-11 19:08:01.260661 INFO::Creating scatter plot for continuous data, log_NO2NO3 vs COG0399
2025-03-11 19:08:01.559459 DEBUG::`geom_smooth()` using formula = 'y ~ x'
2025-03-11 19:08:01.574564 INFO::Creating scatter plot for continuous data, log_NO2NO3 vs COG1794
2025-03-11 19:08:01.909418 DEBUG::`geom_smooth()` using formula = 'y ~ x'
2025-03-11 19:08:01.920632 INFO::Creating scatter plot for continuous data, log_NO2NO3 vs COG3694
2025-03-11 19:08:02.225464 DEBUG::`geom_smooth()` using formula = 'y ~ x'
2025-03-11 19:08:02.246496 INFO::Creating scatter plot for continuous data, log_NO2NO3 vs COG1718
2025-03-11 19:08:02.668241 DEBUG::`geom_smooth()` using formula = 'y ~ x'
2025-03-11 19:08:02.686749 INFO::Creating scatter plot for continuous data, log_NO2NO3 vs COG4627
2025-03-11 19:08:03.181204 DEBUG::`geom_smooth()` using formula = 'y ~ x'
2025-03-11 19:08:03.201905 INFO::Creating scatter plot for continuous data, log_NO2NO3 vs COG3476
2025-03-11 19:08:03.50426 DEBUG::`geom_smooth()` using formula = 'y ~ x'
2025-03-11 19:08:03.520269 INFO::Creating scatter plot for continuous data, log_NO2NO3 vs COG0397
2025-03-11 19:08:03.82562 DEBUG::`geom_smooth()` using formula = 'y ~ x'
2025-03-11 19:08:03.841437 INFO::Creating scatter plot for continuous data, log_NO2NO3 vs COG2315
2025-03-11 19:08:04.165989 DEBUG::`geom_smooth()` using formula = 'y ~ x'
2025-03-11 19:08:04.186508 INFO::Creating scatter plot for continuous data, log_NO2NO3 vs COG1931
2025-03-11 19:08:04.477669 DEBUG::`geom_smooth()` using formula = 'y ~ x'
2025-03-11 19:08:04.493051 INFO::Creating scatter plot for continuous data, log_NO2NO3 vs COG1353
2025-03-11 19:08:04.805014 DEBUG::`geom_smooth()` using formula = 'y ~ x'
2025-03-11 19:08:04.93453 INFO::Creating scatter plot for continuous data, log_NO2NO3 vs COG4717
2025-03-11 19:08:05.234672 DEBUG::`geom_smooth()` using formula = 'y ~ x'
2025-03-11 19:08:05.250109 INFO::Creating scatter plot for continuous data, log_NO2NO3 vs COG3494
2025-03-11 19:08:05.578622 DEBUG::`geom_smooth()` using formula = 'y ~ x'
2025-03-11 19:08:05.603215 INFO::Creating scatter plot for continuous data, log_NO2NO3 vs COG1073
2025-03-11 19:08:05.910406 DEBUG::`geom_smooth()` using formula = 'y ~ x'
2025-03-11 19:08:05.92638 INFO::Creating scatter plot for continuous data, log_NO2NO3 vs COG2206
2025-03-11 19:08:06.227394 DEBUG::`geom_smooth()` using formula = 'y ~ x'
2025-03-11 19:08:06.246288 INFO::Creating scatter plot for continuous data, log_NO2NO3 vs COG0587
2025-03-11 19:08:06.570138 DEBUG::`geom_smooth()` using formula = 'y ~ x'
2025-03-11 19:08:06.585141 INFO::Creating scatter plot for continuous data, log_NO2NO3 vs COG0178
2025-03-11 19:08:06.887547 DEBUG::`geom_smooth()` using formula = 'y ~ x'
2025-03-11 19:08:06.903068 INFO::Creating scatter plot for continuous data, log_NO2NO3 vs COG5458
2025-03-11 19:08:07.324489 DEBUG::`geom_smooth()` using formula = 'y ~ x'
2025-03-11 19:08:07.354473 INFO::Creating scatter plot for continuous data, log_NO2NO3 vs COG5430
2025-03-11 19:08:07.681501 DEBUG::`geom_smooth()` using formula = 'y ~ x'
2025-03-11 19:08:07.808383 INFO::Creating scatter plot for continuous data, log_NO2NO3 vs COG2843
2025-03-11 19:08:08.12573 DEBUG::`geom_smooth()` using formula = 'y ~ x'
2025-03-11 19:08:08.145788 INFO::Creating scatter plot for continuous data, log_NO2NO3 vs COG3859
2025-03-11 19:08:08.456662 DEBUG::`geom_smooth()` using formula = 'y ~ x'
2025-03-11 19:08:08.472474 INFO::Creating scatter plot for continuous data, log_NO2NO3 vs COG4624
2025-03-11 19:08:08.797525 DEBUG::`geom_smooth()` using formula = 'y ~ x'
2025-03-11 19:08:08.812518 INFO::Creating scatter plot for continuous data, log_NO2NO3 vs COG1100
2025-03-11 19:08:09.11912 DEBUG::`geom_smooth()` using formula = 'y ~ x'
2025-03-11 19:08:09.134555 INFO::Creating scatter plot for continuous data, log_NO2NO3 vs COG1180
2025-03-11 19:08:09.428319 DEBUG::`geom_smooth()` using formula = 'y ~ x'
2025-03-11 19:08:09.44331 INFO::Creating scatter plot for continuous data, log_NO2NO3 vs COG3467
2025-03-11 19:08:09.741828 DEBUG::`geom_smooth()` using formula = 'y ~ x'
2025-03-11 19:08:09.756966 INFO::Creating scatter plot for continuous data, log_NO2NO3 vs COG5476
2025-03-11 19:08:10.131616 DEBUG::`geom_smooth()` using formula = 'y ~ x'
2025-03-11 19:08:10.170902 INFO::Creating scatter plot for continuous data, log_NO2NO3 vs COG4852
2025-03-11 19:08:10.477613 DEBUG::`geom_smooth()` using formula = 'y ~ x'
2025-03-11 19:08:10.499196 INFO::Creating scatter plot for continuous data, log_NO2NO3 vs COG1120
2025-03-11 19:08:10.802978 DEBUG::`geom_smooth()` using formula = 'y ~ x'
2025-03-11 19:08:10.822647 INFO::Creating scatter plot for continuous data, log_NO2NO3 vs COG1832
2025-03-11 19:08:11.159279 DEBUG::`geom_smooth()` using formula = 'y ~ x'
2025-03-11 19:08:11.180147 INFO::Creating scatter plot for continuous data, log_NO2NO3 vs COG0800
2025-03-11 19:08:11.483717 DEBUG::`geom_smooth()` using formula = 'y ~ x'
2025-03-11 19:08:11.508735 INFO::Creating scatter plot for continuous data, log_NO2NO3 vs COG3087
2025-03-11 19:08:11.818351 DEBUG::`geom_smooth()` using formula = 'y ~ x'
2025-03-11 19:08:11.833481 INFO::Creating scatter plot for continuous data, log_NO2NO3 vs COG4584
2025-03-11 19:08:12.160899 DEBUG::`geom_smooth()` using formula = 'y ~ x'
2025-03-11 19:08:12.180519 INFO::Creating scatter plot for continuous data, log_NO2NO3 vs COG2112
2025-03-11 19:08:12.484491 DEBUG::`geom_smooth()` using formula = 'y ~ x'
2025-03-11 19:08:12.51056 INFO::Creating scatter plot for continuous data, log_NO2NO3 vs COG1607
2025-03-11 19:08:12.809483 DEBUG::`geom_smooth()` using formula = 'y ~ x'
2025-03-11 19:08:12.828891 INFO::Creating scatter plot for continuous data, log_NO2NO3 vs COG0169
2025-03-11 19:08:13.148728 DEBUG::`geom_smooth()` using formula = 'y ~ x'
2025-03-11 19:08:13.164066 INFO::Creating scatter plot for continuous data, log_NO2NO3 vs COG2312
2025-03-11 19:08:13.467048 DEBUG::`geom_smooth()` using formula = 'y ~ x'
2025-03-11 19:08:13.521734 INFO::Creating scatter plot for continuous data, log_NO2NO3 vs COG2412
2025-03-11 19:08:13.918762 DEBUG::`geom_smooth()` using formula = 'y ~ x'
2025-03-11 19:08:14.013011 INFO::Creating scatter plot for continuous data, log_NO2NO3 vs COG3166
2025-03-11 19:08:14.31548 DEBUG::`geom_smooth()` using formula = 'y ~ x'
2025-03-11 19:08:14.331 INFO::Creating scatter plot for continuous data, log_NO2NO3 vs COG0196
2025-03-11 19:08:14.658202 DEBUG::`geom_smooth()` using formula = 'y ~ x'
2025-03-11 19:08:14.673991 INFO::Creating scatter plot for continuous data, log_NO2NO3 vs COG0040
2025-03-11 19:08:14.978301 DEBUG::`geom_smooth()` using formula = 'y ~ x'
2025-03-11 19:08:14.993304 INFO::Creating scatter plot for continuous data, log_NO2NO3 vs COG1049
2025-03-11 19:08:15.296242 DEBUG::`geom_smooth()` using formula = 'y ~ x'
2025-03-11 19:08:15.311761 INFO::Creating scatter plot for continuous data, log_NO2NO3 vs COG4648
2025-03-11 19:08:15.699605 DEBUG::`geom_smooth()` using formula = 'y ~ x'
2025-03-11 19:08:15.722644 INFO::Creating scatter plot for continuous data, log_NO2NO3 vs COG2836
2025-03-11 19:08:16.019989 DEBUG::`geom_smooth()` using formula = 'y ~ x'
2025-03-11 19:08:16.035518 INFO::Creating scatter plot for continuous data, log_NO2NO3 vs COG0303
2025-03-11 19:08:16.343662 DEBUG::`geom_smooth()` using formula = 'y ~ x'
2025-03-11 19:08:16.358558 INFO::Creating scatter plot for continuous data, log_NO2NO3 vs COG5336
2025-03-11 19:08:16.695461 DEBUG::`geom_smooth()` using formula = 'y ~ x'
2025-03-11 19:08:16.813021 INFO::Creating scatter plot for continuous data, log_NO2NO3 vs COG0352
2025-03-11 19:08:17.110188 DEBUG::`geom_smooth()` using formula = 'y ~ x'
2025-03-11 19:08:17.126131 INFO::Creating scatter plot for continuous data, log_NO2NO3 vs COG0707
2025-03-11 19:08:17.433662 DEBUG::`geom_smooth()` using formula = 'y ~ x'
2025-03-11 19:08:17.452018 INFO::Creating scatter plot for continuous data, log_NO2NO3 vs COG3017
2025-03-11 19:08:17.781932 DEBUG::`geom_smooth()` using formula = 'y ~ x'
2025-03-11 19:08:17.797044 INFO::Creating scatter plot for continuous data, log_NO2NO3 vs COG0287
2025-03-11 19:08:18.095306 DEBUG::`geom_smooth()` using formula = 'y ~ x'
2025-03-11 19:08:18.112871 INFO::Creating scatter plot for continuous data, log_NO2NO3 vs COG0296
2025-03-11 19:08:18.407701 DEBUG::`geom_smooth()` using formula = 'y ~ x'
2025-03-11 19:08:18.423089 INFO::Creating scatter plot for continuous data, log_NO2NO3 vs COG5429
2025-03-11 19:08:18.758144 DEBUG::`geom_smooth()` using formula = 'y ~ x'
2025-03-11 19:08:18.772727 INFO::Creating scatter plot for continuous data, log_NO2NO3 vs COG1501
2025-03-11 19:08:19.208669 DEBUG::`geom_smooth()` using formula = 'y ~ x'
2025-03-11 19:08:19.227406 INFO::Creating scatter plot for continuous data, log_NO2NO3 vs COG2354
2025-03-11 19:08:19.637507 DEBUG::`geom_smooth()` using formula = 'y ~ x'
2025-03-11 19:08:19.654152 INFO::Creating scatter plot for continuous data, log_NO2NO3 vs COG3807
2025-03-11 19:08:19.977192 DEBUG::`geom_smooth()` using formula = 'y ~ x'
2025-03-11 19:08:19.99771 INFO::Creating scatter plot for continuous data, log_NO2NO3 vs COG1393
2025-03-11 19:08:20.303016 DEBUG::`geom_smooth()` using formula = 'y ~ x'
2025-03-11 19:08:20.3246 INFO::Creating scatter plot for continuous data, log_NO2NO3 vs COG3287
2025-03-11 19:08:20.635006 DEBUG::`geom_smooth()` using formula = 'y ~ x'
2025-03-11 19:08:20.664423 INFO::Creating scatter plot for continuous data, log_NO2NO3 vs COG3794
2025-03-11 19:08:20.957614 DEBUG::`geom_smooth()` using formula = 'y ~ x'
2025-03-11 19:08:20.992694 INFO::Creating scatter plot for continuous data, log_NO2NO3 vs COG1086
2025-03-11 19:08:21.336248 DEBUG::`geom_smooth()` using formula = 'y ~ x'
2025-03-11 19:08:21.351686 INFO::Creating scatter plot for continuous data, log_NO2NO3 vs COG1958
2025-03-11 19:08:21.65491 DEBUG::`geom_smooth()` using formula = 'y ~ x'
2025-03-11 19:08:21.822271 INFO::Creating scatter plot for continuous data, log_NO2NO3 vs COG4295
2025-03-11 19:08:22.230137 DEBUG::`geom_smooth()` using formula = 'y ~ x'
2025-03-11 19:08:22.248206 INFO::Creating scatter plot for continuous data, log_NO2NO3 vs COG0678
2025-03-11 19:08:22.598361 DEBUG::`geom_smooth()` using formula = 'y ~ x'
2025-03-11 19:08:22.623176 INFO::Creating scatter plot for continuous data, log_NO2NO3 vs COG0128
2025-03-11 19:08:22.918065 DEBUG::`geom_smooth()` using formula = 'y ~ x'
2025-03-11 19:08:22.934503 INFO::Creating scatter plot for continuous data, log_NO2NO3 vs COG3456
2025-03-11 19:08:23.224034 DEBUG::`geom_smooth()` using formula = 'y ~ x'
2025-03-11 19:08:23.239831 INFO::Creating scatter plot for continuous data, log_NO2NO3 vs COG0743
2025-03-11 19:08:23.616824 DEBUG::`geom_smooth()` using formula = 'y ~ x'
2025-03-11 19:08:23.632004 INFO::Creating scatter plot for continuous data, log_NO2NO3 vs COG3749
2025-03-11 19:08:23.926443 DEBUG::`geom_smooth()` using formula = 'y ~ x'
2025-03-11 19:08:23.939738 INFO::Creating scatter plot for continuous data, log_NO2NO3 vs COG4166
2025-03-11 19:08:24.292185 DEBUG::`geom_smooth()` using formula = 'y ~ x'
2025-03-11 19:08:24.469997 INFO::Creating scatter plot for continuous data, log_NO2NO3 vs COG2258
2025-03-11 19:08:24.814685 DEBUG::`geom_smooth()` using formula = 'y ~ x'
2025-03-11 19:08:24.918073 INFO::Creating scatter plot for continuous data, log_NO2NO3 vs COG3877
2025-03-11 19:08:25.296754 DEBUG::`geom_smooth()` using formula = 'y ~ x'
2025-03-11 19:08:25.348332 INFO::Creating scatter plot for continuous data, log_NO2NO3 vs COG1640
2025-03-11 19:08:25.668662 DEBUG::`geom_smooth()` using formula = 'y ~ x'
2025-03-11 19:08:25.685208 INFO::Creating scatter plot for continuous data, log_NO2NO3 vs COG2230
2025-03-11 19:08:26.041527 DEBUG::`geom_smooth()` using formula = 'y ~ x'
2025-03-11 19:08:26.063427 INFO::Creating scatter plot for continuous data, log_NO2NO3 vs COG0241
2025-03-11 19:08:26.389699 DEBUG::`geom_smooth()` using formula = 'y ~ x'
2025-03-11 19:08:26.405405 INFO::Creating scatter plot for continuous data, log_NO2NO3 vs COG0059
2025-03-11 19:08:26.714598 DEBUG::`geom_smooth()` using formula = 'y ~ x'
2025-03-11 19:08:26.729854 INFO::Creating scatter plot for continuous data, log_NO2NO3 vs COG4923
2025-03-11 19:08:27.039524 DEBUG::`geom_smooth()` using formula = 'y ~ x'
2025-03-11 19:08:27.05458 INFO::Creating scatter plot for continuous data, log_NO2NO3 vs COG4753
2025-03-11 19:08:27.469567 DEBUG::`geom_smooth()` using formula = 'y ~ x'
2025-03-11 19:08:27.489719 INFO::Creating scatter plot for continuous data, log_NO2NO3 vs COG1266
2025-03-11 19:08:27.813943 DEBUG::`geom_smooth()` using formula = 'y ~ x'
2025-03-11 19:08:27.839265 INFO::Creating scatter plot for continuous data, log_NO2NO3 vs COG1091
2025-03-11 19:08:28.206701 DEBUG::`geom_smooth()` using formula = 'y ~ x'
2025-03-11 19:08:28.223159 INFO::Creating scatter plot for continuous data, log_NO2NO3 vs COG0210
2025-03-11 19:08:28.570169 DEBUG::`geom_smooth()` using formula = 'y ~ x'
2025-03-11 19:08:28.592446 INFO::Creating scatter plot for continuous data, log_NO2NO3 vs COG3063
2025-03-11 19:08:28.901631 DEBUG::`geom_smooth()` using formula = 'y ~ x'
2025-03-11 19:08:28.920902 INFO::Creating scatter plot for continuous data, log_NO2NO3 vs COG3565
2025-03-11 19:08:29.225959 DEBUG::`geom_smooth()` using formula = 'y ~ x'
2025-03-11 19:08:29.240917 INFO::Creating scatter plot for continuous data, log_NO2NO3 vs COG0636
2025-03-11 19:08:29.576351 DEBUG::`geom_smooth()` using formula = 'y ~ x'
2025-03-11 19:08:29.591712 INFO::Creating scatter plot for continuous data, log_NO2NO3 vs COG4681
2025-03-11 19:08:29.892682 DEBUG::`geom_smooth()` using formula = 'y ~ x'
2025-03-11 19:08:29.90828 INFO::Creating scatter plot for continuous data, log_NO2NO3 vs COG2091
2025-03-11 19:08:30.294474 DEBUG::`geom_smooth()` using formula = 'y ~ x'
2025-03-11 19:08:30.347404 INFO::Creating scatter plot for continuous data, log_NO2NO3 vs COG2413
2025-03-11 19:08:30.743327 DEBUG::`geom_smooth()` using formula = 'y ~ x'
2025-03-11 19:08:30.783518 INFO::Creating scatter plot for continuous data, log_NO2NO3 vs COG0347
2025-03-11 19:08:31.139236 DEBUG::`geom_smooth()` using formula = 'y ~ x'
2025-03-11 19:08:31.165094 INFO::Creating scatter plot for continuous data, log_NO2NO3 vs COG2915
2025-03-11 19:08:31.457394 DEBUG::`geom_smooth()` using formula = 'y ~ x'
2025-03-11 19:08:31.473192 INFO::Creating scatter plot for continuous data, log_NO2NO3 vs COG3320
2025-03-11 19:08:31.768378 DEBUG::`geom_smooth()` using formula = 'y ~ x'
2025-03-11 19:08:31.781591 INFO::Creating scatter plot for continuous data, log_NO2NO3 vs COG0617
2025-03-11 19:08:32.127131 DEBUG::`geom_smooth()` using formula = 'y ~ x'
2025-03-11 19:08:32.142625 INFO::Creating scatter plot for continuous data, log_NO2NO3 vs COG1681
2025-03-11 19:08:32.438376 DEBUG::`geom_smooth()` using formula = 'y ~ x'
2025-03-11 19:08:32.600049 INFO::Creating scatter plot for continuous data, log_NO2NO3 vs COG0121
2025-03-11 19:08:32.997321 DEBUG::`geom_smooth()` using formula = 'y ~ x'
2025-03-11 19:08:33.062051 INFO::Creating scatter plot for continuous data, log_NO2NO3 vs COG1277
2025-03-11 19:08:33.400381 DEBUG::`geom_smooth()` using formula = 'y ~ x'
2025-03-11 19:08:33.41648 INFO::Creating scatter plot for continuous data, log_NO2NO3 vs COG1399
2025-03-11 19:08:33.71405 DEBUG::`geom_smooth()` using formula = 'y ~ x'
2025-03-11 19:08:33.730264 INFO::Creating scatter plot for continuous data, log_NO2NO3 vs COG1008
2025-03-11 19:08:34.033752 DEBUG::`geom_smooth()` using formula = 'y ~ x'
2025-03-11 19:08:34.049519 INFO::Creating scatter plot for continuous data, log_NO2NO3 vs COG5421
2025-03-11 19:08:34.379078 DEBUG::`geom_smooth()` using formula = 'y ~ x'
2025-03-11 19:08:34.394675 INFO::Creating scatter plot for continuous data, log_NO2NO3 vs COG0469
2025-03-11 19:08:34.702358 DEBUG::`geom_smooth()` using formula = 'y ~ x'
2025-03-11 19:08:34.71737 INFO::Creating scatter plot for continuous data, log_NO2NO3 vs COG3383
2025-03-11 19:08:35.024141 DEBUG::`geom_smooth()` using formula = 'y ~ x'
2025-03-11 19:08:35.038469 INFO::Creating scatter plot for continuous data, log_NO2NO3 vs COG5362
2025-03-11 19:08:35.338171 DEBUG::`geom_smooth()` using formula = 'y ~ x'
2025-03-11 19:08:35.506327 INFO::Creating scatter plot for continuous data, log_NO2NO3 vs COG2853
2025-03-11 19:08:35.859176 DEBUG::`geom_smooth()` using formula = 'y ~ x'
2025-03-11 19:08:35.884883 INFO::Creating scatter plot for continuous data, log_NO2NO3 vs COG2461
2025-03-11 19:08:36.215259 DEBUG::`geom_smooth()` using formula = 'y ~ x'
2025-03-11 19:08:36.244657 INFO::Creating scatter plot for continuous data, log_NO2NO3 vs COG0652
2025-03-11 19:08:36.557981 DEBUG::`geom_smooth()` using formula = 'y ~ x'
2025-03-11 19:08:36.573476 INFO::Creating scatter plot for continuous data, log_NO2NO3 vs COG3302
2025-03-11 19:08:36.925227 DEBUG::`geom_smooth()` using formula = 'y ~ x'
2025-03-11 19:08:36.951071 INFO::Creating scatter plot for continuous data, log_NO2NO3 vs COG1858
2025-03-11 19:08:37.245606 DEBUG::`geom_smooth()` using formula = 'y ~ x'
2025-03-11 19:08:37.259732 INFO::Creating scatter plot for continuous data, log_NO2NO3 vs COG4586
2025-03-11 19:08:37.570005 DEBUG::`geom_smooth()` using formula = 'y ~ x'
2025-03-11 19:08:37.594716 INFO::Creating scatter plot for continuous data, log_NO2NO3 vs COG3708
2025-03-11 19:08:37.943035 DEBUG::`geom_smooth()` using formula = 'y ~ x'
2025-03-11 19:08:37.963128 INFO::Creating scatter plot for continuous data, log_NO2NO3 vs COG1530
2025-03-11 19:08:38.39428 DEBUG::`geom_smooth()` using formula = 'y ~ x'
2025-03-11 19:08:38.473131 INFO::Creating scatter plot for continuous data, log_NO2NO3 vs COG0072
2025-03-11 19:08:38.791068 DEBUG::`geom_smooth()` using formula = 'y ~ x'
2025-03-11 19:08:38.821106 INFO::Creating scatter plot for continuous data, log_NO2NO3 vs COG2199
2025-03-11 19:08:39.159181 DEBUG::`geom_smooth()` using formula = 'y ~ x'
2025-03-11 19:08:39.175584 INFO::Creating scatter plot for continuous data, log_NO2NO3 vs COG1550
2025-03-11 19:08:39.560748 DEBUG::`geom_smooth()` using formula = 'y ~ x'
2025-03-11 19:08:39.577517 INFO::Creating scatter plot for continuous data, log_NO2NO3 vs COG3023
2025-03-11 19:08:39.889235 DEBUG::`geom_smooth()` using formula = 'y ~ x'
2025-03-11 19:08:39.905162 INFO::Creating scatter plot for continuous data, log_NO2NO3 vs COG1313
2025-03-11 19:08:40.236866 DEBUG::`geom_smooth()` using formula = 'y ~ x'
2025-03-11 19:08:40.252649 INFO::Creating scatter plot for continuous data, log_NO2NO3 vs COG1581
2025-03-11 19:08:40.567341 DEBUG::`geom_smooth()` using formula = 'y ~ x'
2025-03-11 19:08:40.582922 INFO::Creating scatter plot for continuous data, log_NO2NO3 vs COG1687
2025-03-11 19:08:40.92379 DEBUG::`geom_smooth()` using formula = 'y ~ x'
2025-03-11 19:08:40.947752 INFO::Creating scatter plot for continuous data, log_NO2NO3 vs COG4597
2025-03-11 19:08:41.25683 DEBUG::`geom_smooth()` using formula = 'y ~ x'
2025-03-11 19:08:41.272252 INFO::Creating scatter plot for continuous data, log_NO2NO3 vs COG2764
2025-03-11 19:08:41.617052 DEBUG::`geom_smooth()` using formula = 'y ~ x'
2025-03-11 19:08:41.637705 INFO::Creating scatter plot for continuous data, log_NO2NO3 vs COG2357
2025-03-11 19:08:41.940501 DEBUG::`geom_smooth()` using formula = 'y ~ x'
2025-03-11 19:08:42.086535 INFO::Creating scatter plot for continuous data, log_NO2NO3 vs COG2866
2025-03-11 19:08:42.395228 DEBUG::`geom_smooth()` using formula = 'y ~ x'
2025-03-11 19:08:42.482716 INFO::Creating scatter plot for continuous data, log_NO2NO3 vs COG2992
2025-03-11 19:08:42.86509 DEBUG::`geom_smooth()` using formula = 'y ~ x'
2025-03-11 19:08:42.886691 INFO::Creating scatter plot for continuous data, log_NO2NO3 vs COG0342
2025-03-11 19:08:43.189909 DEBUG::`geom_smooth()` using formula = 'y ~ x'
2025-03-11 19:08:43.205681 INFO::Creating scatter plot for continuous data, log_NO2NO3 vs COG0676
2025-03-11 19:08:43.500765 DEBUG::`geom_smooth()` using formula = 'y ~ x'
2025-03-11 19:08:43.522257 INFO::Creating scatter plot for continuous data, log_NO2NO3 vs COG0770
2025-03-11 19:08:43.86213 DEBUG::`geom_smooth()` using formula = 'y ~ x'
2025-03-11 19:08:43.877525 INFO::Creating scatter plot for continuous data, log_NO2NO3 vs COG1414
2025-03-11 19:08:44.178395 DEBUG::`geom_smooth()` using formula = 'y ~ x'
2025-03-11 19:08:44.194273 INFO::Creating scatter plot for continuous data, log_NO2NO3 vs COG3175
2025-03-11 19:08:44.493431 DEBUG::`geom_smooth()` using formula = 'y ~ x'
2025-03-11 19:08:44.628291 INFO::Creating scatter plot for continuous data, log_NO2NO3 vs COG4954
2025-03-11 19:08:44.974688 DEBUG::`geom_smooth()` using formula = 'y ~ x'
2025-03-11 19:08:44.992308 INFO::Creating scatter plot for continuous data, log_NO2NO3 vs COG1882
2025-03-11 19:08:45.29831 DEBUG::`geom_smooth()` using formula = 'y ~ x'
2025-03-11 19:08:45.314055 INFO::Creating scatter plot for continuous data, log_NO2NO3 vs COG2115
2025-03-11 19:08:45.614823 DEBUG::`geom_smooth()` using formula = 'y ~ x'
2025-03-11 19:08:45.629944 INFO::Creating scatter plot for continuous data, log_NO2NO3 vs COG1477
2025-03-11 19:08:45.978522 DEBUG::`geom_smooth()` using formula = 'y ~ x'
2025-03-11 19:08:46.006626 INFO::Creating scatter plot for continuous data, log_NO2NO3 vs COG3580
2025-03-11 19:08:46.312337 DEBUG::`geom_smooth()` using formula = 'y ~ x'
2025-03-11 19:08:46.338409 INFO::Creating scatter plot for continuous data, log_NO2NO3 vs COG0831
2025-03-11 19:08:46.646945 DEBUG::`geom_smooth()` using formula = 'y ~ x'
2025-03-11 19:08:46.662097 INFO::Creating scatter plot for continuous data, log_NO2NO3 vs COG4464
2025-03-11 19:08:47.005557 DEBUG::`geom_smooth()` using formula = 'y ~ x'
2025-03-11 19:08:47.021605 INFO::Creating scatter plot for continuous data, log_NO2NO3 vs COG3576
2025-03-11 19:08:47.322315 DEBUG::`geom_smooth()` using formula = 'y ~ x'
2025-03-11 19:08:47.337707 INFO::Creating scatter plot for continuous data, log_NO2NO3 vs COG5460
2025-03-11 19:08:47.688769 DEBUG::`geom_smooth()` using formula = 'y ~ x'
2025-03-11 19:08:47.749004 INFO::Creating scatter plot for continuous data, log_NO2NO3 vs COG0200
2025-03-11 19:08:48.193205 DEBUG::`geom_smooth()` using formula = 'y ~ x'
2025-03-11 19:08:48.209364 INFO::Creating scatter plot for continuous data, log_NO2NO3 vs COG2186
2025-03-11 19:08:48.511957 DEBUG::`geom_smooth()` using formula = 'y ~ x'
2025-03-11 19:08:48.523874 INFO::Creating scatter plot for continuous data, log_NO2NO3 vs COG3581
2025-03-11 19:08:48.844827 DEBUG::`geom_smooth()` using formula = 'y ~ x'
2025-03-11 19:08:48.860404 INFO::Creating scatter plot for continuous data, log_NO2NO3 vs COG1915
2025-03-11 19:08:49.174481 DEBUG::`geom_smooth()` using formula = 'y ~ x'
2025-03-11 19:08:49.190166 INFO::Creating scatter plot for continuous data, log_NO2NO3 vs COG2935
2025-03-11 19:08:49.52772 DEBUG::`geom_smooth()` using formula = 'y ~ x'
2025-03-11 19:08:49.542782 INFO::Creating scatter plot for continuous data, log_NO2NO3 vs COG1518
2025-03-11 19:08:49.859819 DEBUG::`geom_smooth()` using formula = 'y ~ x'
2025-03-11 19:08:49.879634 INFO::Creating scatter plot for continuous data, log_NO2NO3 vs COG3555
2025-03-11 19:08:50.226113 DEBUG::`geom_smooth()` using formula = 'y ~ x'
2025-03-11 19:08:50.380785 INFO::Creating scatter plot for continuous data, log_NO2NO3 vs COG4285
2025-03-11 19:08:50.763393 DEBUG::`geom_smooth()` using formula = 'y ~ x'
2025-03-11 19:08:50.781275 INFO::Creating scatter plot for continuous data, log_NO2NO3 vs COG2355
2025-03-11 19:08:51.221307 DEBUG::`geom_smooth()` using formula = 'y ~ x'
2025-03-11 19:08:51.247607 INFO::Creating scatter plot for continuous data, log_NO2NO3 vs COG1123
2025-03-11 19:08:51.566027 DEBUG::`geom_smooth()` using formula = 'y ~ x'
2025-03-11 19:08:51.58323 INFO::Creating scatter plot for continuous data, log_NO2NO3 vs COG4542
2025-03-11 19:08:51.932688 DEBUG::`geom_smooth()` using formula = 'y ~ x'
2025-03-11 19:08:51.947462 INFO::Creating scatter plot for continuous data, log_NO2NO3 vs COG0097
2025-03-11 19:08:52.244065 DEBUG::`geom_smooth()` using formula = 'y ~ x'
2025-03-11 19:08:52.264989 INFO::Creating scatter plot for continuous data, log_NO2NO3 vs COG1988
2025-03-11 19:08:52.568995 DEBUG::`geom_smooth()` using formula = 'y ~ x'
2025-03-11 19:08:52.584136 INFO::Creating scatter plot for continuous data, log_NO2NO3 vs COG4447
2025-03-11 19:08:52.885642 DEBUG::`geom_smooth()` using formula = 'y ~ x'
2025-03-11 19:08:52.90341 INFO::Creating scatter plot for continuous data, log_NO2NO3 vs COG3937
2025-03-11 19:08:53.247326 DEBUG::`geom_smooth()` using formula = 'y ~ x'
2025-03-11 19:08:53.388659 INFO::Creating scatter plot for continuous data, log_NO2NO3 vs COG4972
2025-03-11 19:08:53.731195 DEBUG::`geom_smooth()` using formula = 'y ~ x'
2025-03-11 19:08:53.748445 INFO::Creating scatter plot for continuous data, log_NO2NO3 vs COG1175
2025-03-11 19:08:54.050008 DEBUG::`geom_smooth()` using formula = 'y ~ x'
2025-03-11 19:08:54.104933 INFO::Creating scatter plot for continuous data, log_NO2NO3 vs COG1853
2025-03-11 19:08:54.43847 DEBUG::`geom_smooth()` using formula = 'y ~ x'
2025-03-11 19:08:54.455142 INFO::Creating scatter plot for continuous data, log_NO2NO3 vs COG1349
2025-03-11 19:08:54.859404 DEBUG::`geom_smooth()` using formula = 'y ~ x'
2025-03-11 19:08:54.874202 INFO::Creating scatter plot for continuous data, log_NO2NO3 vs COG4124
2025-03-11 19:08:55.180478 DEBUG::`geom_smooth()` using formula = 'y ~ x'
2025-03-11 19:08:55.196373 INFO::Creating scatter plot for continuous data, log_NO2NO3 vs COG1271
2025-03-11 19:08:55.530121 DEBUG::`geom_smooth()` using formula = 'y ~ x'
2025-03-11 19:08:55.54873 INFO::Creating scatter plot for continuous data, log_NO2NO3 vs COG0129
2025-03-11 19:08:55.851164 DEBUG::`geom_smooth()` using formula = 'y ~ x'
2025-03-11 19:08:55.866278 INFO::Creating scatter plot for continuous data, log_NO2NO3 vs COG1285
2025-03-11 19:08:56.219531 DEBUG::`geom_smooth()` using formula = 'y ~ x'
2025-03-11 19:08:56.245248 INFO::Creating scatter plot for continuous data, log_NO2NO3 vs COG2036
2025-03-11 19:08:56.573338 DEBUG::`geom_smooth()` using formula = 'y ~ x'
2025-03-11 19:08:56.596343 INFO::Creating scatter plot for continuous data, log_NO2NO3 vs COG3316
2025-03-11 19:08:56.909784 DEBUG::`geom_smooth()` using formula = 'y ~ x'
2025-03-11 19:08:56.925401 INFO::Creating scatter plot for continuous data, log_NO2NO3 vs COG2092
2025-03-11 19:08:57.241224 DEBUG::`geom_smooth()` using formula = 'y ~ x'
2025-03-11 19:08:57.26294 INFO::Creating scatter plot for continuous data, log_NO2NO3 vs COG2051
2025-03-11 19:08:57.559682 DEBUG::`geom_smooth()` using formula = 'y ~ x'
2025-03-11 19:08:57.57495 INFO::Creating scatter plot for continuous data, log_NO2NO3 vs COG0100
2025-03-11 19:08:57.915467 DEBUG::`geom_smooth()` using formula = 'y ~ x'
2025-03-11 19:08:57.931137 INFO::Creating scatter plot for continuous data, log_NO2NO3 vs COG2994
2025-03-11 19:08:58.236358 DEBUG::`geom_smooth()` using formula = 'y ~ x'
2025-03-11 19:08:58.251677 INFO::Creating scatter plot for continuous data, log_NO2NO3 vs COG5410
2025-03-11 19:08:58.55242 DEBUG::`geom_smooth()` using formula = 'y ~ x'
2025-03-11 19:08:58.572708 INFO::Creating scatter plot for continuous data, log_NO2NO3 vs COG4843
2025-03-11 19:08:58.901335 DEBUG::`geom_smooth()` using formula = 'y ~ x'
2025-03-11 19:08:58.91644 INFO::Creating scatter plot for continuous data, log_NO2NO3 vs COG3646
2025-03-11 19:08:59.379198 DEBUG::`geom_smooth()` using formula = 'y ~ x'
2025-03-11 19:08:59.552974 INFO::Creating scatter plot for continuous data, log_NO2NO3 vs COG0561
2025-03-11 19:08:59.98509 DEBUG::`geom_smooth()` using formula = 'y ~ x'
2025-03-11 19:09:00.17288 INFO::Creating scatter plot for continuous data, log_NO2NO3 vs COG0751
2025-03-11 19:09:00.533693 DEBUG::`geom_smooth()` using formula = 'y ~ x'
2025-03-11 19:09:00.704422 INFO::Creating scatter plot for continuous data, log_NO2NO3 vs COG1675
2025-03-11 19:09:01.130185 DEBUG::`geom_smooth()` using formula = 'y ~ x'
2025-03-11 19:09:01.160245 INFO::Creating scatter plot for continuous data, log_NO2NO3 vs COG3263
2025-03-11 19:09:01.456884 DEBUG::`geom_smooth()` using formula = 'y ~ x'
2025-03-11 19:09:01.484571 INFO::Creating scatter plot for continuous data, log_NO2NO3 vs COG4107
2025-03-11 19:09:01.824613 DEBUG::`geom_smooth()` using formula = 'y ~ x'
2025-03-11 19:09:01.840386 INFO::Creating scatter plot for continuous data, log_NO2NO3 vs COG2911
2025-03-11 19:09:02.135107 DEBUG::`geom_smooth()` using formula = 'y ~ x'
2025-03-11 19:09:02.149398 INFO::Creating scatter plot for continuous data, log_NO2NO3 vs COG0364
2025-03-11 19:09:02.455775 DEBUG::`geom_smooth()` using formula = 'y ~ x'
2025-03-11 19:09:02.473566 INFO::Creating scatter plot for continuous data, log_NO2NO3 vs COG4994
2025-03-11 19:09:02.887287 DEBUG::`geom_smooth()` using formula = 'y ~ x'
2025-03-11 19:09:03.019712 INFO::Creating scatter plot for continuous data, log_NO2NO3 vs COG2852
2025-03-11 19:09:03.340564 DEBUG::`geom_smooth()` using formula = 'y ~ x'
2025-03-11 19:09:03.40386 INFO::Creating scatter plot for continuous data, log_NO2NO3 vs COG1725
2025-03-11 19:09:03.717209 DEBUG::`geom_smooth()` using formula = 'y ~ x'
2025-03-11 19:09:03.841165 INFO::Creating scatter plot for continuous data, log_NO2NO3 vs COG3346
2025-03-11 19:09:04.145657 DEBUG::`geom_smooth()` using formula = 'y ~ x'
2025-03-11 19:09:04.163845 INFO::Creating scatter plot for continuous data, log_NO2NO3 vs COG5611
2025-03-11 19:09:04.504332 DEBUG::`geom_smooth()` using formula = 'y ~ x'
2025-03-11 19:09:04.548784 INFO::Creating scatter plot for continuous data, log_NO2NO3 vs COG0333
2025-03-11 19:09:04.853037 DEBUG::`geom_smooth()` using formula = 'y ~ x'
2025-03-11 19:09:04.869514 INFO::Creating scatter plot for continuous data, log_NO2NO3 vs COG0829
2025-03-11 19:09:05.166769 DEBUG::`geom_smooth()` using formula = 'y ~ x'
2025-03-11 19:09:05.182921 INFO::Creating scatter plot for continuous data, log_NO2NO3 vs COG0243
2025-03-11 19:09:05.51273 DEBUG::`geom_smooth()` using formula = 'y ~ x'
2025-03-11 19:09:05.528231 INFO::Creating scatter plot for continuous data, log_NO2NO3 vs COG1076
2025-03-11 19:09:05.837027 DEBUG::`geom_smooth()` using formula = 'y ~ x'
2025-03-11 19:09:05.857906 INFO::Creating scatter plot for continuous data, log_NO2NO3 vs COG4235
2025-03-11 19:09:06.176672 DEBUG::`geom_smooth()` using formula = 'y ~ x'
2025-03-11 19:09:06.192349 INFO::Creating scatter plot for continuous data, log_NO2NO3 vs COG4412
2025-03-11 19:09:06.530516 DEBUG::`geom_smooth()` using formula = 'y ~ x'
2025-03-11 19:09:06.547299 INFO::Creating scatter plot for continuous data, log_NO2NO3 vs COG0052
2025-03-11 19:09:06.884348 DEBUG::`geom_smooth()` using formula = 'y ~ x'
2025-03-11 19:09:06.905154 INFO::Creating scatter plot for continuous data, log_NO2NO3 vs COG4778
2025-03-11 19:09:07.216394 DEBUG::`geom_smooth()` using formula = 'y ~ x'
2025-03-11 19:09:07.231786 INFO::Creating scatter plot for continuous data, log_NO2NO3 vs COG0105
2025-03-11 19:09:07.568641 DEBUG::`geom_smooth()` using formula = 'y ~ x'
2025-03-11 19:09:07.58313 INFO::Creating scatter plot for continuous data, log_NO2NO3 vs COG1279
2025-03-11 19:09:07.877456 DEBUG::`geom_smooth()` using formula = 'y ~ x'
2025-03-11 19:09:07.892666 INFO::Creating scatter plot for continuous data, log_NO2NO3 vs COG0230
2025-03-11 19:09:08.194276 DEBUG::`geom_smooth()` using formula = 'y ~ x'
2025-03-11 19:09:08.214756 INFO::Creating scatter plot for continuous data, log_NO2NO3 vs COG4581
2025-03-11 19:09:08.545094 DEBUG::`geom_smooth()` using formula = 'y ~ x'
2025-03-11 19:09:08.560184 INFO::Creating scatter plot for continuous data, log_NO2NO3 vs COG1317
2025-03-11 19:09:08.850711 DEBUG::`geom_smooth()` using formula = 'y ~ x'
2025-03-11 19:09:08.955974 INFO::Creating scatter plot for continuous data, log_NO2NO3 vs COG1553
2025-03-11 19:09:09.256687 DEBUG::`geom_smooth()` using formula = 'y ~ x'
2025-03-11 19:09:09.273923 INFO::Creating scatter plot for continuous data, log_NO2NO3 vs COG0830
2025-03-11 19:09:09.60436 DEBUG::`geom_smooth()` using formula = 'y ~ x'
2025-03-11 19:09:09.628376 INFO::Creating scatter plot for continuous data, log_NO2NO3 vs COG0186
2025-03-11 19:09:09.928579 DEBUG::`geom_smooth()` using formula = 'y ~ x'
2025-03-11 19:09:09.95219 INFO::Creating scatter plot for continuous data, log_NO2NO3 vs COG3503
2025-03-11 19:09:10.264555 DEBUG::`geom_smooth()` using formula = 'y ~ x'
2025-03-11 19:09:10.278363 INFO::Creating scatter plot for continuous data, log_NO2NO3 vs COG2202
2025-03-11 19:09:10.613992 DEBUG::`geom_smooth()` using formula = 'y ~ x'
2025-03-11 19:09:10.628973 INFO::Creating scatter plot for continuous data, log_NO2NO3 vs COG2930
2025-03-11 19:09:10.945236 DEBUG::`geom_smooth()` using formula = 'y ~ x'
2025-03-11 19:09:10.968376 INFO::Creating scatter plot for continuous data, log_NO2NO3 vs COG0491
2025-03-11 19:09:11.28434 DEBUG::`geom_smooth()` using formula = 'y ~ x'
2025-03-11 19:09:11.371574 INFO::Creating scatter plot for continuous data, log_NO2NO3 vs COG0315
2025-03-11 19:09:11.684285 DEBUG::`geom_smooth()` using formula = 'y ~ x'
2025-03-11 19:09:11.708183 INFO::Creating scatter plot for continuous data, log_NO2NO3 vs COG0259
2025-03-11 19:09:12.042668 DEBUG::`geom_smooth()` using formula = 'y ~ x'
2025-03-11 19:09:12.05888 INFO::Creating scatter plot for continuous data, log_NO2NO3 vs COG5285
2025-03-11 19:09:12.36525 DEBUG::`geom_smooth()` using formula = 'y ~ x'
2025-03-11 19:09:12.380494 INFO::Creating scatter plot for continuous data, log_NO2NO3 vs COG2391
2025-03-11 19:09:12.684607 DEBUG::`geom_smooth()` using formula = 'y ~ x'
2025-03-11 19:09:12.70037 INFO::Creating scatter plot for continuous data, log_NO2NO3 vs COG2386
2025-03-11 19:09:14.27995 DEBUG::`geom_smooth()` using formula = 'y ~ x'
2025-03-11 19:09:14.299965 INFO::Creating scatter plot for continuous data, log_NO2NO3 vs COG3158
2025-03-11 19:09:14.578636 DEBUG::`geom_smooth()` using formula = 'y ~ x'
2025-03-11 19:09:14.608372 INFO::Creating scatter plot for continuous data, log_NO2NO3 vs COG3002
2025-03-11 19:09:14.990378 DEBUG::`geom_smooth()` using formula = 'y ~ x'
2025-03-11 19:09:15.008287 INFO::Creating scatter plot for continuous data, log_NO2NO3 vs COG0781
2025-03-11 19:09:15.315529 DEBUG::`geom_smooth()` using formula = 'y ~ x'
2025-03-11 19:09:15.333475 INFO::Creating scatter plot for continuous data, log_NO2NO3 vs COG1638
2025-03-11 19:09:15.622601 DEBUG::`geom_smooth()` using formula = 'y ~ x'
2025-03-11 19:09:15.637927 INFO::Creating scatter plot for continuous data, log_NO2NO3 vs COG3296
2025-03-11 19:09:15.913918 DEBUG::`geom_smooth()` using formula = 'y ~ x'
2025-03-11 19:09:15.929145 INFO::Creating scatter plot for continuous data, log_NO2NO3 vs COG3100
2025-03-11 19:09:16.229007 DEBUG::`geom_smooth()` using formula = 'y ~ x'
2025-03-11 19:09:16.244034 INFO::Creating scatter plot for continuous data, log_NO2NO3 vs COG4775
2025-03-11 19:09:16.569495 DEBUG::`geom_smooth()` using formula = 'y ~ x'
2025-03-11 19:09:16.591791 INFO::Creating scatter plot for continuous data, log_NO2NO3 vs COG0588
2025-03-11 19:09:16.881752 DEBUG::`geom_smooth()` using formula = 'y ~ x'
2025-03-11 19:09:16.907624 INFO::Creating scatter plot for continuous data, log_NO2NO3 vs COG2933
2025-03-11 19:09:17.186821 DEBUG::`geom_smooth()` using formula = 'y ~ x'
2025-03-11 19:09:17.21039 INFO::Creating scatter plot for continuous data, log_NO2NO3 vs COG1172
2025-03-11 19:09:17.509318 DEBUG::`geom_smooth()` using formula = 'y ~ x'
2025-03-11 19:09:17.53243 INFO::Creating scatter plot for continuous data, log_NO2NO3 vs COG2266
2025-03-11 19:09:17.816255 DEBUG::`geom_smooth()` using formula = 'y ~ x'
2025-03-11 19:09:17.839652 INFO::Creating scatter plot for continuous data, log_NO2NO3 vs COG0147
2025-03-11 19:09:18.121028 DEBUG::`geom_smooth()` using formula = 'y ~ x'
2025-03-11 19:09:18.135886 INFO::Creating scatter plot for continuous data, log_NO2NO3 vs COG1135
2025-03-11 19:09:18.429495 DEBUG::`geom_smooth()` using formula = 'y ~ x'
2025-03-11 19:09:18.443625 INFO::Creating scatter plot for continuous data, log_NO2NO3 vs COG1051
2025-03-11 19:09:18.726004 DEBUG::`geom_smooth()` using formula = 'y ~ x'
2025-03-11 19:09:18.74096 INFO::Creating scatter plot for continuous data, log_NO2NO3 vs COG0316
2025-03-11 19:09:19.025059 DEBUG::`geom_smooth()` using formula = 'y ~ x'
2025-03-11 19:09:19.039568 INFO::Creating scatter plot for continuous data, log_NO2NO3 vs COG2146
2025-03-11 19:09:19.339021 DEBUG::`geom_smooth()` using formula = 'y ~ x'
2025-03-11 19:09:19.354208 INFO::Creating scatter plot for continuous data, log_NO2NO3 vs COG2198
2025-03-11 19:09:19.636496 DEBUG::`geom_smooth()` using formula = 'y ~ x'
2025-03-11 19:09:19.654487 INFO::Creating scatter plot for continuous data, log_NO2NO3 vs COG4650
2025-03-11 19:09:19.955404 DEBUG::`geom_smooth()` using formula = 'y ~ x'
2025-03-11 19:09:19.971103 INFO::Creating scatter plot for continuous data, log_NO2NO3 vs COG4413
2025-03-11 19:09:20.261241 DEBUG::`geom_smooth()` using formula = 'y ~ x'
2025-03-11 19:09:20.275094 INFO::Creating scatter plot for continuous data, log_NO2NO3 vs COG2429
2025-03-11 19:09:20.584762 DEBUG::`geom_smooth()` using formula = 'y ~ x'
2025-03-11 19:09:20.600392 INFO::Creating scatter plot for continuous data, log_NO2NO3 vs COG0494
2025-03-11 19:09:20.882481 DEBUG::`geom_smooth()` using formula = 'y ~ x'
2025-03-11 19:09:20.908512 INFO::Creating scatter plot for continuous data, log_NO2NO3 vs COG2379
2025-03-11 19:09:21.184602 DEBUG::`geom_smooth()` using formula = 'y ~ x'
2025-03-11 19:09:21.200175 INFO::Creating scatter plot for continuous data, log_NO2NO3 vs COG3344
2025-03-11 19:09:21.49365 DEBUG::`geom_smooth()` using formula = 'y ~ x'
2025-03-11 19:09:21.516911 INFO::Creating scatter plot for continuous data, log_NO2NO3 vs COG3502
2025-03-11 19:09:21.79701 DEBUG::`geom_smooth()` using formula = 'y ~ x'
2025-03-11 19:09:21.817068 INFO::Creating scatter plot for continuous data, log_NO2NO3 vs COG3436
2025-03-11 19:09:22.111891 DEBUG::`geom_smooth()` using formula = 'y ~ x'
2025-03-11 19:09:22.127284 INFO::Creating scatter plot for continuous data, log_NO2NO3 vs COG0113
2025-03-11 19:09:22.433279 DEBUG::`geom_smooth()` using formula = 'y ~ x'
2025-03-11 19:09:22.455751 INFO::Creating scatter plot for continuous data, log_NO2NO3 vs COG3709
2025-03-11 19:09:22.738867 DEBUG::`geom_smooth()` using formula = 'y ~ x'
2025-03-11 19:09:22.753894 INFO::Creating scatter plot for continuous data, log_NO2NO3 vs COG2346
2025-03-11 19:09:23.037444 DEBUG::`geom_smooth()` using formula = 'y ~ x'
2025-03-11 19:09:23.050504 INFO::Creating scatter plot for continuous data, log_NO2NO3 vs COG1133
2025-03-11 19:09:23.344439 DEBUG::`geom_smooth()` using formula = 'y ~ x'
2025-03-11 19:09:23.359672 INFO::Creating scatter plot for continuous data, log_NO2NO3 vs COG0438
2025-03-11 19:09:23.671921 DEBUG::`geom_smooth()` using formula = 'y ~ x'
2025-03-11 19:09:23.690567 INFO::Creating scatter plot for continuous data, log_NO2NO3 vs COG0758
2025-03-11 19:09:23.973999 DEBUG::`geom_smooth()` using formula = 'y ~ x'
2025-03-11 19:09:23.987941 INFO::Creating scatter plot for continuous data, log_NO2NO3 vs COG5631
2025-03-11 19:09:24.271218 DEBUG::`geom_smooth()` using formula = 'y ~ x'
2025-03-11 19:09:24.294004 INFO::Creating scatter plot for continuous data, log_NO2NO3 vs COG0148
2025-03-11 19:09:24.605115 DEBUG::`geom_smooth()` using formula = 'y ~ x'
2025-03-11 19:09:24.62959 INFO::Creating scatter plot for continuous data, log_NO2NO3 vs COG2603
2025-03-11 19:09:24.909403 DEBUG::`geom_smooth()` using formula = 'y ~ x'
2025-03-11 19:09:24.928995 INFO::Creating scatter plot for continuous data, log_NO2NO3 vs COG4587
2025-03-11 19:09:25.219566 DEBUG::`geom_smooth()` using formula = 'y ~ x'
2025-03-11 19:09:25.244614 INFO::Creating scatter plot for continuous data, log_NO2NO3 vs COG3627
2025-03-11 19:09:25.538115 DEBUG::`geom_smooth()` using formula = 'y ~ x'
2025-03-11 19:09:25.552326 INFO::Creating scatter plot for continuous data, log_NO2NO3 vs COG0547
2025-03-11 19:09:25.827641 DEBUG::`geom_smooth()` using formula = 'y ~ x'
2025-03-11 19:09:25.841273 INFO::Creating scatter plot for continuous data, log_NO2NO3 vs COG0516
2025-03-11 19:09:26.129016 DEBUG::`geom_smooth()` using formula = 'y ~ x'
2025-03-11 19:09:26.149702 INFO::Creating scatter plot for continuous data, log_NO2NO3 vs COG0647
2025-03-11 19:09:26.446432 DEBUG::`geom_smooth()` using formula = 'y ~ x'
2025-03-11 19:09:26.461575 INFO::Creating scatter plot for continuous data, log_NO2NO3 vs COG1948
2025-03-11 19:09:26.795412 DEBUG::`geom_smooth()` using formula = 'y ~ x'
2025-03-11 19:09:26.817054 INFO::Creating scatter plot for continuous data, log_NO2NO3 vs COG4391
2025-03-11 19:09:27.10302 DEBUG::`geom_smooth()` using formula = 'y ~ x'
2025-03-11 19:09:27.118637 INFO::Creating scatter plot for continuous data, log_NO2NO3 vs COG5505
2025-03-11 19:09:27.406716 DEBUG::`geom_smooth()` using formula = 'y ~ x'
2025-03-11 19:09:27.422866 INFO::Creating scatter plot for continuous data, log_NO2NO3 vs COG2920
2025-03-11 19:09:27.722113 DEBUG::`geom_smooth()` using formula = 'y ~ x'
2025-03-11 19:09:27.737379 INFO::Creating scatter plot for continuous data, log_NO2NO3 vs COG5014
2025-03-11 19:09:28.008068 DEBUG::`geom_smooth()` using formula = 'y ~ x'
2025-03-11 19:09:28.02136 INFO::Creating scatter plot for continuous data, log_NO2NO3 vs COG0099
2025-03-11 19:09:28.303693 DEBUG::`geom_smooth()` using formula = 'y ~ x'
2025-03-11 19:09:28.318935 INFO::Creating scatter plot for continuous data, log_NO2NO3 vs COG3941
2025-03-11 19:09:28.617991 DEBUG::`geom_smooth()` using formula = 'y ~ x'
2025-03-11 19:09:28.634374 INFO::Creating scatter plot for continuous data, log_NO2NO3 vs COG1945
2025-03-11 19:09:28.91207 DEBUG::`geom_smooth()` using formula = 'y ~ x'
2025-03-11 19:09:28.933687 INFO::Creating scatter plot for continuous data, log_NO2NO3 vs COG0257
2025-03-11 19:09:29.232689 DEBUG::`geom_smooth()` using formula = 'y ~ x'
2025-03-11 19:09:29.248199 INFO::Creating scatter plot for continuous data, log_NO2NO3 vs COG0185
2025-03-11 19:09:29.546318 DEBUG::`geom_smooth()` using formula = 'y ~ x'
2025-03-11 19:09:29.563176 INFO::Creating scatter plot for continuous data, log_NO2NO3 vs COG3626
2025-03-11 19:09:29.843282 DEBUG::`geom_smooth()` using formula = 'y ~ x'
2025-03-11 19:09:29.858304 INFO::Creating scatter plot for continuous data, log_NO2NO3 vs COG5452
2025-03-11 19:09:30.141028 DEBUG::`geom_smooth()` using formula = 'y ~ x'
2025-03-11 19:09:30.156192 INFO::Creating scatter plot for continuous data, log_NO2NO3 vs COG0220
2025-03-11 19:09:30.453057 DEBUG::`geom_smooth()` using formula = 'y ~ x'
2025-03-11 19:09:30.468296 INFO::Creating scatter plot for continuous data, log_NO2NO3 vs COG1576
2025-03-11 19:09:30.764264 DEBUG::`geom_smooth()` using formula = 'y ~ x'
2025-03-11 19:09:30.796093 INFO::Creating scatter plot for continuous data, log_NO2NO3 vs COG0593
2025-03-11 19:09:31.086809 DEBUG::`geom_smooth()` using formula = 'y ~ x'
2025-03-11 19:09:31.101784 INFO::Creating scatter plot for continuous data, log_NO2NO3 vs COG1305
2025-03-11 19:09:31.380057 DEBUG::`geom_smooth()` using formula = 'y ~ x'
2025-03-11 19:09:31.394268 INFO::Creating scatter plot for continuous data, log_NO2NO3 vs COG4046
2025-03-11 19:09:31.697647 DEBUG::`geom_smooth()` using formula = 'y ~ x'
2025-03-11 19:09:31.716615 INFO::Creating scatter plot for continuous data, log_NO2NO3 vs COG4969
2025-03-11 19:09:32.008338 DEBUG::`geom_smooth()` using formula = 'y ~ x'
2025-03-11 19:09:32.033903 INFO::Creating scatter plot for continuous data, log_NO2NO3 vs COG0247
2025-03-11 19:09:32.324285 DEBUG::`geom_smooth()` using formula = 'y ~ x'
2025-03-11 19:09:32.341144 INFO::Creating scatter plot for continuous data, log_NO2NO3 vs COG4371
2025-03-11 19:09:32.642627 DEBUG::`geom_smooth()` using formula = 'y ~ x'
2025-03-11 19:09:32.658689 INFO::Creating scatter plot for continuous data, log_NO2NO3 vs COG4374
2025-03-11 19:09:32.951443 DEBUG::`geom_smooth()` using formula = 'y ~ x'
2025-03-11 19:09:33.070917 INFO::Creating scatter plot for continuous data, log_NO2NO3 vs COG5360
2025-03-11 19:09:33.354996 DEBUG::`geom_smooth()` using formula = 'y ~ x'
2025-03-11 19:09:33.462595 INFO::Creating scatter plot for continuous data, log_NO2NO3 vs COG0056
2025-03-11 19:09:33.781672 DEBUG::`geom_smooth()` using formula = 'y ~ x'
2025-03-11 19:09:33.797685 INFO::Creating scatter plot for continuous data, log_NO2NO3 vs COG3086
2025-03-11 19:09:34.097324 DEBUG::`geom_smooth()` using formula = 'y ~ x'
2025-03-11 19:09:34.112661 INFO::Creating scatter plot for continuous data, log_NO2NO3 vs COG1361
2025-03-11 19:09:34.398106 DEBUG::`geom_smooth()` using formula = 'y ~ x'
2025-03-11 19:09:34.41327 INFO::Creating scatter plot for continuous data, log_NO2NO3 vs COG0394
2025-03-11 19:09:34.728106 DEBUG::`geom_smooth()` using formula = 'y ~ x'
2025-03-11 19:09:34.748126 INFO::Creating scatter plot for continuous data, log_NO2NO3 vs COG1602
2025-03-11 19:09:35.030529 DEBUG::`geom_smooth()` using formula = 'y ~ x'
2025-03-11 19:09:35.049954 INFO::Creating scatter plot for continuous data, log_NO2NO3 vs COG1578
2025-03-11 19:09:35.325721 DEBUG::`geom_smooth()` using formula = 'y ~ x'
2025-03-11 19:09:35.340293 INFO::Creating scatter plot for continuous data, log_NO2NO3 vs COG2106
2025-03-11 19:09:35.735163 DEBUG::`geom_smooth()` using formula = 'y ~ x'
2025-03-11 19:09:35.750031 INFO::Creating scatter plot for continuous data, log_NO2NO3 vs COG2350
2025-03-11 19:09:36.031822 DEBUG::`geom_smooth()` using formula = 'y ~ x'
2025-03-11 19:09:36.046132 INFO::Creating scatter plot for continuous data, log_NO2NO3 vs COG3164
2025-03-11 19:09:36.367814 DEBUG::`geom_smooth()` using formula = 'y ~ x'
2025-03-11 19:09:36.398487 INFO::Creating scatter plot for continuous data, log_NO2NO3 vs COG3596
2025-03-11 19:09:36.701434 DEBUG::`geom_smooth()` using formula = 'y ~ x'
2025-03-11 19:09:36.717044 INFO::Creating scatter plot for continuous data, log_NO2NO3 vs COG2332
2025-03-11 19:09:37.038514 DEBUG::`geom_smooth()` using formula = 'y ~ x'
2025-03-11 19:09:37.054925 INFO::Creating scatter plot for continuous data, log_NO2NO3 vs COG3765
2025-03-11 19:09:37.358276 DEBUG::`geom_smooth()` using formula = 'y ~ x'
2025-03-11 19:09:37.384366 INFO::Creating scatter plot for continuous data, log_NO2NO3 vs COG1142
2025-03-11 19:09:37.691601 DEBUG::`geom_smooth()` using formula = 'y ~ x'
2025-03-11 19:09:37.707364 INFO::Creating scatter plot for continuous data, log_NO2NO3 vs COG1983
2025-03-11 19:09:38.02483 DEBUG::`geom_smooth()` using formula = 'y ~ x'
2025-03-11 19:09:38.040133 INFO::Creating scatter plot for continuous data, log_NO2NO3 vs COG4706
2025-03-11 19:09:38.326275 DEBUG::`geom_smooth()` using formula = 'y ~ x'
2025-03-11 19:09:38.341497 INFO::Creating scatter plot for continuous data, log_NO2NO3 vs COG1090
2025-03-11 19:09:38.634287 DEBUG::`geom_smooth()` using formula = 'y ~ x'
2025-03-11 19:09:38.65663 INFO::Creating scatter plot for continuous data, log_NO2NO3 vs COG0750
2025-03-11 19:09:38.979465 DEBUG::`geom_smooth()` using formula = 'y ~ x'
2025-03-11 19:09:38.994959 INFO::Creating scatter plot for continuous data, log_NO2NO3 vs COG1801
2025-03-11 19:09:39.281173 DEBUG::`geom_smooth()` using formula = 'y ~ x'
2025-03-11 19:09:39.298067 INFO::Creating scatter plot for continuous data, log_NO2NO3 vs COG2141
2025-03-11 19:09:39.632005 DEBUG::`geom_smooth()` using formula = 'y ~ x'
2025-03-11 19:09:39.759518 INFO::Creating scatter plot for continuous data, log_NO2NO3 vs COG3642
2025-03-11 19:09:40.093716 DEBUG::`geom_smooth()` using formula = 'y ~ x'
2025-03-11 19:09:40.110565 INFO::Creating scatter plot for continuous data, log_NO2NO3 vs COG3010
2025-03-11 19:09:40.426145 DEBUG::`geom_smooth()` using formula = 'y ~ x'
2025-03-11 19:09:40.448225 INFO::Creating scatter plot for continuous data, log_NO2NO3 vs COG1964
2025-03-11 19:09:40.736286 DEBUG::`geom_smooth()` using formula = 'y ~ x'
2025-03-11 19:09:40.751713 INFO::Creating scatter plot for continuous data, log_NO2NO3 vs COG2406
2025-03-11 19:09:41.05419 DEBUG::`geom_smooth()` using formula = 'y ~ x'
2025-03-11 19:09:41.068029 INFO::Creating scatter plot for continuous data, log_NO2NO3 vs COG1032
2025-03-11 19:09:41.388958 DEBUG::`geom_smooth()` using formula = 'y ~ x'
2025-03-11 19:09:41.404119 INFO::Creating scatter plot for continuous data, log_NO2NO3 vs COG5373
2025-03-11 19:09:41.718282 DEBUG::`geom_smooth()` using formula = 'y ~ x'
2025-03-11 19:09:41.734208 INFO::Creating scatter plot for continuous data, log_NO2NO3 vs COG4799
2025-03-11 19:09:42.097081 DEBUG::`geom_smooth()` using formula = 'y ~ x'
2025-03-11 19:09:42.125229 INFO::Creating scatter plot for continuous data, log_NO2NO3 vs COG5413
2025-03-11 19:09:42.568083 DEBUG::`geom_smooth()` using formula = 'y ~ x'
2025-03-11 19:09:42.594883 INFO::Creating scatter plot for continuous data, log_NO2NO3 vs COG5465
2025-03-11 19:09:42.895747 DEBUG::`geom_smooth()` using formula = 'y ~ x'
2025-03-11 19:09:42.916445 INFO::Creating scatter plot for continuous data, log_NO2NO3 vs COG0161
2025-03-11 19:09:43.214494 DEBUG::`geom_smooth()` using formula = 'y ~ x'
2025-03-11 19:09:43.232941 INFO::Creating scatter plot for continuous data, log_NO2NO3 vs COG2246
2025-03-11 19:09:43.526897 DEBUG::`geom_smooth()` using formula = 'y ~ x'
2025-03-11 19:09:43.541847 INFO::Creating scatter plot for continuous data, log_NO2NO3 vs COG0771
2025-03-11 19:09:43.851209 DEBUG::`geom_smooth()` using formula = 'y ~ x'
2025-03-11 19:09:43.866251 INFO::Creating scatter plot for continuous data, log_NO2NO3 vs COG1325
2025-03-11 19:09:44.158341 DEBUG::`geom_smooth()` using formula = 'y ~ x'
2025-03-11 19:09:44.254953 INFO::Creating scatter plot for continuous data, log_NO2NO3 vs COG0624
2025-03-11 19:09:44.552289 DEBUG::`geom_smooth()` using formula = 'y ~ x'
2025-03-11 19:09:44.571998 INFO::Creating scatter plot for continuous data, log_NO2NO3 vs COG1818
2025-03-11 19:09:44.87724 DEBUG::`geom_smooth()` using formula = 'y ~ x'
2025-03-11 19:09:44.893176 INFO::Creating scatter plot for continuous data, log_NO2NO3 vs COG3225
2025-03-11 19:09:45.187316 DEBUG::`geom_smooth()` using formula = 'y ~ x'
2025-03-11 19:09:45.20121 INFO::Creating scatter plot for continuous data, log_NO2NO3 vs COG0665
2025-03-11 19:09:45.493333 DEBUG::`geom_smooth()` using formula = 'y ~ x'
2025-03-11 19:09:45.508849 INFO::Creating scatter plot for continuous data, log_NO2NO3 vs COG1635
2025-03-11 19:09:45.822149 DEBUG::`geom_smooth()` using formula = 'y ~ x'
2025-03-11 19:09:45.842789 INFO::Creating scatter plot for continuous data, log_NO2NO3 vs COG0640
2025-03-11 19:09:46.123229 DEBUG::`geom_smooth()` using formula = 'y ~ x'
2025-03-11 19:09:46.137977 INFO::Creating scatter plot for continuous data, log_NO2NO3 vs COG3124
2025-03-11 19:09:46.433235 DEBUG::`geom_smooth()` using formula = 'y ~ x'
2025-03-11 19:09:46.44721 INFO::Creating scatter plot for continuous data, log_NO2NO3 vs COG2013
2025-03-11 19:09:46.757138 DEBUG::`geom_smooth()` using formula = 'y ~ x'
2025-03-11 19:09:46.772308 INFO::Creating scatter plot for continuous data, log_NO2NO3 vs COG0267
2025-03-11 19:09:47.05613 DEBUG::`geom_smooth()` using formula = 'y ~ x'
2025-03-11 19:09:47.103963 INFO::Creating scatter plot for continuous data, log_NO2NO3 vs COG3454
2025-03-11 19:09:47.409152 DEBUG::`geom_smooth()` using formula = 'y ~ x'
2025-03-11 19:09:47.431943 INFO::Creating scatter plot for continuous data, log_NO2NO3 vs COG0380
2025-03-11 19:09:47.725891 DEBUG::`geom_smooth()` using formula = 'y ~ x'
2025-03-11 19:09:47.741563 INFO::Creating scatter plot for continuous data, log_NO2NO3 vs COG2822
2025-03-11 19:09:48.064736 DEBUG::`geom_smooth()` using formula = 'y ~ x'
2025-03-11 19:09:48.076699 INFO::Creating scatter plot for continuous data, log_NO2NO3 vs COG2512
2025-03-11 19:09:48.378184 DEBUG::`geom_smooth()` using formula = 'y ~ x'
2025-03-11 19:09:48.393352 INFO::Creating scatter plot for continuous data, log_NO2NO3 vs COG0146
2025-03-11 19:09:48.704564 DEBUG::`geom_smooth()` using formula = 'y ~ x'
2025-03-11 19:09:48.71841 INFO::Creating scatter plot for continuous data, log_NO2NO3 vs COG3125
2025-03-11 19:09:49.074439 DEBUG::`geom_smooth()` using formula = 'y ~ x'
2025-03-11 19:09:49.089261 INFO::Creating scatter plot for continuous data, log_NO2NO3 vs COG0584
2025-03-11 19:09:49.381171 DEBUG::`geom_smooth()` using formula = 'y ~ x'
2025-03-11 19:09:49.399862 INFO::Creating scatter plot for continuous data, log_NO2NO3 vs COG0550
2025-03-11 19:09:49.718876 DEBUG::`geom_smooth()` using formula = 'y ~ x'
2025-03-11 19:09:49.762525 INFO::Creating scatter plot for continuous data, log_NO2NO3 vs COG2148
2025-03-11 19:09:50.088537 DEBUG::`geom_smooth()` using formula = 'y ~ x'
2025-03-11 19:09:50.106903 INFO::Creating scatter plot for continuous data, log_NO2NO3 vs COG1879
2025-03-11 19:09:50.392643 DEBUG::`geom_smooth()` using formula = 'y ~ x'
2025-03-11 19:09:50.412755 INFO::Creating scatter plot for continuous data, log_NO2NO3 vs COG1177
2025-03-11 19:09:50.701909 DEBUG::`geom_smooth()` using formula = 'y ~ x'
2025-03-11 19:09:50.721601 INFO::Creating scatter plot for continuous data, log_NO2NO3 vs COG0763
2025-03-11 19:09:51.03481 DEBUG::`geom_smooth()` using formula = 'y ~ x'
2025-03-11 19:09:51.050637 INFO::Creating scatter plot for continuous data, log_NO2NO3 vs COG1284
2025-03-11 19:09:51.341717 DEBUG::`geom_smooth()` using formula = 'y ~ x'
2025-03-11 19:09:51.380118 INFO::Creating scatter plot for continuous data, log_NO2NO3 vs COG4328
2025-03-11 19:09:51.677347 DEBUG::`geom_smooth()` using formula = 'y ~ x'
2025-03-11 19:09:51.692237 INFO::Creating scatter plot for continuous data, log_NO2NO3 vs COG0697
2025-03-11 19:09:52.00752 DEBUG::`geom_smooth()` using formula = 'y ~ x'
2025-03-11 19:09:52.102685 INFO::Creating scatter plot for continuous data, log_NO2NO3 vs COG2389
2025-03-11 19:09:52.390645 DEBUG::`geom_smooth()` using formula = 'y ~ x'
2025-03-11 19:09:52.415514 INFO::Creating scatter plot for continuous data, log_NO2NO3 vs COG2942
2025-03-11 19:09:52.707477 DEBUG::`geom_smooth()` using formula = 'y ~ x'
2025-03-11 19:09:52.723251 INFO::Creating scatter plot for continuous data, log_NO2NO3 vs COG1561
2025-03-11 19:09:53.033442 DEBUG::`geom_smooth()` using formula = 'y ~ x'
2025-03-11 19:09:53.04875 INFO::Creating scatter plot for continuous data, log_NO2NO3 vs COG1676
2025-03-11 19:09:53.366271 DEBUG::`geom_smooth()` using formula = 'y ~ x'
2025-03-11 19:09:53.381613 INFO::Creating scatter plot for continuous data, log_NO2NO3 vs COG0348
2025-03-11 19:09:53.663979 DEBUG::`geom_smooth()` using formula = 'y ~ x'
2025-03-11 19:09:53.676861 INFO::Creating scatter plot for continuous data, log_NO2NO3 vs COG1838
2025-03-11 19:09:53.961824 DEBUG::`geom_smooth()` using formula = 'y ~ x'
2025-03-11 19:09:53.976653 INFO::Creating scatter plot for continuous data, log_NO2NO3 vs COG1926
2025-03-11 19:09:54.289905 DEBUG::`geom_smooth()` using formula = 'y ~ x'
2025-03-11 19:09:54.316736 INFO::Creating scatter plot for continuous data, log_NO2NO3 vs COG4911
2025-03-11 19:09:54.60219 DEBUG::`geom_smooth()` using formula = 'y ~ x'
2025-03-11 19:09:54.671143 INFO::Creating scatter plot for continuous data, log_NO2NO3 vs COG1309
2025-03-11 19:09:54.959593 DEBUG::`geom_smooth()` using formula = 'y ~ x'
2025-03-11 19:09:54.982259 INFO::Creating scatter plot for continuous data, log_NO2NO3 vs COG4970
2025-03-11 19:09:55.295137 DEBUG::`geom_smooth()` using formula = 'y ~ x'
2025-03-11 19:09:55.321221 INFO::Creating scatter plot for continuous data, log_NO2NO3 vs COG0096
2025-03-11 19:09:55.600783 DEBUG::`geom_smooth()` using formula = 'y ~ x'
2025-03-11 19:09:55.622021 INFO::Creating scatter plot for continuous data, log_NO2NO3 vs COG2514
2025-03-11 19:09:55.914379 DEBUG::`geom_smooth()` using formula = 'y ~ x'
2025-03-11 19:09:55.929634 INFO::Creating scatter plot for continuous data, log_NO2NO3 vs COG0778
2025-03-11 19:09:56.242481 DEBUG::`geom_smooth()` using formula = 'y ~ x'
2025-03-11 19:09:56.257368 INFO::Creating scatter plot for continuous data, log_NO2NO3 vs COG3786
2025-03-11 19:09:56.538674 DEBUG::`geom_smooth()` using formula = 'y ~ x'
2025-03-11 19:09:56.553287 INFO::Creating scatter plot for continuous data, log_NO2NO3 vs COG4787
2025-03-11 19:09:56.846301 DEBUG::`geom_smooth()` using formula = 'y ~ x'
2025-03-11 19:09:56.860124 INFO::Creating scatter plot for continuous data, log_NO2NO3 vs COG0395
2025-03-11 19:09:57.172941 DEBUG::`geom_smooth()` using formula = 'y ~ x'
2025-03-11 19:09:57.188257 INFO::Creating scatter plot for continuous data, log_NO2NO3 vs COG1819
2025-03-11 19:09:57.470577 DEBUG::`geom_smooth()` using formula = 'y ~ x'
2025-03-11 19:09:57.494534 INFO::Creating scatter plot for continuous data, log_NO2NO3 vs COG3737
2025-03-11 19:09:57.776564 DEBUG::`geom_smooth()` using formula = 'y ~ x'
2025-03-11 19:09:57.801076 INFO::Creating scatter plot for continuous data, log_NO2NO3 vs COG0627
2025-03-11 19:09:58.151414 DEBUG::`geom_smooth()` using formula = 'y ~ x'
2025-03-11 19:09:58.177528 INFO::Creating scatter plot for continuous data, log_NO2NO3 vs COG3091
2025-03-11 19:09:58.482564 DEBUG::`geom_smooth()` using formula = 'y ~ x'
2025-03-11 19:09:58.498004 INFO::Creating scatter plot for continuous data, log_NO2NO3 vs COG4185
2025-03-11 19:09:58.78256 DEBUG::`geom_smooth()` using formula = 'y ~ x'
2025-03-11 19:09:58.799615 INFO::Creating scatter plot for continuous data, log_NO2NO3 vs COG0297
2025-03-11 19:09:59.099675 DEBUG::`geom_smooth()` using formula = 'y ~ x'
2025-03-11 19:09:59.193711 INFO::Creating scatter plot for continuous data, log_NO2NO3 vs COG0515
2025-03-11 19:09:59.510682 DEBUG::`geom_smooth()` using formula = 'y ~ x'
2025-03-11 19:09:59.526198 INFO::Creating scatter plot for continuous data, log_NO2NO3 vs COG1189
2025-03-11 19:09:59.835099 DEBUG::`geom_smooth()` using formula = 'y ~ x'
2025-03-11 19:09:59.856656 INFO::Creating scatter plot for continuous data, log_NO2NO3 vs COG0204
2025-03-11 19:10:00.148156 DEBUG::`geom_smooth()` using formula = 'y ~ x'
2025-03-11 19:10:00.163213 INFO::Creating scatter plot for continuous data, log_NO2NO3 vs COG3677
2025-03-11 19:10:00.495427 DEBUG::`geom_smooth()` using formula = 'y ~ x'
2025-03-11 19:10:00.51569 INFO::Creating scatter plot for continuous data, log_NO2NO3 vs COG0723
2025-03-11 19:10:00.810194 DEBUG::`geom_smooth()` using formula = 'y ~ x'
2025-03-11 19:10:00.825388 INFO::Creating scatter plot for continuous data, log_NO2NO3 vs COG0049
2025-03-11 19:10:01.11395 DEBUG::`geom_smooth()` using formula = 'y ~ x'
2025-03-11 19:10:01.129595 INFO::Creating scatter plot for continuous data, log_NO2NO3 vs COG0693
2025-03-11 19:10:01.454258 DEBUG::`geom_smooth()` using formula = 'y ~ x'
2025-03-11 19:10:01.472765 INFO::Creating scatter plot for continuous data, log_NO2NO3 vs COG2150
2025-03-11 19:10:01.921859 DEBUG::`geom_smooth()` using formula = 'y ~ x'
2025-03-11 19:10:01.938992 INFO::Creating scatter plot for continuous data, log_NO2NO3 vs COG2861
2025-03-11 19:10:02.24357 DEBUG::`geom_smooth()` using formula = 'y ~ x'
2025-03-11 19:10:02.269509 INFO::Creating scatter plot for continuous data, log_NO2NO3 vs COG1355
2025-03-11 19:10:02.5573 DEBUG::`geom_smooth()` using formula = 'y ~ x'
2025-03-11 19:10:02.58366 INFO::Creating scatter plot for continuous data, log_NO2NO3 vs COG3031
2025-03-11 19:10:02.912856 DEBUG::`geom_smooth()` using formula = 'y ~ x'
2025-03-11 19:10:02.938213 INFO::Creating scatter plot for continuous data, log_NO2NO3 vs COG2340
2025-03-11 19:10:03.243285 DEBUG::`geom_smooth()` using formula = 'y ~ x'
2025-03-11 19:10:03.258631 INFO::Creating scatter plot for continuous data, log_NO2NO3 vs COG0034
2025-03-11 19:10:03.557426 DEBUG::`geom_smooth()` using formula = 'y ~ x'
2025-03-11 19:10:03.572362 INFO::Creating scatter plot for continuous data, log_NO2NO3 vs COG0048
2025-03-11 19:10:03.900938 DEBUG::`geom_smooth()` using formula = 'y ~ x'
2025-03-11 19:10:04.004615 INFO::Creating scatter plot for continuous data, log_NO2NO3 vs COG0824
2025-03-11 19:10:04.298298 DEBUG::`geom_smooth()` using formula = 'y ~ x'
2025-03-11 19:10:04.313721 INFO::Creating scatter plot for continuous data, log_NO2NO3 vs COG1593
2025-03-11 19:10:04.599506 DEBUG::`geom_smooth()` using formula = 'y ~ x'
2025-03-11 19:10:04.614723 INFO::Creating scatter plot for continuous data, log_NO2NO3 vs COG3054
2025-03-11 19:10:04.929132 DEBUG::`geom_smooth()` using formula = 'y ~ x'
2025-03-11 19:10:04.944695 INFO::Creating scatter plot for continuous data, log_NO2NO3 vs COG3850
2025-03-11 19:10:05.243718 DEBUG::`geom_smooth()` using formula = 'y ~ x'
2025-03-11 19:10:05.2582 INFO::Creating scatter plot for continuous data, log_NO2NO3 vs COG1871
2025-03-11 19:10:05.550272 DEBUG::`geom_smooth()` using formula = 'y ~ x'
2025-03-11 19:10:05.565469 INFO::Creating scatter plot for continuous data, log_NO2NO3 vs COG3682
2025-03-11 19:10:05.869284 DEBUG::`geom_smooth()` using formula = 'y ~ x'
2025-03-11 19:10:05.88537 INFO::Creating scatter plot for continuous data, log_NO2NO3 vs COG1711
2025-03-11 19:10:06.201575 DEBUG::`geom_smooth()` using formula = 'y ~ x'
2025-03-11 19:10:06.216709 INFO::Creating scatter plot for continuous data, log_NO2NO3 vs COG5549
2025-03-11 19:10:06.506667 DEBUG::`geom_smooth()` using formula = 'y ~ x'
2025-03-11 19:10:06.518252 INFO::Creating scatter plot for continuous data, log_NO2NO3 vs COG0819
2025-03-11 19:10:06.84212 DEBUG::`geom_smooth()` using formula = 'y ~ x'
2025-03-11 19:10:06.857512 INFO::Creating scatter plot for continuous data, log_NO2NO3 vs COG0313
2025-03-11 19:10:07.175754 DEBUG::`geom_smooth()` using formula = 'y ~ x'
2025-03-11 19:10:07.190595 INFO::Creating scatter plot for continuous data, log_NO2NO3 vs COG1738
2025-03-11 19:10:07.469471 DEBUG::`geom_smooth()` using formula = 'y ~ x'
2025-03-11 19:10:07.491148 INFO::Creating scatter plot for continuous data, log_NO2NO3 vs COG2738
2025-03-11 19:10:07.788307 DEBUG::`geom_smooth()` using formula = 'y ~ x'
2025-03-11 19:10:07.817151 INFO::Creating scatter plot for continuous data, log_NO2NO3 vs COG1386
2025-03-11 19:10:08.142972 DEBUG::`geom_smooth()` using formula = 'y ~ x'
2025-03-11 19:10:08.167723 INFO::Creating scatter plot for continuous data, log_NO2NO3 vs COG3160
2025-03-11 19:10:08.462669 DEBUG::`geom_smooth()` using formula = 'y ~ x'
2025-03-11 19:10:08.485106 INFO::Creating scatter plot for continuous data, log_NO2NO3 vs COG1526
2025-03-11 19:10:08.774084 DEBUG::`geom_smooth()` using formula = 'y ~ x'
2025-03-11 19:10:08.807938 INFO::Creating scatter plot for continuous data, log_NO2NO3 vs COG1179
2025-03-11 19:10:09.11621 DEBUG::`geom_smooth()` using formula = 'y ~ x'
2025-03-11 19:10:09.131349 INFO::Creating scatter plot for continuous data, log_NO2NO3 vs COG0322
2025-03-11 19:10:09.435169 DEBUG::`geom_smooth()` using formula = 'y ~ x'
2025-03-11 19:10:09.591208 INFO::Creating scatter plot for continuous data, log_NO2NO3 vs COG1300
2025-03-11 19:10:09.897401 DEBUG::`geom_smooth()` using formula = 'y ~ x'
2025-03-11 19:10:09.918185 INFO::Creating scatter plot for continuous data, log_NO2NO3 vs COG3027
2025-03-11 19:10:10.204251 DEBUG::`geom_smooth()` using formula = 'y ~ x'
2025-03-11 19:10:10.222666 INFO::Creating scatter plot for continuous data, log_NO2NO3 vs COG4219
2025-03-11 19:10:10.539458 DEBUG::`geom_smooth()` using formula = 'y ~ x'
2025-03-11 19:10:10.555066 INFO::Creating scatter plot for continuous data, log_NO2NO3 vs COG5491
2025-03-11 19:10:10.837906 DEBUG::`geom_smooth()` using formula = 'y ~ x'
2025-03-11 19:10:10.855094 INFO::Creating scatter plot for continuous data, log_NO2NO3 vs COG2207
2025-03-11 19:10:11.153527 DEBUG::`geom_smooth()` using formula = 'y ~ x'
2025-03-11 19:10:11.168074 INFO::Creating scatter plot for continuous data, log_NO2NO3 vs COG3444
2025-03-11 19:10:11.489737 DEBUG::`geom_smooth()` using formula = 'y ~ x'
2025-03-11 19:10:11.505015 INFO::Creating scatter plot for continuous data, log_NO2NO3 vs COG0041
2025-03-11 19:10:11.793489 DEBUG::`geom_smooth()` using formula = 'y ~ x'
2025-03-11 19:10:11.808176 INFO::Creating scatter plot for continuous data, log_NO2NO3 vs COG1619
2025-03-11 19:10:12.090054 DEBUG::`geom_smooth()` using formula = 'y ~ x'
2025-03-11 19:10:12.110084 INFO::Creating scatter plot for continuous data, log_NO2NO3 vs COG1410
2025-03-11 19:10:12.441041 DEBUG::`geom_smooth()` using formula = 'y ~ x'
2025-03-11 19:10:12.456755 INFO::Creating scatter plot for continuous data, log_NO2NO3 vs COG4221
2025-03-11 19:10:12.771776 DEBUG::`geom_smooth()` using formula = 'y ~ x'
2025-03-11 19:10:12.794062 INFO::Creating scatter plot for continuous data, log_NO2NO3 vs COG2897
2025-03-11 19:10:13.078737 DEBUG::`geom_smooth()` using formula = 'y ~ x'
2025-03-11 19:10:13.094125 INFO::Creating scatter plot for continuous data, log_NO2NO3 vs COG1690
2025-03-11 19:10:13.414424 DEBUG::`geom_smooth()` using formula = 'y ~ x'
2025-03-11 19:10:13.433596 INFO::Creating scatter plot for continuous data, log_NO2NO3 vs COG3614
2025-03-11 19:10:13.716617 DEBUG::`geom_smooth()` using formula = 'y ~ x'
2025-03-11 19:10:13.732003 INFO::Creating scatter plot for continuous data, log_NO2NO3 vs COG0088
2025-03-11 19:10:14.03165 DEBUG::`geom_smooth()` using formula = 'y ~ x'
2025-03-11 19:10:14.04412 INFO::Creating scatter plot for continuous data, log_NO2NO3 vs COG1063
2025-03-11 19:10:14.346577 DEBUG::`geom_smooth()` using formula = 'y ~ x'
2025-03-11 19:10:14.366678 INFO::Creating scatter plot for continuous data, log_NO2NO3 vs COG1979
2025-03-11 19:10:14.774585 DEBUG::`geom_smooth()` using formula = 'y ~ x'
2025-03-11 19:10:14.790666 INFO::Creating scatter plot for continuous data, log_NO2NO3 vs COG0376
2025-03-11 19:10:15.082499 DEBUG::`geom_smooth()` using formula = 'y ~ x'
2025-03-11 19:10:15.099194 INFO::Creating scatter plot for continuous data, log_NO2NO3 vs COG2964
2025-03-11 19:10:15.385089 DEBUG::`geom_smooth()` using formula = 'y ~ x'
2025-03-11 19:10:15.400393 INFO::Creating scatter plot for continuous data, log_NO2NO3 vs COG3217
2025-03-11 19:10:15.71939 DEBUG::`geom_smooth()` using formula = 'y ~ x'
2025-03-11 19:10:15.736075 INFO::Creating scatter plot for continuous data, log_NO2NO3 vs COG2855
2025-03-11 19:10:16.017957 DEBUG::`geom_smooth()` using formula = 'y ~ x'
2025-03-11 19:10:16.033019 INFO::Creating scatter plot for continuous data, log_NO2NO3 vs COG1630
2025-03-11 19:10:16.323429 DEBUG::`geom_smooth()` using formula = 'y ~ x'
2025-03-11 19:10:16.336206 INFO::Creating scatter plot for continuous data, log_NO2NO3 vs COG4245
2025-03-11 19:10:16.662844 DEBUG::`geom_smooth()` using formula = 'y ~ x'
2025-03-11 19:10:16.67778 INFO::Creating scatter plot for continuous data, log_NO2NO3 vs COG3147
2025-03-11 19:10:16.959258 DEBUG::`geom_smooth()` using formula = 'y ~ x'
2025-03-11 19:10:17.133136 INFO::Creating scatter plot for continuous data, log_NO2NO3 vs COG3191
2025-03-11 19:10:17.420419 DEBUG::`geom_smooth()` using formula = 'y ~ x'
2025-03-11 19:10:17.4433 INFO::Creating scatter plot for continuous data, log_NO2NO3 vs COG3945
2025-03-11 19:10:17.757936 DEBUG::`geom_smooth()` using formula = 'y ~ x'
2025-03-11 19:10:17.79986 INFO::Creating scatter plot for continuous data, log_NO2NO3 vs COG1683
2025-03-11 19:10:18.094323 DEBUG::`geom_smooth()` using formula = 'y ~ x'
2025-03-11 19:10:18.122296 INFO::Creating scatter plot for continuous data, log_NO2NO3 vs COG1980
2025-03-11 19:10:18.40984 DEBUG::`geom_smooth()` using formula = 'y ~ x'
2025-03-11 19:10:18.426049 INFO::Creating scatter plot for continuous data, log_NO2NO3 vs COG4764
2025-03-11 19:10:18.741822 DEBUG::`geom_smooth()` using formula = 'y ~ x'
2025-03-11 19:10:18.757024 INFO::Creating scatter plot for continuous data, log_NO2NO3 vs COG2364
2025-03-11 19:10:19.042693 DEBUG::`geom_smooth()` using formula = 'y ~ x'
2025-03-11 19:10:19.056282 INFO::Creating scatter plot for continuous data, log_NO2NO3 vs COG0498
2025-03-11 19:10:19.33936 DEBUG::`geom_smooth()` using formula = 'y ~ x'
2025-03-11 19:10:19.351046 INFO::Creating scatter plot for continuous data, log_NO2NO3 vs COG2080
2025-03-11 19:10:19.667341 DEBUG::`geom_smooth()` using formula = 'y ~ x'
2025-03-11 19:10:19.682966 INFO::Creating scatter plot for continuous data, log_NO2NO3 vs COG1003
2025-03-11 19:10:19.96828 DEBUG::`geom_smooth()` using formula = 'y ~ x'
2025-03-11 19:10:19.98362 INFO::Creating scatter plot for continuous data, log_NO2NO3 vs COG0206
2025-03-11 19:10:20.270095 DEBUG::`geom_smooth()` using formula = 'y ~ x'
2025-03-11 19:10:20.285532 INFO::Creating scatter plot for continuous data, log_NO2NO3 vs COG2046
2025-03-11 19:10:20.696154 DEBUG::`geom_smooth()` using formula = 'y ~ x'
2025-03-11 19:10:20.711516 INFO::Creating scatter plot for continuous data, log_NO2NO3 vs COG3785
2025-03-11 19:10:20.992161 DEBUG::`geom_smooth()` using formula = 'y ~ x'
2025-03-11 19:10:21.011059 INFO::Creating scatter plot for continuous data, log_NO2NO3 vs COG4247
2025-03-11 19:10:21.310147 DEBUG::`geom_smooth()` using formula = 'y ~ x'
2025-03-11 19:10:21.325769 INFO::Creating scatter plot for continuous data, log_NO2NO3 vs COG0008
2025-03-11 19:10:21.631612 DEBUG::`geom_smooth()` using formula = 'y ~ x'
2025-03-11 19:10:21.646367 INFO::Creating scatter plot for continuous data, log_NO2NO3 vs COG0029
2025-03-11 19:10:21.95219 DEBUG::`geom_smooth()` using formula = 'y ~ x'
2025-03-11 19:10:21.967428 INFO::Creating scatter plot for continuous data, log_NO2NO3 vs COG1514
2025-03-11 19:10:22.298232 DEBUG::`geom_smooth()` using formula = 'y ~ x'
2025-03-11 19:10:22.313675 INFO::Creating scatter plot for continuous data, log_NO2NO3 vs COG3106
2025-03-11 19:10:22.597829 DEBUG::`geom_smooth()` using formula = 'y ~ x'
2025-03-11 19:10:22.617377 INFO::Creating scatter plot for continuous data, log_NO2NO3 vs COG5473
2025-03-11 19:10:22.937232 DEBUG::`geom_smooth()` using formula = 'y ~ x'
2025-03-11 19:10:22.956217 INFO::Creating scatter plot for continuous data, log_NO2NO3 vs COG3913
2025-03-11 19:10:23.245311 DEBUG::`geom_smooth()` using formula = 'y ~ x'
2025-03-11 19:10:23.269826 INFO::Creating scatter plot for continuous data, log_NO2NO3 vs COG4830
2025-03-11 19:10:23.579815 DEBUG::`geom_smooth()` using formula = 'y ~ x'
2025-03-11 19:10:23.595497 INFO::Creating scatter plot for continuous data, log_NO2NO3 vs COG1288
2025-03-11 19:10:23.90117 DEBUG::`geom_smooth()` using formula = 'y ~ x'
2025-03-11 19:10:23.916672 INFO::Creating scatter plot for continuous data, log_NO2NO3 vs COG3314
2025-03-11 19:10:24.224186 DEBUG::`geom_smooth()` using formula = 'y ~ x'
2025-03-11 19:10:24.239153 INFO::Creating scatter plot for continuous data, log_NO2NO3 vs COG3587
2025-03-11 19:10:24.539218 DEBUG::`geom_smooth()` using formula = 'y ~ x'
2025-03-11 19:10:24.55659 INFO::Creating scatter plot for continuous data, log_NO2NO3 vs COG1960
2025-03-11 19:10:24.851759 DEBUG::`geom_smooth()` using formula = 'y ~ x'
2025-03-11 19:10:24.873572 INFO::Creating scatter plot for continuous data, log_NO2NO3 vs COG2958
2025-03-11 19:10:25.192879 DEBUG::`geom_smooth()` using formula = 'y ~ x'
2025-03-11 19:10:25.216764 INFO::Creating scatter plot for continuous data, log_NO2NO3 vs COG3464
2025-03-11 19:10:25.507157 DEBUG::`geom_smooth()` using formula = 'y ~ x'
2025-03-11 19:10:25.530928 INFO::Creating scatter plot for continuous data, log_NO2NO3 vs COG4257
2025-03-11 19:10:25.81685 DEBUG::`geom_smooth()` using formula = 'y ~ x'
2025-03-11 19:10:25.831655 INFO::Creating scatter plot for continuous data, log_NO2NO3 vs COG0746
2025-03-11 19:10:26.139194 DEBUG::`geom_smooth()` using formula = 'y ~ x'
2025-03-11 19:10:26.153912 INFO::Creating scatter plot for continuous data, log_NO2NO3 vs COG1415
2025-03-11 19:10:26.439008 DEBUG::`geom_smooth()` using formula = 'y ~ x'
2025-03-11 19:10:26.455599 INFO::Creating scatter plot for continuous data, log_NO2NO3 vs COG3426
2025-03-11 19:10:26.745459 DEBUG::`geom_smooth()` using formula = 'y ~ x'
2025-03-11 19:10:26.760294 INFO::Creating scatter plot for continuous data, log_NO2NO3 vs COG0804
2025-03-11 19:10:27.068112 DEBUG::`geom_smooth()` using formula = 'y ~ x'
2025-03-11 19:10:27.083448 INFO::Creating scatter plot for continuous data, log_NO2NO3 vs COG1431
2025-03-11 19:10:27.360789 DEBUG::`geom_smooth()` using formula = 'y ~ x'
2025-03-11 19:10:27.376266 INFO::Creating scatter plot for continuous data, log_NO2NO3 vs COG3473
2025-03-11 19:10:27.764199 DEBUG::`geom_smooth()` using formula = 'y ~ x'
2025-03-11 19:10:27.777927 INFO::Creating scatter plot for continuous data, log_NO2NO3 vs COG2203
2025-03-11 19:10:28.078211 DEBUG::`geom_smooth()` using formula = 'y ~ x'
2025-03-11 19:10:28.099826 INFO::Creating scatter plot for continuous data, log_NO2NO3 vs COG3693
2025-03-11 19:10:28.398693 DEBUG::`geom_smooth()` using formula = 'y ~ x'
2025-03-11 19:10:28.419496 INFO::Creating scatter plot for continuous data, log_NO2NO3 vs COG4318
2025-03-11 19:10:28.706685 DEBUG::`geom_smooth()` using formula = 'y ~ x'
2025-03-11 19:10:28.722109 INFO::Creating scatter plot for continuous data, log_NO2NO3 vs COG3236
2025-03-11 19:10:29.004753 DEBUG::`geom_smooth()` using formula = 'y ~ x'
2025-03-11 19:10:29.019847 INFO::Creating scatter plot for continuous data, log_NO2NO3 vs COG2162
2025-03-11 19:10:29.328178 DEBUG::`geom_smooth()` using formula = 'y ~ x'
2025-03-11 19:10:29.34342 INFO::Creating scatter plot for continuous data, log_NO2NO3 vs COG0375
2025-03-11 19:10:29.631165 DEBUG::`geom_smooth()` using formula = 'y ~ x'
2025-03-11 19:10:29.644757 INFO::Creating scatter plot for continuous data, log_NO2NO3 vs COG5350
2025-03-11 19:10:29.937749 DEBUG::`geom_smooth()` using formula = 'y ~ x'
2025-03-11 19:10:29.953378 INFO::Creating scatter plot for continuous data, log_NO2NO3 vs COG0448
2025-03-11 19:10:30.267053 DEBUG::`geom_smooth()` using formula = 'y ~ x'
2025-03-11 19:10:30.282373 INFO::Creating scatter plot for continuous data, log_NO2NO3 vs COG1220
2025-03-11 19:10:30.576698 DEBUG::`geom_smooth()` using formula = 'y ~ x'
2025-03-11 19:10:30.595087 INFO::Creating scatter plot for continuous data, log_NO2NO3 vs COG4566
2025-03-11 19:10:30.885253 DEBUG::`geom_smooth()` using formula = 'y ~ x'
2025-03-11 19:10:30.900215 INFO::Creating scatter plot for continuous data, log_NO2NO3 vs COG2090
2025-03-11 19:10:31.207953 DEBUG::`geom_smooth()` using formula = 'y ~ x'
2025-03-11 19:10:31.220111 INFO::Creating scatter plot for continuous data, log_NO2NO3 vs COG4715
2025-03-11 19:10:31.505965 DEBUG::`geom_smooth()` using formula = 'y ~ x'
2025-03-11 19:10:31.520993 INFO::Creating scatter plot for continuous data, log_NO2NO3 vs COG2169
2025-03-11 19:10:31.814771 DEBUG::`geom_smooth()` using formula = 'y ~ x'
2025-03-11 19:10:31.833333 INFO::Creating scatter plot for continuous data, log_NO2NO3 vs COG1589
2025-03-11 19:10:32.135008 DEBUG::`geom_smooth()` using formula = 'y ~ x'
2025-03-11 19:10:32.150195 INFO::Creating scatter plot for continuous data, log_NO2NO3 vs COG0769
2025-03-11 19:10:32.449465 DEBUG::`geom_smooth()` using formula = 'y ~ x'
2025-03-11 19:10:32.464386 INFO::Creating scatter plot for continuous data, log_NO2NO3 vs COG1486
2025-03-11 19:10:32.753241 DEBUG::`geom_smooth()` using formula = 'y ~ x'
2025-03-11 19:10:32.776364 INFO::Creating scatter plot for continuous data, log_NO2NO3 vs COG0304
2025-03-11 19:10:33.063489 DEBUG::`geom_smooth()` using formula = 'y ~ x'
2025-03-11 19:10:33.083634 INFO::Creating scatter plot for continuous data, log_NO2NO3 vs COG0051
2025-03-11 19:10:33.410837 DEBUG::`geom_smooth()` using formula = 'y ~ x'
2025-03-11 19:10:33.43108 INFO::Creating scatter plot for continuous data, log_NO2NO3 vs COG0823
2025-03-11 19:10:33.715568 DEBUG::`geom_smooth()` using formula = 'y ~ x'
2025-03-11 19:10:33.731031 INFO::Creating scatter plot for continuous data, log_NO2NO3 vs COG3321
2025-03-11 19:10:34.011119 DEBUG::`geom_smooth()` using formula = 'y ~ x'
2025-03-11 19:10:34.026482 INFO::Creating scatter plot for continuous data, log_NO2NO3 vs COG1918
2025-03-11 19:10:34.33529 DEBUG::`geom_smooth()` using formula = 'y ~ x'
2025-03-11 19:10:34.365891 INFO::Creating scatter plot for continuous data, log_NO2NO3 vs COG0133
2025-03-11 19:10:34.651844 DEBUG::`geom_smooth()` using formula = 'y ~ x'
2025-03-11 19:10:34.666991 INFO::Creating scatter plot for continuous data, log_NO2NO3 vs COG0773
2025-03-11 19:10:34.970002 DEBUG::`geom_smooth()` using formula = 'y ~ x'
2025-03-11 19:10:34.984501 INFO::Creating scatter plot for continuous data, log_NO2NO3 vs COG1513
2025-03-11 19:10:35.294408 DEBUG::`geom_smooth()` using formula = 'y ~ x'
2025-03-11 19:10:35.309915 INFO::Creating scatter plot for continuous data, log_NO2NO3 vs COG0552
2025-03-11 19:10:35.597024 DEBUG::`geom_smooth()` using formula = 'y ~ x'
2025-03-11 19:10:35.61159 INFO::Creating scatter plot for continuous data, log_NO2NO3 vs COG2982
2025-03-11 19:10:35.906781 DEBUG::`geom_smooth()` using formula = 'y ~ x'
2025-03-11 19:10:35.922145 INFO::Creating scatter plot for continuous data, log_NO2NO3 vs COG2183
2025-03-11 19:10:36.235488 DEBUG::`geom_smooth()` using formula = 'y ~ x'
2025-03-11 19:10:36.25368 INFO::Creating scatter plot for continuous data, log_NO2NO3 vs COG0710
2025-03-11 19:10:36.539367 DEBUG::`geom_smooth()` using formula = 'y ~ x'
2025-03-11 19:10:36.553925 INFO::Creating scatter plot for continuous data, log_NO2NO3 vs COG1898
2025-03-11 19:10:36.855227 DEBUG::`geom_smooth()` using formula = 'y ~ x'
2025-03-11 19:10:36.870177 INFO::Creating scatter plot for continuous data, log_NO2NO3 vs COG3713
2025-03-11 19:10:37.183384 DEBUG::`geom_smooth()` using formula = 'y ~ x'
2025-03-11 19:10:37.208888 INFO::Creating scatter plot for continuous data, log_NO2NO3 vs COG0403
2025-03-11 19:10:37.493077 DEBUG::`geom_smooth()` using formula = 'y ~ x'
2025-03-11 19:10:37.507976 INFO::Creating scatter plot for continuous data, log_NO2NO3 vs COG1664
2025-03-11 19:10:37.808159 DEBUG::`geom_smooth()` using formula = 'y ~ x'
2025-03-11 19:10:37.826511 INFO::Creating scatter plot for continuous data, log_NO2NO3 vs COG0518
2025-03-11 19:10:38.110383 DEBUG::`geom_smooth()` using formula = 'y ~ x'
2025-03-11 19:10:38.128742 INFO::Creating scatter plot for continuous data, log_NO2NO3 vs COG3043
2025-03-11 19:10:38.439372 DEBUG::`geom_smooth()` using formula = 'y ~ x'
2025-03-11 19:10:38.462435 INFO::Creating scatter plot for continuous data, log_NO2NO3 vs COG2906
2025-03-11 19:10:38.752662 DEBUG::`geom_smooth()` using formula = 'y ~ x'
2025-03-11 19:10:38.767695 INFO::Creating scatter plot for continuous data, log_NO2NO3 vs COG3816
2025-03-11 19:10:39.058543 DEBUG::`geom_smooth()` using formula = 'y ~ x'
2025-03-11 19:10:39.07696 INFO::Creating scatter plot for continuous data, log_NO2NO3 vs COG0858
2025-03-11 19:10:39.395616 DEBUG::`geom_smooth()` using formula = 'y ~ x'
2025-03-11 19:10:39.41068 INFO::Creating scatter plot for continuous data, log_NO2NO3 vs COG2306
2025-03-11 19:10:39.707496 DEBUG::`geom_smooth()` using formula = 'y ~ x'
2025-03-11 19:10:39.723102 INFO::Creating scatter plot for continuous data, log_NO2NO3 vs COG3409
2025-03-11 19:10:40.022572 DEBUG::`geom_smooth()` using formula = 'y ~ x'
2025-03-11 19:10:40.040847 INFO::Creating scatter plot for continuous data, log_NO2NO3 vs COG0157
2025-03-11 19:10:40.350591 DEBUG::`geom_smooth()` using formula = 'y ~ x'
2025-03-11 19:10:40.36723 INFO::Creating scatter plot for continuous data, log_NO2NO3 vs COG2919
2025-03-11 19:10:40.656355 DEBUG::`geom_smooth()` using formula = 'y ~ x'
2025-03-11 19:10:40.673022 INFO::Creating scatter plot for continuous data, log_NO2NO3 vs COG3770
2025-03-11 19:10:40.956993 DEBUG::`geom_smooth()` using formula = 'y ~ x'
2025-03-11 19:10:40.978084 INFO::Creating scatter plot for continuous data, log_NO2NO3 vs COG0598
2025-03-11 19:10:41.291586 DEBUG::`geom_smooth()` using formula = 'y ~ x'
2025-03-11 19:10:41.306378 INFO::Creating scatter plot for continuous data, log_NO2NO3 vs COG1178
2025-03-11 19:10:41.608365 DEBUG::`geom_smooth()` using formula = 'y ~ x'
2025-03-11 19:10:41.628668 INFO::Creating scatter plot for continuous data, log_NO2NO3 vs COG2268
2025-03-11 19:10:41.912377 DEBUG::`geom_smooth()` using formula = 'y ~ x'
2025-03-11 19:10:41.927543 INFO::Creating scatter plot for continuous data, log_NO2NO3 vs COG2377
2025-03-11 19:10:42.280684 DEBUG::`geom_smooth()` using formula = 'y ~ x'
2025-03-11 19:10:42.295668 INFO::Creating scatter plot for continuous data, log_NO2NO3 vs COG3311
2025-03-11 19:10:42.581066 DEBUG::`geom_smooth()` using formula = 'y ~ x'
2025-03-11 19:10:42.596188 INFO::Creating scatter plot for continuous data, log_NO2NO3 vs COG3356
2025-03-11 19:10:42.883209 DEBUG::`geom_smooth()` using formula = 'y ~ x'
2025-03-11 19:10:42.89572 INFO::Creating scatter plot for continuous data, log_NO2NO3 vs COG1762
2025-03-11 19:10:43.209252 DEBUG::`geom_smooth()` using formula = 'y ~ x'
2025-03-11 19:10:43.222656 INFO::Creating scatter plot for continuous data, log_NO2NO3 vs COG4094
2025-03-11 19:10:43.531846 DEBUG::`geom_smooth()` using formula = 'y ~ x'
2025-03-11 19:10:43.558137 INFO::Creating scatter plot for continuous data, log_NO2NO3 vs COG1720
2025-03-11 19:10:43.85316 DEBUG::`geom_smooth()` using formula = 'y ~ x'
2025-03-11 19:10:43.868533 INFO::Creating scatter plot for continuous data, log_NO2NO3 vs COG0167
2025-03-11 19:10:44.159896 DEBUG::`geom_smooth()` using formula = 'y ~ x'
2025-03-11 19:10:44.175195 INFO::Creating scatter plot for continuous data, log_NO2NO3 vs COG3295
2025-03-11 19:10:44.502279 DEBUG::`geom_smooth()` using formula = 'y ~ x'
2025-03-11 19:10:44.519172 INFO::Creating scatter plot for continuous data, log_NO2NO3 vs COG5474
2025-03-11 19:10:44.807771 DEBUG::`geom_smooth()` using formula = 'y ~ x'
2025-03-11 19:10:44.823484 INFO::Creating scatter plot for continuous data, log_NO2NO3 vs COG1033
2025-03-11 19:10:45.113282 DEBUG::`geom_smooth()` using formula = 'y ~ x'
2025-03-11 19:10:45.127598 INFO::Creating scatter plot for continuous data, log_NO2NO3 vs COG3177
2025-03-11 19:10:45.456418 DEBUG::`geom_smooth()` using formula = 'y ~ x'
2025-03-11 19:10:45.471707 INFO::Creating scatter plot for continuous data, log_NO2NO3 vs COG5571
2025-03-11 19:10:45.766235 DEBUG::`geom_smooth()` using formula = 'y ~ x'
2025-03-11 19:10:45.779473 INFO::Creating scatter plot for continuous data, log_NO2NO3 vs COG0606
2025-03-11 19:10:46.071207 DEBUG::`geom_smooth()` using formula = 'y ~ x'
2025-03-11 19:10:46.086021 INFO::Creating scatter plot for continuous data, log_NO2NO3 vs COG0329
2025-03-11 19:10:46.408302 DEBUG::`geom_smooth()` using formula = 'y ~ x'
2025-03-11 19:10:46.424409 INFO::Creating scatter plot for continuous data, log_NO2NO3 vs COG2077
2025-03-11 19:10:46.721558 DEBUG::`geom_smooth()` using formula = 'y ~ x'
2025-03-11 19:10:46.736227 INFO::Creating scatter plot for continuous data, log_NO2NO3 vs COG1159
2025-03-11 19:10:47.026026 DEBUG::`geom_smooth()` using formula = 'y ~ x'
2025-03-11 19:10:47.040951 INFO::Creating scatter plot for continuous data, log_NO2NO3 vs COG3026
2025-03-11 19:10:47.331938 DEBUG::`geom_smooth()` using formula = 'y ~ x'
2025-03-11 19:10:47.346714 INFO::Creating scatter plot for continuous data, log_NO2NO3 vs COG1990
2025-03-11 19:10:47.675264 DEBUG::`geom_smooth()` using formula = 'y ~ x'
2025-03-11 19:10:47.690172 INFO::Creating scatter plot for continuous data, log_NO2NO3 vs COG1502
2025-03-11 19:10:47.980599 DEBUG::`geom_smooth()` using formula = 'y ~ x'
2025-03-11 19:10:47.994465 INFO::Creating scatter plot for continuous data, log_NO2NO3 vs COG1735
2025-03-11 19:10:48.287279 DEBUG::`geom_smooth()` using formula = 'y ~ x'
2025-03-11 19:10:48.304241 INFO::Creating scatter plot for continuous data, log_NO2NO3 vs COG0731
2025-03-11 19:10:48.620522 DEBUG::`geom_smooth()` using formula = 'y ~ x'
2025-03-11 19:10:48.63528 INFO::Creating scatter plot for continuous data, log_NO2NO3 vs COG4425
2025-03-11 19:10:48.937953 DEBUG::`geom_smooth()` using formula = 'y ~ x'
2025-03-11 19:10:48.962748 INFO::Creating scatter plot for continuous data, log_NO2NO3 vs COG1278
2025-03-11 19:10:49.257598 DEBUG::`geom_smooth()` using formula = 'y ~ x'
2025-03-11 19:10:49.273147 INFO::Creating scatter plot for continuous data, log_NO2NO3 vs COG3116
2025-03-11 19:10:49.598377 DEBUG::`geom_smooth()` using formula = 'y ~ x'
2025-03-11 19:10:49.616536 INFO::Creating scatter plot for continuous data, log_NO2NO3 vs COG1296
2025-03-11 19:10:49.901887 DEBUG::`geom_smooth()` using formula = 'y ~ x'
2025-03-11 19:10:49.916962 INFO::Creating scatter plot for continuous data, log_NO2NO3 vs COG1650
2025-03-11 19:10:50.207956 DEBUG::`geom_smooth()` using formula = 'y ~ x'
2025-03-11 19:10:50.220678 INFO::Creating scatter plot for continuous data, log_NO2NO3 vs COG3392
2025-03-11 19:10:50.532866 DEBUG::`geom_smooth()` using formula = 'y ~ x'
2025-03-11 19:10:50.553004 INFO::Creating scatter plot for continuous data, log_NO2NO3 vs COG4771
2025-03-11 19:10:50.852878 DEBUG::`geom_smooth()` using formula = 'y ~ x'
2025-03-11 19:10:50.867682 INFO::Creating scatter plot for continuous data, log_NO2NO3 vs COG2602
2025-03-11 19:10:51.163321 DEBUG::`geom_smooth()` using formula = 'y ~ x'
2025-03-11 19:10:51.17956 INFO::Creating scatter plot for continuous data, log_NO2NO3 vs COG2319
2025-03-11 19:10:51.463776 DEBUG::`geom_smooth()` using formula = 'y ~ x'
2025-03-11 19:10:51.479233 INFO::Creating scatter plot for continuous data, log_NO2NO3 vs COG5515
2025-03-11 19:10:51.808226 DEBUG::`geom_smooth()` using formula = 'y ~ x'
2025-03-11 19:10:51.821499 INFO::Creating scatter plot for continuous data, log_NO2NO3 vs COG0187
2025-03-11 19:10:52.120004 DEBUG::`geom_smooth()` using formula = 'y ~ x'
2025-03-11 19:10:52.135129 INFO::Creating scatter plot for continuous data, log_NO2NO3 vs COG0373
2025-03-11 19:10:52.433212 DEBUG::`geom_smooth()` using formula = 'y ~ x'
2025-03-11 19:10:52.448581 INFO::Creating scatter plot for continuous data, log_NO2NO3 vs COG3741
2025-03-11 19:10:52.778452 DEBUG::`geom_smooth()` using formula = 'y ~ x'
2025-03-11 19:10:52.79456 INFO::Creating scatter plot for continuous data, log_NO2NO3 vs COG5301
2025-03-11 19:10:53.086052 DEBUG::`geom_smooth()` using formula = 'y ~ x'
2025-03-11 19:10:53.102048 INFO::Creating scatter plot for continuous data, log_NO2NO3 vs COG2825
2025-03-11 19:10:53.403381 DEBUG::`geom_smooth()` using formula = 'y ~ x'
2025-03-11 19:10:53.418749 INFO::Creating scatter plot for continuous data, log_NO2NO3 vs COG2863
2025-03-11 19:10:53.752112 DEBUG::`geom_smooth()` using formula = 'y ~ x'
2025-03-11 19:10:53.787496 INFO::Creating scatter plot for continuous data, log_NO2NO3 vs COG2954
2025-03-11 19:10:54.075576 DEBUG::`geom_smooth()` using formula = 'y ~ x'
2025-03-11 19:10:54.091057 INFO::Creating scatter plot for continuous data, log_NO2NO3 vs COG2808
2025-03-11 19:10:54.398996 DEBUG::`geom_smooth()` using formula = 'y ~ x'
2025-03-11 19:10:54.412933 INFO::Creating scatter plot for continuous data, log_NO2NO3 vs COG3487
2025-03-11 19:10:54.752901 DEBUG::`geom_smooth()` using formula = 'y ~ x'
2025-03-11 19:10:54.767793 INFO::Creating scatter plot for continuous data, log_NO2NO3 vs COG2101
2025-03-11 19:10:55.054977 DEBUG::`geom_smooth()` using formula = 'y ~ x'
2025-03-11 19:10:55.06958 INFO::Creating scatter plot for continuous data, log_NO2NO3 vs COG0434
2025-03-11 19:10:55.377362 DEBUG::`geom_smooth()` using formula = 'y ~ x'
2025-03-11 19:10:55.394766 INFO::Creating scatter plot for continuous data, log_NO2NO3 vs COG1746
2025-03-11 19:10:55.725113 DEBUG::`geom_smooth()` using formula = 'y ~ x'
2025-03-11 19:10:55.740277 INFO::Creating scatter plot for continuous data, log_NO2NO3 vs COG3067
2025-03-11 19:10:56.048533 DEBUG::`geom_smooth()` using formula = 'y ~ x'
2025-03-11 19:10:56.071605 INFO::Creating scatter plot for continuous data, log_NO2NO3 vs COG1395
2025-03-11 19:10:56.379534 DEBUG::`geom_smooth()` using formula = 'y ~ x'
2025-03-11 19:10:56.394624 INFO::Creating scatter plot for continuous data, log_NO2NO3 vs COG2723
2025-03-11 19:10:56.686242 DEBUG::`geom_smooth()` using formula = 'y ~ x'
2025-03-11 19:10:56.702038 INFO::Creating scatter plot for continuous data, log_NO2NO3 vs COG1204
2025-03-11 19:10:57.030284 DEBUG::`geom_smooth()` using formula = 'y ~ x'
2025-03-11 19:10:57.045164 INFO::Creating scatter plot for continuous data, log_NO2NO3 vs COG0351
2025-03-11 19:10:57.361378 DEBUG::`geom_smooth()` using formula = 'y ~ x'
2025-03-11 19:10:57.377099 INFO::Creating scatter plot for continuous data, log_NO2NO3 vs COG0556
2025-03-11 19:10:57.700292 DEBUG::`geom_smooth()` using formula = 'y ~ x'
2025-03-11 19:10:57.71521 INFO::Creating scatter plot for continuous data, log_NO2NO3 vs COG1812
2025-03-11 19:10:58.070774 DEBUG::`geom_smooth()` using formula = 'y ~ x'
2025-03-11 19:10:58.086124 INFO::Creating scatter plot for continuous data, log_NO2NO3 vs COG0784
2025-03-11 19:10:58.385057 DEBUG::`geom_smooth()` using formula = 'y ~ x'
2025-03-11 19:10:58.400239 INFO::Creating scatter plot for continuous data, log_NO2NO3 vs COG1897
2025-03-11 19:10:58.719594 DEBUG::`geom_smooth()` using formula = 'y ~ x'
2025-03-11 19:10:58.734617 INFO::Creating scatter plot for continuous data, log_NO2NO3 vs COG5009
2025-03-11 19:10:59.1076 DEBUG::`geom_smooth()` using formula = 'y ~ x'
2025-03-11 19:10:59.135578 INFO::Creating scatter plot for continuous data, log_NO2NO3 vs COG2923
2025-03-11 19:10:59.423965 DEBUG::`geom_smooth()` using formula = 'y ~ x'
2025-03-11 19:10:59.444676 INFO::Creating scatter plot for continuous data, log_NO2NO3 vs COG4682
2025-03-11 19:10:59.754251 DEBUG::`geom_smooth()` using formula = 'y ~ x'
2025-03-11 19:10:59.770026 INFO::Creating scatter plot for continuous data, log_NO2NO3 vs COG2878
2025-03-11 19:11:00.10001 DEBUG::`geom_smooth()` using formula = 'y ~ x'
2025-03-11 19:11:00.120917 INFO::Creating scatter plot for continuous data, log_NO2NO3 vs COG2159
2025-03-11 19:11:00.413242 DEBUG::`geom_smooth()` using formula = 'y ~ x'
2025-03-11 19:11:00.436656 INFO::Creating scatter plot for continuous data, log_NO2NO3 vs COG0430
2025-03-11 19:11:00.730421 DEBUG::`geom_smooth()` using formula = 'y ~ x'
2025-03-11 19:11:00.746596 INFO::Creating scatter plot for continuous data, log_NO2NO3 vs COG3510
2025-03-11 19:11:01.082426 DEBUG::`geom_smooth()` using formula = 'y ~ x'
2025-03-11 19:11:01.097608 INFO::Creating scatter plot for continuous data, log_NO2NO3 vs COG3667
2025-03-11 19:11:01.396634 DEBUG::`geom_smooth()` using formula = 'y ~ x'
2025-03-11 19:11:01.421695 INFO::Creating scatter plot for continuous data, log_NO2NO3 vs COG0788
2025-03-11 19:11:01.715152 DEBUG::`geom_smooth()` using formula = 'y ~ x'
2025-03-11 19:11:01.730316 INFO::Creating scatter plot for continuous data, log_NO2NO3 vs COG2985
2025-03-11 19:11:02.060441 DEBUG::`geom_smooth()` using formula = 'y ~ x'
2025-03-11 19:11:02.075503 INFO::Creating scatter plot for continuous data, log_NO2NO3 vs COG0137
2025-03-11 19:11:02.375615 DEBUG::`geom_smooth()` using formula = 'y ~ x'
2025-03-11 19:11:02.390906 INFO::Creating scatter plot for continuous data, log_NO2NO3 vs COG0231
2025-03-11 19:11:02.69167 DEBUG::`geom_smooth()` using formula = 'y ~ x'
2025-03-11 19:11:02.704692 INFO::Creating scatter plot for continuous data, log_NO2NO3 vs COG2608
2025-03-11 19:11:03.022971 DEBUG::`geom_smooth()` using formula = 'y ~ x'
2025-03-11 19:11:03.044544 INFO::Creating scatter plot for continuous data, log_NO2NO3 vs COG3671
2025-03-11 19:11:03.354876 DEBUG::`geom_smooth()` using formula = 'y ~ x'
2025-03-11 19:11:03.369899 INFO::Creating scatter plot for continuous data, log_NO2NO3 vs COG1969
2025-03-11 19:11:03.679255 DEBUG::`geom_smooth()` using formula = 'y ~ x'
2025-03-11 19:11:03.694609 INFO::Creating scatter plot for continuous data, log_NO2NO3 vs COG1373
2025-03-11 19:11:03.986778 DEBUG::`geom_smooth()` using formula = 'y ~ x'
2025-03-11 19:11:04.000756 INFO::Creating scatter plot for continuous data, log_NO2NO3 vs COG2249
2025-03-11 19:11:04.474053 DEBUG::`geom_smooth()` using formula = 'y ~ x'
2025-03-11 19:11:04.497226 INFO::Creating scatter plot for continuous data, log_NO2NO3 vs COG5635
2025-03-11 19:11:04.822142 DEBUG::`geom_smooth()` using formula = 'y ~ x'
2025-03-11 19:11:04.837678 INFO::Creating scatter plot for continuous data, log_NO2NO3 vs COG0827
2025-03-11 19:11:05.175981 DEBUG::`geom_smooth()` using formula = 'y ~ x'
2025-03-11 19:11:05.188541 INFO::Creating scatter plot for continuous data, log_NO2NO3 vs COG1970
2025-03-11 19:11:05.530238 DEBUG::`geom_smooth()` using formula = 'y ~ x'
2025-03-11 19:11:05.545877 INFO::Creating scatter plot for continuous data, log_NO2NO3 vs COG3799
2025-03-11 19:11:05.851303 DEBUG::`geom_smooth()` using formula = 'y ~ x'
2025-03-11 19:11:05.866907 INFO::Creating scatter plot for continuous data, log_NO2NO3 vs COG3266
2025-03-11 19:11:06.176293 DEBUG::`geom_smooth()` using formula = 'y ~ x'
2025-03-11 19:11:06.191294 INFO::Creating scatter plot for continuous data, log_NO2NO3 vs COG1680
2025-03-11 19:11:06.525651 DEBUG::`geom_smooth()` using formula = 'y ~ x'
2025-03-11 19:11:06.538785 INFO::Creating scatter plot for continuous data, log_NO2NO3 vs COG4672
2025-03-11 19:11:06.841573 DEBUG::`geom_smooth()` using formula = 'y ~ x'
2025-03-11 19:11:06.856923 INFO::Creating scatter plot for continuous data, log_NO2NO3 vs COG1756
2025-03-11 19:11:07.161835 DEBUG::`geom_smooth()` using formula = 'y ~ x'
2025-03-11 19:11:07.185368 INFO::Creating scatter plot for continuous data, log_NO2NO3 vs COG1002
2025-03-11 19:11:07.515477 DEBUG::`geom_smooth()` using formula = 'y ~ x'
2025-03-11 19:11:07.537055 INFO::Creating scatter plot for continuous data, log_NO2NO3 vs COG5260
2025-03-11 19:11:07.846043 DEBUG::`geom_smooth()` using formula = 'y ~ x'
2025-03-11 19:11:07.869856 INFO::Creating scatter plot for continuous data, log_NO2NO3 vs COG0269
2025-03-11 19:11:08.173503 DEBUG::`geom_smooth()` using formula = 'y ~ x'
2025-03-11 19:11:08.188665 INFO::Creating scatter plot for continuous data, log_NO2NO3 vs COG1609
2025-03-11 19:11:08.487794 DEBUG::`geom_smooth()` using formula = 'y ~ x'
2025-03-11 19:11:08.503693 INFO::Creating scatter plot for continuous data, log_NO2NO3 vs COG1570
2025-03-11 19:11:08.833124 DEBUG::`geom_smooth()` using formula = 'y ~ x'
2025-03-11 19:11:08.848272 INFO::Creating scatter plot for continuous data, log_NO2NO3 vs COG2118
2025-03-11 19:11:09.169485 DEBUG::`geom_smooth()` using formula = 'y ~ x'
2025-03-11 19:11:09.188403 INFO::Creating scatter plot for continuous data, log_NO2NO3 vs COG0662
2025-03-11 19:11:09.494523 DEBUG::`geom_smooth()` using formula = 'y ~ x'
2025-03-11 19:11:09.516059 INFO::Creating scatter plot for continuous data, log_NO2NO3 vs COG0102
2025-03-11 19:11:09.84019 DEBUG::`geom_smooth()` using formula = 'y ~ x'
2025-03-11 19:11:09.855028 INFO::Creating scatter plot for continuous data, log_NO2NO3 vs COG4226
2025-03-11 19:11:10.154042 DEBUG::`geom_smooth()` using formula = 'y ~ x'
2025-03-11 19:11:10.171414 INFO::Creating scatter plot for continuous data, log_NO2NO3 vs COG1427
2025-03-11 19:11:10.476585 DEBUG::`geom_smooth()` using formula = 'y ~ x'
2025-03-11 19:11:10.49204 INFO::Creating scatter plot for continuous data, log_NO2NO3 vs COG4973
2025-03-11 19:11:10.820477 DEBUG::`geom_smooth()` using formula = 'y ~ x'
2025-03-11 19:11:10.866149 INFO::Creating scatter plot for continuous data, log_NO2NO3 vs COG5387
2025-03-11 19:11:11.176033 DEBUG::`geom_smooth()` using formula = 'y ~ x'
2025-03-11 19:11:11.199476 INFO::Creating scatter plot for continuous data, log_NO2NO3 vs COG5501
2025-03-11 19:11:11.499526 DEBUG::`geom_smooth()` using formula = 'y ~ x'
2025-03-11 19:11:11.514436 INFO::Creating scatter plot for continuous data, log_NO2NO3 vs COG4529
2025-03-11 19:11:11.811441 DEBUG::`geom_smooth()` using formula = 'y ~ x'
2025-03-11 19:11:11.830388 INFO::Creating scatter plot for continuous data, log_NO2NO3 vs COG4175
2025-03-11 19:11:12.158412 DEBUG::`geom_smooth()` using formula = 'y ~ x'
2025-03-11 19:11:12.173326 INFO::Creating scatter plot for continuous data, log_NO2NO3 vs COG3410
2025-03-11 19:11:12.481071 DEBUG::`geom_smooth()` using formula = 'y ~ x'
2025-03-11 19:11:12.496692 INFO::Creating scatter plot for continuous data, log_NO2NO3 vs COG2128
2025-03-11 19:11:12.791561 DEBUG::`geom_smooth()` using formula = 'y ~ x'
2025-03-11 19:11:12.806709 INFO::Creating scatter plot for continuous data, log_NO2NO3 vs COG2008
2025-03-11 19:11:13.137414 DEBUG::`geom_smooth()` using formula = 'y ~ x'
2025-03-11 19:11:13.15294 INFO::Creating scatter plot for continuous data, log_NO2NO3 vs COG2191
2025-03-11 19:11:13.445023 DEBUG::`geom_smooth()` using formula = 'y ~ x'
2025-03-11 19:11:13.460262 INFO::Creating scatter plot for continuous data, log_NO2NO3 vs COG4085
2025-03-11 19:11:13.754569 DEBUG::`geom_smooth()` using formula = 'y ~ x'
2025-03-11 19:11:13.769762 INFO::Creating scatter plot for continuous data, log_NO2NO3 vs COG1767
2025-03-11 19:11:14.101103 DEBUG::`geom_smooth()` using formula = 'y ~ x'
2025-03-11 19:11:14.116367 INFO::Creating scatter plot for continuous data, log_NO2NO3 vs COG0611
2025-03-11 19:11:14.409328 DEBUG::`geom_smooth()` using formula = 'y ~ x'
2025-03-11 19:11:14.435873 INFO::Creating scatter plot for continuous data, log_NO2NO3 vs COG5278
2025-03-11 19:11:14.751133 DEBUG::`geom_smooth()` using formula = 'y ~ x'
2025-03-11 19:11:14.770598 INFO::Creating scatter plot for continuous data, log_NO2NO3 vs COG4134
2025-03-11 19:11:15.104013 DEBUG::`geom_smooth()` using formula = 'y ~ x'
2025-03-11 19:11:15.11938 INFO::Creating scatter plot for continuous data, log_NO2NO3 vs COG2917
2025-03-11 19:11:15.410837 DEBUG::`geom_smooth()` using formula = 'y ~ x'
2025-03-11 19:11:15.422403 INFO::Creating scatter plot for continuous data, log_NO2NO3 vs COG5013
2025-03-11 19:11:15.720585 DEBUG::`geom_smooth()` using formula = 'y ~ x'
2025-03-11 19:11:15.735165 INFO::Creating scatter plot for continuous data, log_NO2NO3 vs COG1951
2025-03-11 19:11:16.05603 DEBUG::`geom_smooth()` using formula = 'y ~ x'
2025-03-11 19:11:16.072646 INFO::Creating scatter plot for continuous data, log_NO2NO3 vs COG3449
2025-03-11 19:11:16.382353 DEBUG::`geom_smooth()` using formula = 'y ~ x'
2025-03-11 19:11:16.397346 INFO::Creating scatter plot for continuous data, log_NO2NO3 vs COG1688
2025-03-11 19:11:16.715785 DEBUG::`geom_smooth()` using formula = 'y ~ x'
2025-03-11 19:11:16.736336 INFO::Creating scatter plot for continuous data, log_NO2NO3 vs COG3306
2025-03-11 19:11:17.085517 DEBUG::`geom_smooth()` using formula = 'y ~ x'
2025-03-11 19:11:17.10118 INFO::Creating scatter plot for continuous data, log_NO2NO3 vs COG4286
2025-03-11 19:11:17.430444 DEBUG::`geom_smooth()` using formula = 'y ~ x'
2025-03-11 19:11:17.445143 INFO::Creating scatter plot for continuous data, log_NO2NO3 vs COG0078
2025-03-11 19:11:17.745423 DEBUG::`geom_smooth()` using formula = 'y ~ x'
2025-03-11 19:11:17.760984 INFO::Creating scatter plot for continuous data, log_NO2NO3 vs COG0639
2025-03-11 19:11:18.05701 DEBUG::`geom_smooth()` using formula = 'y ~ x'
2025-03-11 19:11:18.077115 INFO::Creating scatter plot for continuous data, log_NO2NO3 vs COG3768
2025-03-11 19:11:18.411106 DEBUG::`geom_smooth()` using formula = 'y ~ x'
2025-03-11 19:11:18.426085 INFO::Creating scatter plot for continuous data, log_NO2NO3 vs COG4334
2025-03-11 19:11:18.728043 DEBUG::`geom_smooth()` using formula = 'y ~ x'
2025-03-11 19:11:18.742384 INFO::Creating scatter plot for continuous data, log_NO2NO3 vs COG3946
2025-03-11 19:11:19.044298 DEBUG::`geom_smooth()` using formula = 'y ~ x'
2025-03-11 19:11:19.067793 INFO::Creating scatter plot for continuous data, log_NO2NO3 vs COG1998
2025-03-11 19:11:19.399996 DEBUG::`geom_smooth()` using formula = 'y ~ x'
2025-03-11 19:11:19.420276 INFO::Creating scatter plot for continuous data, log_NO2NO3 vs COG1289
2025-03-11 19:11:19.720842 DEBUG::`geom_smooth()` using formula = 'y ~ x'
2025-03-11 19:11:19.74617 INFO::Creating scatter plot for continuous data, log_NO2NO3 vs COG3019
2025-03-11 19:11:20.044463 DEBUG::`geom_smooth()` using formula = 'y ~ x'
2025-03-11 19:11:20.058173 INFO::Creating scatter plot for continuous data, log_NO2NO3 vs COG4878
2025-03-11 19:11:20.390119 DEBUG::`geom_smooth()` using formula = 'y ~ x'
2025-03-11 19:11:20.412644 INFO::Creating scatter plot for continuous data, log_NO2NO3 vs COG1294
2025-03-11 19:11:20.707693 DEBUG::`geom_smooth()` using formula = 'y ~ x'
2025-03-11 19:11:20.725672 INFO::Creating scatter plot for continuous data, log_NO2NO3 vs COG0232
2025-03-11 19:11:21.031371 DEBUG::`geom_smooth()` using formula = 'y ~ x'
2025-03-11 19:11:21.04667 INFO::Creating scatter plot for continuous data, log_NO2NO3 vs COG1649
2025-03-11 19:11:21.376842 DEBUG::`geom_smooth()` using formula = 'y ~ x'
2025-03-11 19:11:21.397229 INFO::Creating scatter plot for continuous data, log_NO2NO3 vs COG5293
2025-03-11 19:11:21.691829 DEBUG::`geom_smooth()` using formula = 'y ~ x'
2025-03-11 19:11:21.707562 INFO::Creating scatter plot for continuous data, log_NO2NO3 vs COG0835
2025-03-11 19:11:22.017626 DEBUG::`geom_smooth()` using formula = 'y ~ x'
2025-03-11 19:11:22.030579 INFO::Creating scatter plot for continuous data, log_NO2NO3 vs COG3482
2025-03-11 19:11:22.345902 DEBUG::`geom_smooth()` using formula = 'y ~ x'
2025-03-11 19:11:22.361207 INFO::Creating scatter plot for continuous data, log_NO2NO3 vs COG3155
2025-03-11 19:11:22.666347 DEBUG::`geom_smooth()` using formula = 'y ~ x'
2025-03-11 19:11:22.680641 INFO::Creating scatter plot for continuous data, log_NO2NO3 vs COG4694
2025-03-11 19:11:22.98333 DEBUG::`geom_smooth()` using formula = 'y ~ x'
2025-03-11 19:11:22.99827 INFO::Creating scatter plot for continuous data, log_NO2NO3 vs COG3126
2025-03-11 19:11:23.297051 DEBUG::`geom_smooth()` using formula = 'y ~ x'
2025-03-11 19:11:23.322483 INFO::Creating scatter plot for continuous data, log_NO2NO3 vs COG2959
2025-03-11 19:11:23.657337 DEBUG::`geom_smooth()` using formula = 'y ~ x'
2025-03-11 19:11:23.672892 INFO::Creating scatter plot for continuous data, log_NO2NO3 vs COG1114
2025-03-11 19:11:23.972919 DEBUG::`geom_smooth()` using formula = 'y ~ x'
2025-03-11 19:11:23.987925 INFO::Creating scatter plot for continuous data, log_NO2NO3 vs COG0699
2025-03-11 19:11:24.302497 DEBUG::`geom_smooth()` using formula = 'y ~ x'
2025-03-11 19:11:24.31445 INFO::Creating scatter plot for continuous data, log_NO2NO3 vs COG3586
2025-03-11 19:11:24.640772 DEBUG::`geom_smooth()` using formula = 'y ~ x'
2025-03-11 19:11:24.674508 INFO::Creating scatter plot for continuous data, log_NO2NO3 vs COG0462
2025-03-11 19:11:24.990585 DEBUG::`geom_smooth()` using formula = 'y ~ x'
2025-03-11 19:11:25.014791 INFO::Creating scatter plot for continuous data, log_NO2NO3 vs COG3308
2025-03-11 19:11:25.347037 DEBUG::`geom_smooth()` using formula = 'y ~ x'
2025-03-11 19:11:25.362709 INFO::Creating scatter plot for continuous data, log_NO2NO3 vs COG0549
2025-03-11 19:11:25.702736 DEBUG::`geom_smooth()` using formula = 'y ~ x'
2025-03-11 19:11:25.712651 INFO::Creating scatter plot for continuous data, log_NO2NO3 vs COG3518
2025-03-11 19:11:26.013005 DEBUG::`geom_smooth()` using formula = 'y ~ x'
2025-03-11 19:11:26.027885 INFO::Creating scatter plot for continuous data, log_NO2NO3 vs COG1139
2025-03-11 19:11:26.333691 DEBUG::`geom_smooth()` using formula = 'y ~ x'
2025-03-11 19:11:26.355586 INFO::Creating scatter plot for continuous data, log_NO2NO3 vs COG2949
2025-03-11 19:11:28.195646 DEBUG::`geom_smooth()` using formula = 'y ~ x'
2025-03-11 19:11:28.228008 INFO::Creating scatter plot for continuous data, log_NO2NO3 vs COG1160
2025-03-11 19:11:28.519842 DEBUG::`geom_smooth()` using formula = 'y ~ x'
2025-03-11 19:11:28.555681 INFO::Creating scatter plot for continuous data, log_NO2NO3 vs COG5605
2025-03-11 19:11:28.835775 DEBUG::`geom_smooth()` using formula = 'y ~ x'
2025-03-11 19:11:28.86295 INFO::Creating scatter plot for continuous data, log_NO2NO3 vs COG5659
2025-03-11 19:11:29.167654 DEBUG::`geom_smooth()` using formula = 'y ~ x'
2025-03-11 19:11:29.180538 INFO::Creating scatter plot for continuous data, log_NO2NO3 vs COG2452
2025-03-11 19:11:29.455735 DEBUG::`geom_smooth()` using formula = 'y ~ x'
2025-03-11 19:11:29.471222 INFO::Creating scatter plot for continuous data, log_NO2NO3 vs COG4735
2025-03-11 19:11:29.75072 DEBUG::`geom_smooth()` using formula = 'y ~ x'
2025-03-11 19:11:29.762225 INFO::Creating scatter plot for continuous data, log_NO2NO3 vs COG2264
2025-03-11 19:11:30.063044 DEBUG::`geom_smooth()` using formula = 'y ~ x'
2025-03-11 19:11:30.088008 INFO::Creating scatter plot for continuous data, log_NO2NO3 vs COG1917
2025-03-11 19:11:30.385005 DEBUG::`geom_smooth()` using formula = 'y ~ x'
2025-03-11 19:11:30.41211 INFO::Creating scatter plot for continuous data, log_NO2NO3 vs COG0389
2025-03-11 19:11:30.7104 DEBUG::`geom_smooth()` using formula = 'y ~ x'
2025-03-11 19:11:30.725678 INFO::Creating scatter plot for continuous data, log_NO2NO3 vs COG0478
2025-03-11 19:11:31.028713 DEBUG::`geom_smooth()` using formula = 'y ~ x'
2025-03-11 19:11:31.043254 INFO::Creating scatter plot for continuous data, log_NO2NO3 vs COG1243
2025-03-11 19:11:31.337512 DEBUG::`geom_smooth()` using formula = 'y ~ x'
2025-03-11 19:11:31.353311 INFO::Creating scatter plot for continuous data, log_NO2NO3 vs COG3635
2025-03-11 19:11:31.630592 DEBUG::`geom_smooth()` using formula = 'y ~ x'
2025-03-11 19:11:31.651747 INFO::Creating scatter plot for continuous data, log_NO2NO3 vs COG0471
2025-03-11 19:11:31.930228 DEBUG::`geom_smooth()` using formula = 'y ~ x'
2025-03-11 19:11:31.945439 INFO::Creating scatter plot for continuous data, log_NO2NO3 vs COG4680
2025-03-11 19:11:32.242867 DEBUG::`geom_smooth()` using formula = 'y ~ x'
2025-03-11 19:11:32.255925 INFO::Creating scatter plot for continuous data, log_NO2NO3 vs COG0864
2025-03-11 19:11:32.534049 DEBUG::`geom_smooth()` using formula = 'y ~ x'
2025-03-11 19:11:32.549385 INFO::Creating scatter plot for continuous data, log_NO2NO3 vs COG2193
2025-03-11 19:11:32.833814 DEBUG::`geom_smooth()` using formula = 'y ~ x'
2025-03-11 19:11:32.847418 INFO::Creating scatter plot for continuous data, log_NO2NO3 vs COG0805
2025-03-11 19:11:33.131893 DEBUG::`geom_smooth()` using formula = 'y ~ x'
2025-03-11 19:11:33.146111 INFO::Creating scatter plot for continuous data, log_NO2NO3 vs COG2260
2025-03-11 19:11:33.432085 DEBUG::`geom_smooth()` using formula = 'y ~ x'
2025-03-11 19:11:33.447069 INFO::Creating scatter plot for continuous data, log_NO2NO3 vs COG1391
2025-03-11 19:11:33.733856 DEBUG::`geom_smooth()` using formula = 'y ~ x'
2025-03-11 19:11:33.753203 INFO::Creating scatter plot for continuous data, log_NO2NO3 vs COG4927
2025-03-11 19:11:34.045951 DEBUG::`geom_smooth()` using formula = 'y ~ x'
2025-03-11 19:11:34.060897 INFO::Creating scatter plot for continuous data, log_NO2NO3 vs COG0504
2025-03-11 19:11:34.368191 DEBUG::`geom_smooth()` using formula = 'y ~ x'
2025-03-11 19:11:34.381589 INFO::Creating scatter plot for continuous data, log_NO2NO3 vs COG1020
2025-03-11 19:11:34.662446 DEBUG::`geom_smooth()` using formula = 'y ~ x'
2025-03-11 19:11:34.677218 INFO::Creating scatter plot for continuous data, log_NO2NO3 vs COG0813
2025-03-11 19:11:34.958899 DEBUG::`geom_smooth()` using formula = 'y ~ x'
2025-03-11 19:11:35.001199 INFO::Creating scatter plot for continuous data, log_NO2NO3 vs COG1308
2025-03-11 19:11:35.313758 DEBUG::`geom_smooth()` using formula = 'y ~ x'
2025-03-11 19:11:35.329028 INFO::Creating scatter plot for continuous data, log_NO2NO3 vs COG1992
2025-03-11 19:11:35.613311 DEBUG::`geom_smooth()` using formula = 'y ~ x'
2025-03-11 19:11:35.636407 INFO::Creating scatter plot for continuous data, log_NO2NO3 vs COG2851
2025-03-11 19:11:35.930337 DEBUG::`geom_smooth()` using formula = 'y ~ x'
2025-03-11 19:11:35.95869 INFO::Creating scatter plot for continuous data, log_NO2NO3 vs COG3073
2025-03-11 19:11:36.248136 DEBUG::`geom_smooth()` using formula = 'y ~ x'
2025-03-11 19:11:36.262603 INFO::Creating scatter plot for continuous data, log_NO2NO3 vs COG1203
2025-03-11 19:11:36.562302 DEBUG::`geom_smooth()` using formula = 'y ~ x'
2025-03-11 19:11:36.577173 INFO::Creating scatter plot for continuous data, log_NO2NO3 vs COG0309
2025-03-11 19:11:36.859035 DEBUG::`geom_smooth()` using formula = 'y ~ x'
2025-03-11 19:11:36.87701 INFO::Creating scatter plot for continuous data, log_NO2NO3 vs COG1523
2025-03-11 19:11:37.155499 DEBUG::`geom_smooth()` using formula = 'y ~ x'
2025-03-11 19:11:37.170614 INFO::Creating scatter plot for continuous data, log_NO2NO3 vs COG1182
2025-03-11 19:11:37.472012 DEBUG::`geom_smooth()` using formula = 'y ~ x'
2025-03-11 19:11:37.485332 INFO::Creating scatter plot for continuous data, log_NO2NO3 vs COG3219
2025-03-11 19:11:37.767355 DEBUG::`geom_smooth()` using formula = 'y ~ x'
2025-03-11 19:11:37.782067 INFO::Creating scatter plot for continuous data, log_NO2NO3 vs COG3493
2025-03-11 19:11:38.059569 DEBUG::`geom_smooth()` using formula = 'y ~ x'
2025-03-11 19:11:38.078969 INFO::Creating scatter plot for continuous data, log_NO2NO3 vs COG5461
2025-03-11 19:11:38.374126 DEBUG::`geom_smooth()` using formula = 'y ~ x'
2025-03-11 19:11:38.389151 INFO::Creating scatter plot for continuous data, log_NO2NO3 vs COG0474
2025-03-11 19:11:38.679571 DEBUG::`geom_smooth()` using formula = 'y ~ x'
2025-03-11 19:11:38.69811 INFO::Creating scatter plot for continuous data, log_NO2NO3 vs COG0793
2025-03-11 19:11:38.9893 DEBUG::`geom_smooth()` using formula = 'y ~ x'
2025-03-11 19:11:39.004748 INFO::Creating scatter plot for continuous data, log_NO2NO3 vs COG2172
2025-03-11 19:11:39.297276 DEBUG::`geom_smooth()` using formula = 'y ~ x'
2025-03-11 19:11:39.312379 INFO::Creating scatter plot for continuous data, log_NO2NO3 vs COG3488
2025-03-11 19:11:39.586356 DEBUG::`geom_smooth()` using formula = 'y ~ x'
2025-03-11 19:11:39.601615 INFO::Creating scatter plot for continuous data, log_NO2NO3 vs COG1547
2025-03-11 19:11:39.881823 DEBUG::`geom_smooth()` using formula = 'y ~ x'
2025-03-11 19:11:39.89576 INFO::Creating scatter plot for continuous data, log_NO2NO3 vs COG3183
2025-03-11 19:11:40.176828 DEBUG::`geom_smooth()` using formula = 'y ~ x'
2025-03-11 19:11:40.203542 INFO::Creating scatter plot for continuous data, log_NO2NO3 vs COG3427
2025-03-11 19:11:40.496461 DEBUG::`geom_smooth()` using formula = 'y ~ x'
2025-03-11 19:11:40.512227 INFO::Creating scatter plot for continuous data, log_NO2NO3 vs COG4275
2025-03-11 19:11:40.799508 DEBUG::`geom_smooth()` using formula = 'y ~ x'
2025-03-11 19:11:40.813257 INFO::Creating scatter plot for continuous data, log_NO2NO3 vs COG0753
2025-03-11 19:11:41.100904 DEBUG::`geom_smooth()` using formula = 'y ~ x'
2025-03-11 19:11:41.115655 INFO::Creating scatter plot for continuous data, log_NO2NO3 vs COG3021
2025-03-11 19:11:41.4197 DEBUG::`geom_smooth()` using formula = 'y ~ x'
2025-03-11 19:11:41.440057 INFO::Creating scatter plot for continuous data, log_NO2NO3 vs COG2938
2025-03-11 19:11:41.72599 DEBUG::`geom_smooth()` using formula = 'y ~ x'
2025-03-11 19:11:41.740698 INFO::Creating scatter plot for continuous data, log_NO2NO3 vs COG4225
2025-03-11 19:11:42.014772 DEBUG::`geom_smooth()` using formula = 'y ~ x'
2025-03-11 19:11:42.029892 INFO::Creating scatter plot for continuous data, log_NO2NO3 vs COG1505
2025-03-11 19:11:42.33493 DEBUG::`geom_smooth()` using formula = 'y ~ x'
2025-03-11 19:11:42.349894 INFO::Creating scatter plot for continuous data, log_NO2NO3 vs COG2831
2025-03-11 19:11:42.637407 DEBUG::`geom_smooth()` using formula = 'y ~ x'
2025-03-11 19:11:42.652144 INFO::Creating scatter plot for continuous data, log_NO2NO3 vs COG3955
2025-03-11 19:11:42.939867 DEBUG::`geom_smooth()` using formula = 'y ~ x'
2025-03-11 19:11:42.955276 INFO::Creating scatter plot for continuous data, log_NO2NO3 vs COG4826
2025-03-11 19:11:43.25729 DEBUG::`geom_smooth()` using formula = 'y ~ x'
2025-03-11 19:11:43.278263 INFO::Creating scatter plot for continuous data, log_NO2NO3 vs COG0365
2025-03-11 19:11:43.58077 DEBUG::`geom_smooth()` using formula = 'y ~ x'
2025-03-11 19:11:43.595524 INFO::Creating scatter plot for continuous data, log_NO2NO3 vs COG4945
2025-03-11 19:11:43.875454 DEBUG::`geom_smooth()` using formula = 'y ~ x'
2025-03-11 19:11:43.889513 INFO::Creating scatter plot for continuous data, log_NO2NO3 vs COG3967
2025-03-11 19:11:44.171605 DEBUG::`geom_smooth()` using formula = 'y ~ x'
2025-03-11 19:11:44.193513 INFO::Creating scatter plot for continuous data, log_NO2NO3 vs COG3051
2025-03-11 19:11:44.49328 DEBUG::`geom_smooth()` using formula = 'y ~ x'
2025-03-11 19:11:44.512953 INFO::Creating scatter plot for continuous data, log_NO2NO3 vs COG3068
2025-03-11 19:11:44.787161 DEBUG::`geom_smooth()` using formula = 'y ~ x'
2025-03-11 19:11:44.801773 INFO::Creating scatter plot for continuous data, log_NO2NO3 vs COG3256
2025-03-11 19:11:45.079538 DEBUG::`geom_smooth()` using formula = 'y ~ x'
2025-03-11 19:11:45.094597 INFO::Creating scatter plot for continuous data, log_NO2NO3 vs COG3255
2025-03-11 19:11:45.404094 DEBUG::`geom_smooth()` using formula = 'y ~ x'
2025-03-11 19:11:45.418095 INFO::Creating scatter plot for continuous data, log_NO2NO3 vs COG2388
2025-03-11 19:11:45.70232 DEBUG::`geom_smooth()` using formula = 'y ~ x'
2025-03-11 19:11:45.723346 INFO::Creating scatter plot for continuous data, log_NO2NO3 vs COG2966
2025-03-11 19:11:46.009949 DEBUG::`geom_smooth()` using formula = 'y ~ x'
2025-03-11 19:11:46.024707 INFO::Creating scatter plot for continuous data, log_NO2NO3 vs COG4977
2025-03-11 19:11:46.335303 DEBUG::`geom_smooth()` using formula = 'y ~ x'
2025-03-11 19:11:46.352578 INFO::Creating scatter plot for continuous data, log_NO2NO3 vs COG1768
2025-03-11 19:11:46.635294 DEBUG::`geom_smooth()` using formula = 'y ~ x'
2025-03-11 19:11:46.650461 INFO::Creating scatter plot for continuous data, log_NO2NO3 vs COG1836
2025-03-11 19:11:46.935772 DEBUG::`geom_smooth()` using formula = 'y ~ x'
2025-03-11 19:11:46.948119 INFO::Creating scatter plot for continuous data, log_NO2NO3 vs COG4677
2025-03-11 19:11:47.237855 DEBUG::`geom_smooth()` using formula = 'y ~ x'
2025-03-11 19:11:47.253003 INFO::Creating scatter plot for continuous data, log_NO2NO3 vs COG3605
2025-03-11 19:11:47.530307 DEBUG::`geom_smooth()` using formula = 'y ~ x'
2025-03-11 19:11:47.544305 INFO::Creating scatter plot for continuous data, log_NO2NO3 vs COG3673
2025-03-11 19:11:47.82745 DEBUG::`geom_smooth()` using formula = 'y ~ x'
2025-03-11 19:11:47.987315 INFO::Creating scatter plot for continuous data, log_NO2NO3 vs COG1886
2025-03-11 19:11:48.304045 DEBUG::`geom_smooth()` using formula = 'y ~ x'
2025-03-11 19:11:48.319744 INFO::Creating scatter plot for continuous data, log_NO2NO3 vs COG3245
2025-03-11 19:11:48.622087 DEBUG::`geom_smooth()` using formula = 'y ~ x'
2025-03-11 19:11:48.638138 INFO::Creating scatter plot for continuous data, log_NO2NO3 vs COG5424
2025-03-11 19:11:48.927947 DEBUG::`geom_smooth()` using formula = 'y ~ x'
2025-03-11 19:11:48.943336 INFO::Creating scatter plot for continuous data, log_NO2NO3 vs COG3324
2025-03-11 19:11:49.335669 DEBUG::`geom_smooth()` using formula = 'y ~ x'
2025-03-11 19:11:49.349033 INFO::Creating scatter plot for continuous data, log_NO2NO3 vs COG4200
2025-03-11 19:11:49.651378 DEBUG::`geom_smooth()` using formula = 'y ~ x'
2025-03-11 19:11:49.666236 INFO::Creating scatter plot for continuous data, log_NO2NO3 vs COG0716
2025-03-11 19:11:49.965255 DEBUG::`geom_smooth()` using formula = 'y ~ x'
2025-03-11 19:11:49.980277 INFO::Creating scatter plot for continuous data, log_NO2NO3 vs COG1291
2025-03-11 19:11:50.294328 DEBUG::`geom_smooth()` using formula = 'y ~ x'
2025-03-11 19:11:50.309211 INFO::Creating scatter plot for continuous data, log_NO2NO3 vs COG1261
2025-03-11 19:11:50.637352 DEBUG::`geom_smooth()` using formula = 'y ~ x'
2025-03-11 19:11:50.709627 INFO::Creating scatter plot for continuous data, log_NO2NO3 vs COG1740
2025-03-11 19:11:51.01985 DEBUG::`geom_smooth()` using formula = 'y ~ x'
2025-03-11 19:11:51.04517 INFO::Creating scatter plot for continuous data, log_NO2NO3 vs COG0035
2025-03-11 19:11:51.348064 DEBUG::`geom_smooth()` using formula = 'y ~ x'
2025-03-11 19:11:51.363346 INFO::Creating scatter plot for continuous data, log_NO2NO3 vs COG1894
2025-03-11 19:11:51.693425 DEBUG::`geom_smooth()` using formula = 'y ~ x'
2025-03-11 19:11:51.708175 INFO::Creating scatter plot for continuous data, log_NO2NO3 vs COG2113
2025-03-11 19:11:51.997221 DEBUG::`geom_smooth()` using formula = 'y ~ x'
2025-03-11 19:11:52.011988 INFO::Creating scatter plot for continuous data, log_NO2NO3 vs COG0685
2025-03-11 19:11:52.312045 DEBUG::`geom_smooth()` using formula = 'y ~ x'
2025-03-11 19:11:52.336837 INFO::Creating scatter plot for continuous data, log_NO2NO3 vs COG1322
2025-03-11 19:11:52.63237 DEBUG::`geom_smooth()` using formula = 'y ~ x'
2025-03-11 19:11:52.665227 INFO::Creating scatter plot for continuous data, log_NO2NO3 vs COG1435
2025-03-11 19:11:52.971045 DEBUG::`geom_smooth()` using formula = 'y ~ x'
2025-03-11 19:11:53.137613 INFO::Creating scatter plot for continuous data, log_NO2NO3 vs COG3916
2025-03-11 19:11:53.434586 DEBUG::`geom_smooth()` using formula = 'y ~ x'
2025-03-11 19:11:53.45116 INFO::Creating scatter plot for continuous data, log_NO2NO3 vs COG3060
2025-03-11 19:11:53.742747 DEBUG::`geom_smooth()` using formula = 'y ~ x'
2025-03-11 19:11:53.757334 INFO::Creating scatter plot for continuous data, log_NO2NO3 vs COG1881
2025-03-11 19:11:54.072694 DEBUG::`geom_smooth()` using formula = 'y ~ x'
2025-03-11 19:11:54.08759 INFO::Creating scatter plot for continuous data, log_NO2NO3 vs COG5534
2025-03-11 19:11:54.38131 DEBUG::`geom_smooth()` using formula = 'y ~ x'
2025-03-11 19:11:54.39695 INFO::Creating scatter plot for continuous data, log_NO2NO3 vs COG1934
2025-03-11 19:11:54.692092 DEBUG::`geom_smooth()` using formula = 'y ~ x'
2025-03-11 19:11:54.706762 INFO::Creating scatter plot for continuous data, log_NO2NO3 vs COG2909
2025-03-11 19:11:55.027081 DEBUG::`geom_smooth()` using formula = 'y ~ x'
2025-03-11 19:11:55.040657 INFO::Creating scatter plot for continuous data, log_NO2NO3 vs COG1802
2025-03-11 19:11:55.327078 DEBUG::`geom_smooth()` using formula = 'y ~ x'
2025-03-11 19:11:55.341539 INFO::Creating scatter plot for continuous data, log_NO2NO3 vs COG4271
2025-03-11 19:11:55.629498 DEBUG::`geom_smooth()` using formula = 'y ~ x'
2025-03-11 19:11:55.673384 INFO::Creating scatter plot for continuous data, log_NO2NO3 vs COG1015
2025-03-11 19:11:56.072603 DEBUG::`geom_smooth()` using formula = 'y ~ x'
2025-03-11 19:11:56.099328 INFO::Creating scatter plot for continuous data, log_NO2NO3 vs COG1014
2025-03-11 19:11:56.385783 DEBUG::`geom_smooth()` using formula = 'y ~ x'
2025-03-11 19:11:56.412001 INFO::Creating scatter plot for continuous data, log_NO2NO3 vs COG2981
2025-03-11 19:11:56.726415 DEBUG::`geom_smooth()` using formula = 'y ~ x'
2025-03-11 19:11:56.742759 INFO::Creating scatter plot for continuous data, log_NO2NO3 vs COG4744
2025-03-11 19:11:57.034535 DEBUG::`geom_smooth()` using formula = 'y ~ x'
2025-03-11 19:11:57.052922 INFO::Creating scatter plot for continuous data, log_NO2NO3 vs COG4723
2025-03-11 19:11:57.359107 DEBUG::`geom_smooth()` using formula = 'y ~ x'
2025-03-11 19:11:57.378834 INFO::Creating scatter plot for continuous data, log_NO2NO3 vs COG2430
2025-03-11 19:11:57.676766 DEBUG::`geom_smooth()` using formula = 'y ~ x'
2025-03-11 19:11:57.701658 INFO::Creating scatter plot for continuous data, log_NO2NO3 vs COG0842
2025-03-11 19:11:58.010047 DEBUG::`geom_smooth()` using formula = 'y ~ x'
2025-03-11 19:11:58.02474 INFO::Creating scatter plot for continuous data, log_NO2NO3 vs COG2184
2025-03-11 19:11:58.337379 DEBUG::`geom_smooth()` using formula = 'y ~ x'
2025-03-11 19:11:58.352937 INFO::Creating scatter plot for continuous data, log_NO2NO3 vs COG0087
2025-03-11 19:11:58.644153 DEBUG::`geom_smooth()` using formula = 'y ~ x'
2025-03-11 19:11:58.667928 INFO::Creating scatter plot for continuous data, log_NO2NO3 vs COG2995
2025-03-11 19:11:58.988539 DEBUG::`geom_smooth()` using formula = 'y ~ x'
2025-03-11 19:11:59.003149 INFO::Creating scatter plot for continuous data, log_NO2NO3 vs COG2814
2025-03-11 19:11:59.314186 DEBUG::`geom_smooth()` using formula = 'y ~ x'
2025-03-11 19:11:59.329516 INFO::Creating scatter plot for continuous data, log_NO2NO3 vs COG1371
2025-03-11 19:11:59.621891 DEBUG::`geom_smooth()` using formula = 'y ~ x'
2025-03-11 19:11:59.636607 INFO::Creating scatter plot for continuous data, log_NO2NO3 vs COG4255
2025-03-11 19:11:59.931708 DEBUG::`geom_smooth()` using formula = 'y ~ x'
2025-03-11 19:11:59.946991 INFO::Creating scatter plot for continuous data, log_NO2NO3 vs COG0010
2025-03-11 19:12:00.248724 DEBUG::`geom_smooth()` using formula = 'y ~ x'
2025-03-11 19:12:00.263275 INFO::Creating scatter plot for continuous data, log_NO2NO3 vs COG1475
2025-03-11 19:12:00.581079 DEBUG::`geom_smooth()` using formula = 'y ~ x'
2025-03-11 19:12:00.596399 INFO::Creating scatter plot for continuous data, log_NO2NO3 vs COG3209
2025-03-11 19:12:00.877892 DEBUG::`geom_smooth()` using formula = 'y ~ x'
2025-03-11 19:12:00.913308 INFO::Creating scatter plot for continuous data, log_NO2NO3 vs COG3162
2025-03-11 19:12:01.200268 DEBUG::`geom_smooth()` using formula = 'y ~ x'
2025-03-11 19:12:01.222428 INFO::Creating scatter plot for continuous data, log_NO2NO3 vs COG4635
2025-03-11 19:12:01.551487 DEBUG::`geom_smooth()` using formula = 'y ~ x'
2025-03-11 19:12:01.566721 INFO::Creating scatter plot for continuous data, log_NO2NO3 vs COG2848
2025-03-11 19:12:01.857133 DEBUG::`geom_smooth()` using formula = 'y ~ x'
2025-03-11 19:12:01.87253 INFO::Creating scatter plot for continuous data, log_NO2NO3 vs COG1591
2025-03-11 19:12:02.163384 DEBUG::`geom_smooth()` using formula = 'y ~ x'
2025-03-11 19:12:02.178375 INFO::Creating scatter plot for continuous data, log_NO2NO3 vs COG2833
2025-03-11 19:12:02.492704 DEBUG::`geom_smooth()` using formula = 'y ~ x'
2025-03-11 19:12:02.507613 INFO::Creating scatter plot for continuous data, log_NO2NO3 vs COG4188
2025-03-11 19:12:02.800286 DEBUG::`geom_smooth()` using formula = 'y ~ x'
2025-03-11 19:12:02.814957 INFO::Creating scatter plot for continuous data, log_NO2NO3 vs COG1624
2025-03-11 19:12:03.117223 DEBUG::`geom_smooth()` using formula = 'y ~ x'
2025-03-11 19:12:03.139116 INFO::Creating scatter plot for continuous data, log_NO2NO3 vs COG0511
2025-03-11 19:12:03.456962 DEBUG::`geom_smooth()` using formula = 'y ~ x'
2025-03-11 19:12:03.471833 INFO::Creating scatter plot for continuous data, log_NO2NO3 vs COG2352
2025-03-11 19:12:03.759579 DEBUG::`geom_smooth()` using formula = 'y ~ x'
2025-03-11 19:12:03.774322 INFO::Creating scatter plot for continuous data, log_NO2NO3 vs COG4833
2025-03-11 19:12:04.071491 DEBUG::`geom_smooth()` using formula = 'y ~ x'
2025-03-11 19:12:04.089227 INFO::Creating scatter plot for continuous data, log_NO2NO3 vs COG5654
2025-03-11 19:12:04.400141 DEBUG::`geom_smooth()` using formula = 'y ~ x'
2025-03-11 19:12:04.418625 INFO::Creating scatter plot for continuous data, log_NO2NO3 vs COG1476
2025-03-11 19:12:04.712373 DEBUG::`geom_smooth()` using formula = 'y ~ x'
2025-03-11 19:12:04.727594 INFO::Creating scatter plot for continuous data, log_NO2NO3 vs COG5507
2025-03-11 19:12:05.018522 DEBUG::`geom_smooth()` using formula = 'y ~ x'
2025-03-11 19:12:05.032188 INFO::Creating scatter plot for continuous data, log_NO2NO3 vs COG2804
2025-03-11 19:12:05.324337 DEBUG::`geom_smooth()` using formula = 'y ~ x'
2025-03-11 19:12:05.339219 INFO::Creating scatter plot for continuous data, log_NO2NO3 vs COG1993
2025-03-11 19:12:05.655878 DEBUG::`geom_smooth()` using formula = 'y ~ x'
2025-03-11 19:12:05.673658 INFO::Creating scatter plot for continuous data, log_NO2NO3 vs COG0280
2025-03-11 19:12:05.96739 DEBUG::`geom_smooth()` using formula = 'y ~ x'
2025-03-11 19:12:06.020439 INFO::Creating scatter plot for continuous data, log_NO2NO3 vs COG3540
2025-03-11 19:12:06.329351 DEBUG::`geom_smooth()` using formula = 'y ~ x'
2025-03-11 19:12:06.355594 INFO::Creating scatter plot for continuous data, log_NO2NO3 vs COG5456
2025-03-11 19:12:06.680468 DEBUG::`geom_smooth()` using formula = 'y ~ x'
2025-03-11 19:12:06.695838 INFO::Creating scatter plot for continuous data, log_NO2NO3 vs COG0374
2025-03-11 19:12:06.981727 DEBUG::`geom_smooth()` using formula = 'y ~ x'
2025-03-11 19:12:07.007419 INFO::Creating scatter plot for continuous data, log_NO2NO3 vs COG4177
2025-03-11 19:12:07.307244 DEBUG::`geom_smooth()` using formula = 'y ~ x'
2025-03-11 19:12:07.322113 INFO::Creating scatter plot for continuous data, log_NO2NO3 vs COG5083
2025-03-11 19:12:07.639607 DEBUG::`geom_smooth()` using formula = 'y ~ x'
2025-03-11 19:12:07.653583 INFO::Creating scatter plot for continuous data, log_NO2NO3 vs COG0764
2025-03-11 19:12:07.948505 DEBUG::`geom_smooth()` using formula = 'y ~ x'
2025-03-11 19:12:07.963785 INFO::Creating scatter plot for continuous data, log_NO2NO3 vs COG1788
2025-03-11 19:12:08.260325 DEBUG::`geom_smooth()` using formula = 'y ~ x'
2025-03-11 19:12:08.280404 INFO::Creating scatter plot for continuous data, log_NO2NO3 vs COG0776
2025-03-11 19:12:08.594292 DEBUG::`geom_smooth()` using formula = 'y ~ x'
2025-03-11 19:12:08.609679 INFO::Creating scatter plot for continuous data, log_NO2NO3 vs COG0592
2025-03-11 19:12:08.890702 DEBUG::`geom_smooth()` using formula = 'y ~ x'
2025-03-11 19:12:08.907597 INFO::Creating scatter plot for continuous data, log_NO2NO3 vs COG1092
2025-03-11 19:12:09.209258 DEBUG::`geom_smooth()` using formula = 'y ~ x'
2025-03-11 19:12:09.313501 INFO::Creating scatter plot for continuous data, log_NO2NO3 vs COG3066
2025-03-11 19:12:09.634603 DEBUG::`geom_smooth()` using formula = 'y ~ x'
2025-03-11 19:12:09.650112 INFO::Creating scatter plot for continuous data, log_NO2NO3 vs COG0632
2025-03-11 19:12:09.940291 DEBUG::`geom_smooth()` using formula = 'y ~ x'
2025-03-11 19:12:09.956104 INFO::Creating scatter plot for continuous data, log_NO2NO3 vs COG2746
2025-03-11 19:12:10.248705 DEBUG::`geom_smooth()` using formula = 'y ~ x'
2025-03-11 19:12:10.263826 INFO::Creating scatter plot for continuous data, log_NO2NO3 vs COG5328
2025-03-11 19:12:10.584319 DEBUG::`geom_smooth()` using formula = 'y ~ x'
2025-03-11 19:12:10.599746 INFO::Creating scatter plot for continuous data, log_NO2NO3 vs COG0801
2025-03-11 19:12:10.89891 DEBUG::`geom_smooth()` using formula = 'y ~ x'
2025-03-11 19:12:10.913429 INFO::Creating scatter plot for continuous data, log_NO2NO3 vs COG1889
2025-03-11 19:12:11.211646 DEBUG::`geom_smooth()` using formula = 'y ~ x'
2025-03-11 19:12:11.27394 INFO::Creating scatter plot for continuous data, log_NO2NO3 vs COG0458
2025-03-11 19:12:11.624449 DEBUG::`geom_smooth()` using formula = 'y ~ x'
2025-03-11 19:12:11.644463 INFO::Creating scatter plot for continuous data, log_NO2NO3 vs COG3345
2025-03-11 19:12:12.003141 DEBUG::`geom_smooth()` using formula = 'y ~ x'
2025-03-11 19:12:12.02844 INFO::Creating scatter plot for continuous data, log_NO2NO3 vs COG1682
2025-03-11 19:12:12.33154 DEBUG::`geom_smooth()` using formula = 'y ~ x'
2025-03-11 19:12:12.354106 INFO::Creating scatter plot for continuous data, log_NO2NO3 vs COG3981
2025-03-11 19:12:12.643938 DEBUG::`geom_smooth()` using formula = 'y ~ x'
2025-03-11 19:12:12.660714 INFO::Creating scatter plot for continuous data, log_NO2NO3 vs COG3253
2025-03-11 19:12:12.981315 DEBUG::`geom_smooth()` using formula = 'y ~ x'
2025-03-11 19:12:12.996108 INFO::Creating scatter plot for continuous data, log_NO2NO3 vs COG0255
2025-03-11 19:12:13.289941 DEBUG::`geom_smooth()` using formula = 'y ~ x'
2025-03-11 19:12:13.312697 INFO::Creating scatter plot for continuous data, log_NO2NO3 vs COG1382
2025-03-11 19:12:13.622522 DEBUG::`geom_smooth()` using formula = 'y ~ x'
2025-03-11 19:12:13.637353 INFO::Creating scatter plot for continuous data, log_NO2NO3 vs COG0123
2025-03-11 19:12:13.960339 DEBUG::`geom_smooth()` using formula = 'y ~ x'
2025-03-11 19:12:13.974062 INFO::Creating scatter plot for continuous data, log_NO2NO3 vs COG1405
2025-03-11 19:12:14.260357 DEBUG::`geom_smooth()` using formula = 'y ~ x'
2025-03-11 19:12:14.28126 INFO::Creating scatter plot for continuous data, log_NO2NO3 vs COG2375
2025-03-11 19:12:14.573209 DEBUG::`geom_smooth()` using formula = 'y ~ x'
2025-03-11 19:12:14.595415 INFO::Creating scatter plot for continuous data, log_NO2NO3 vs COG2310
2025-03-11 19:12:14.896705 DEBUG::`geom_smooth()` using formula = 'y ~ x'
2025-03-11 19:12:14.911899 INFO::Creating scatter plot for continuous data, log_NO2NO3 vs COG2105
2025-03-11 19:12:15.242378 DEBUG::`geom_smooth()` using formula = 'y ~ x'
2025-03-11 19:12:15.257864 INFO::Creating scatter plot for continuous data, log_NO2NO3 vs COG3563
2025-03-11 19:12:15.555516 DEBUG::`geom_smooth()` using formula = 'y ~ x'
2025-03-11 19:12:15.570234 INFO::Creating scatter plot for continuous data, log_NO2NO3 vs COG2204
2025-03-11 19:12:15.875433 DEBUG::`geom_smooth()` using formula = 'y ~ x'
2025-03-11 19:12:15.889039 INFO::Creating scatter plot for continuous data, log_NO2NO3 vs COG0826
2025-03-11 19:12:16.210214 DEBUG::`geom_smooth()` using formula = 'y ~ x'
2025-03-11 19:12:16.225448 INFO::Creating scatter plot for continuous data, log_NO2NO3 vs COG4679
2025-03-11 19:12:16.512379 DEBUG::`geom_smooth()` using formula = 'y ~ x'
2025-03-11 19:12:16.532859 INFO::Creating scatter plot for continuous data, log_NO2NO3 vs COG3600
2025-03-11 19:12:16.829937 DEBUG::`geom_smooth()` using formula = 'y ~ x'
2025-03-11 19:12:16.84998 INFO::Creating scatter plot for continuous data, log_NO2NO3 vs COG1508
2025-03-11 19:12:17.183986 DEBUG::`geom_smooth()` using formula = 'y ~ x'
2025-03-11 19:12:17.199138 INFO::Creating scatter plot for continuous data, log_NO2NO3 vs COG3270
2025-03-11 19:12:17.49094 DEBUG::`geom_smooth()` using formula = 'y ~ x'
2025-03-11 19:12:17.506443 INFO::Creating scatter plot for continuous data, log_NO2NO3 vs COG4099
2025-03-11 19:12:17.805023 DEBUG::`geom_smooth()` using formula = 'y ~ x'
2025-03-11 19:12:17.819735 INFO::Creating scatter plot for continuous data, log_NO2NO3 vs COG2369
2025-03-11 19:12:18.117685 DEBUG::`geom_smooth()` using formula = 'y ~ x'
2025-03-11 19:12:18.131571 INFO::Creating scatter plot for continuous data, log_NO2NO3 vs COG3093
2025-03-11 19:12:18.46259 DEBUG::`geom_smooth()` using formula = 'y ~ x'
2025-03-11 19:12:18.477544 INFO::Creating scatter plot for continuous data, log_NO2NO3 vs COG1158
2025-03-11 19:12:18.776371 DEBUG::`geom_smooth()` using formula = 'y ~ x'
2025-03-11 19:12:18.791643 INFO::Creating scatter plot for continuous data, log_NO2NO3 vs COG0141
2025-03-11 19:12:19.092772 DEBUG::`geom_smooth()` using formula = 'y ~ x'
2025-03-11 19:12:19.107359 INFO::Creating scatter plot for continuous data, log_NO2NO3 vs COG2030
2025-03-11 19:12:19.4442 DEBUG::`geom_smooth()` using formula = 'y ~ x'
2025-03-11 19:12:19.457707 INFO::Creating scatter plot for continuous data, log_NO2NO3 vs COG5433
2025-03-11 19:12:19.755977 DEBUG::`geom_smooth()` using formula = 'y ~ x'
2025-03-11 19:12:19.781432 INFO::Creating scatter plot for continuous data, log_NO2NO3 vs COG3347
2025-03-11 19:12:20.088632 DEBUG::`geom_smooth()` using formula = 'y ~ x'
2025-03-11 19:12:20.106675 INFO::Creating scatter plot for continuous data, log_NO2NO3 vs COG2703
2025-03-11 19:12:20.431425 DEBUG::`geom_smooth()` using formula = 'y ~ x'
2025-03-11 19:12:20.445973 INFO::Creating scatter plot for continuous data, log_NO2NO3 vs COG3831
2025-03-11 19:12:20.745944 DEBUG::`geom_smooth()` using formula = 'y ~ x'
2025-03-11 19:12:20.766068 INFO::Creating scatter plot for continuous data, log_NO2NO3 vs COG2212
2025-03-11 19:12:21.055243 DEBUG::`geom_smooth()` using formula = 'y ~ x'
2025-03-11 19:12:21.069782 INFO::Creating scatter plot for continuous data, log_NO2NO3 vs COG3310
2025-03-11 19:12:21.405714 DEBUG::`geom_smooth()` using formula = 'y ~ x'
2025-03-11 19:12:21.433502 INFO::Creating scatter plot for continuous data, log_NO2NO3 vs COG5039
2025-03-11 19:12:21.767194 DEBUG::`geom_smooth()` using formula = 'y ~ x'
2025-03-11 19:12:21.794995 INFO::Creating scatter plot for continuous data, log_NO2NO3 vs COG2900
2025-03-11 19:12:22.086933 DEBUG::`geom_smooth()` using formula = 'y ~ x'
2025-03-11 19:12:22.107778 INFO::Creating scatter plot for continuous data, log_NO2NO3 vs COG4063
2025-03-11 19:12:22.414197 DEBUG::`geom_smooth()` using formula = 'y ~ x'
2025-03-11 19:12:22.429329 INFO::Creating scatter plot for continuous data, log_NO2NO3 vs COG4087
2025-03-11 19:12:22.749892 DEBUG::`geom_smooth()` using formula = 'y ~ x'
2025-03-11 19:12:22.766587 INFO::Creating scatter plot for continuous data, log_NO2NO3 vs COG0599
2025-03-11 19:12:23.063646 DEBUG::`geom_smooth()` using formula = 'y ~ x'
2025-03-11 19:12:23.079372 INFO::Creating scatter plot for continuous data, log_NO2NO3 vs COG2891
2025-03-11 19:12:23.375713 DEBUG::`geom_smooth()` using formula = 'y ~ x'
2025-03-11 19:12:23.394531 INFO::Creating scatter plot for continuous data, log_NO2NO3 vs COG3633
2025-03-11 19:12:23.71795 DEBUG::`geom_smooth()` using formula = 'y ~ x'
2025-03-11 19:12:23.732529 INFO::Creating scatter plot for continuous data, log_NO2NO3 vs COG0340
2025-03-11 19:12:24.022882 DEBUG::`geom_smooth()` using formula = 'y ~ x'
2025-03-11 19:12:24.038182 INFO::Creating scatter plot for continuous data, log_NO2NO3 vs COG3604
2025-03-11 19:12:24.349774 DEBUG::`geom_smooth()` using formula = 'y ~ x'
2025-03-11 19:12:24.36508 INFO::Creating scatter plot for continuous data, log_NO2NO3 vs COG3509
2025-03-11 19:12:24.689914 DEBUG::`geom_smooth()` using formula = 'y ~ x'
2025-03-11 19:12:24.706732 INFO::Creating scatter plot for continuous data, log_NO2NO3 vs COG0208
2025-03-11 19:12:24.999075 DEBUG::`geom_smooth()` using formula = 'y ~ x'
2025-03-11 19:12:25.013892 INFO::Creating scatter plot for continuous data, log_NO2NO3 vs COG3637
2025-03-11 19:12:25.310391 DEBUG::`geom_smooth()` using formula = 'y ~ x'
2025-03-11 19:12:25.324939 INFO::Creating scatter plot for continuous data, log_NO2NO3 vs COG3590
2025-03-11 19:12:25.65728 DEBUG::`geom_smooth()` using formula = 'y ~ x'
2025-03-11 19:12:25.671724 INFO::Creating scatter plot for continuous data, log_NO2NO3 vs COG1950
2025-03-11 19:12:25.963596 DEBUG::`geom_smooth()` using formula = 'y ~ x'
2025-03-11 19:12:25.974972 INFO::Creating scatter plot for continuous data, log_NO2NO3 vs COG3403
2025-03-11 19:12:26.268244 DEBUG::`geom_smooth()` using formula = 'y ~ x'
2025-03-11 19:12:26.282921 INFO::Creating scatter plot for continuous data, log_NO2NO3 vs COG5552
2025-03-11 19:12:26.606884 DEBUG::`geom_smooth()` using formula = 'y ~ x'
2025-03-11 19:12:26.621094 INFO::Creating scatter plot for continuous data, log_NO2NO3 vs COG1097
2025-03-11 19:12:26.929154 DEBUG::`geom_smooth()` using formula = 'y ~ x'
2025-03-11 19:12:26.955087 INFO::Creating scatter plot for continuous data, log_NO2NO3 vs COG4637
2025-03-11 19:12:27.243123 DEBUG::`geom_smooth()` using formula = 'y ~ x'
2025-03-11 19:12:27.266708 INFO::Creating scatter plot for continuous data, log_NO2NO3 vs COG2177
2025-03-11 19:12:27.555274 DEBUG::`geom_smooth()` using formula = 'y ~ x'
2025-03-11 19:12:27.570991 INFO::Creating scatter plot for continuous data, log_NO2NO3 vs COG0729
2025-03-11 19:12:27.900087 DEBUG::`geom_smooth()` using formula = 'y ~ x'
2025-03-11 19:12:27.9144 INFO::Creating scatter plot for continuous data, log_NO2NO3 vs COG1306
2025-03-11 19:12:28.203863 DEBUG::`geom_smooth()` using formula = 'y ~ x'
2025-03-11 19:12:28.223528 INFO::Creating scatter plot for continuous data, log_NO2NO3 vs COG3440
2025-03-11 19:12:28.518773 DEBUG::`geom_smooth()` using formula = 'y ~ x'
2025-03-11 19:12:28.533512 INFO::Creating scatter plot for continuous data, log_NO2NO3 vs COG4952
2025-03-11 19:12:28.86122 DEBUG::`geom_smooth()` using formula = 'y ~ x'
2025-03-11 19:12:28.875465 INFO::Creating scatter plot for continuous data, log_NO2NO3 vs COG3199
2025-03-11 19:12:29.164956 DEBUG::`geom_smooth()` using formula = 'y ~ x'
2025-03-11 19:12:29.179771 INFO::Creating scatter plot for continuous data, log_NO2NO3 vs COG2733
2025-03-11 19:12:29.473998 DEBUG::`geom_smooth()` using formula = 'y ~ x'
2025-03-11 19:12:29.483951 INFO::Creating scatter plot for continuous data, log_NO2NO3 vs COG1759
2025-03-11 19:12:29.822767 DEBUG::`geom_smooth()` using formula = 'y ~ x'
2025-03-11 19:12:29.837402 INFO::Creating scatter plot for continuous data, log_NO2NO3 vs COG2180
2025-03-11 19:12:30.123857 DEBUG::`geom_smooth()` using formula = 'y ~ x'
2025-03-11 19:12:30.133783 INFO::Creating scatter plot for continuous data, log_NO2NO3 vs COG3230
2025-03-11 19:12:30.431432 DEBUG::`geom_smooth()` using formula = 'y ~ x'
2025-03-11 19:12:30.44619 INFO::Creating scatter plot for continuous data, log_NO2NO3 vs COG4269
2025-03-11 19:12:30.778713 DEBUG::`geom_smooth()` using formula = 'y ~ x'
2025-03-11 19:12:30.791538 INFO::Creating scatter plot for continuous data, log_NO2NO3 vs COG3228
2025-03-11 19:12:31.079755 DEBUG::`geom_smooth()` using formula = 'y ~ x'
2025-03-11 19:12:31.095383 INFO::Creating scatter plot for continuous data, log_NO2NO3 vs COG0658
2025-03-11 19:12:31.381641 DEBUG::`geom_smooth()` using formula = 'y ~ x'
2025-03-11 19:12:31.39654 INFO::Creating scatter plot for continuous data, log_NO2NO3 vs COG3451
2025-03-11 19:12:31.72388 DEBUG::`geom_smooth()` using formula = 'y ~ x'
2025-03-11 19:12:31.744456 INFO::Creating scatter plot for continuous data, log_NO2NO3 vs COG3252
2025-03-11 19:12:32.038867 DEBUG::`geom_smooth()` using formula = 'y ~ x'
2025-03-11 19:12:32.065534 INFO::Creating scatter plot for continuous data, log_NO2NO3 vs COG5658
2025-03-11 19:12:32.370104 DEBUG::`geom_smooth()` using formula = 'y ~ x'
2025-03-11 19:12:32.395334 INFO::Creating scatter plot for continuous data, log_NO2NO3 vs COG1468
2025-03-11 19:12:32.71388 DEBUG::`geom_smooth()` using formula = 'y ~ x'
2025-03-11 19:12:32.729409 INFO::Creating scatter plot for continuous data, log_NO2NO3 vs COG4736
2025-03-11 19:12:33.03401 DEBUG::`geom_smooth()` using formula = 'y ~ x'
2025-03-11 19:12:33.049123 INFO::Creating scatter plot for continuous data, log_NO2NO3 vs COG0036
2025-03-11 19:12:33.335991 DEBUG::`geom_smooth()` using formula = 'y ~ x'
2025-03-11 19:12:33.350318 INFO::Creating scatter plot for continuous data, log_NO2NO3 vs COG3800
2025-03-11 19:12:33.646831 DEBUG::`geom_smooth()` using formula = 'y ~ x'
2025-03-11 19:12:33.662042 INFO::Creating scatter plot for continuous data, log_NO2NO3 vs COG5405
2025-03-11 19:12:34.055061 DEBUG::`geom_smooth()` using formula = 'y ~ x'
2025-03-11 19:12:34.075425 INFO::Creating scatter plot for continuous data, log_NO2NO3 vs COG2200
2025-03-11 19:12:34.37629 DEBUG::`geom_smooth()` using formula = 'y ~ x'
2025-03-11 19:12:34.391196 INFO::Creating scatter plot for continuous data, log_NO2NO3 vs COG0590
2025-03-11 19:12:34.712766 DEBUG::`geom_smooth()` using formula = 'y ~ x'
2025-03-11 19:12:34.725348 INFO::Creating scatter plot for continuous data, log_NO2NO3 vs COG1608
2025-03-11 19:12:35.061646 DEBUG::`geom_smooth()` using formula = 'y ~ x'
2025-03-11 19:12:35.076435 INFO::Creating scatter plot for continuous data, log_NO2NO3 vs COG0460
2025-03-11 19:12:35.365875 DEBUG::`geom_smooth()` using formula = 'y ~ x'
2025-03-11 19:12:35.380895 INFO::Creating scatter plot for continuous data, log_NO2NO3 vs COG0282
2025-03-11 19:12:35.684251 DEBUG::`geom_smooth()` using formula = 'y ~ x'
2025-03-11 19:12:35.698873 INFO::Creating scatter plot for continuous data, log_NO2NO3 vs COG2062
2025-03-11 19:12:36.025814 DEBUG::`geom_smooth()` using formula = 'y ~ x'
2025-03-11 19:12:36.040609 INFO::Creating scatter plot for continuous data, log_NO2NO3 vs COG1846
2025-03-11 19:12:36.342337 DEBUG::`geom_smooth()` using formula = 'y ~ x'
2025-03-11 19:12:36.359256 INFO::Creating scatter plot for continuous data, log_NO2NO3 vs COG1426
2025-03-11 19:12:36.657008 DEBUG::`geom_smooth()` using formula = 'y ~ x'
2025-03-11 19:12:36.671788 INFO::Creating scatter plot for continuous data, log_NO2NO3 vs COG5563
2025-03-11 19:12:36.972364 DEBUG::`geom_smooth()` using formula = 'y ~ x'
2025-03-11 19:12:36.992642 INFO::Creating scatter plot for continuous data, log_NO2NO3 vs COG1115
2025-03-11 19:12:37.326972 DEBUG::`geom_smooth()` using formula = 'y ~ x'
2025-03-11 19:12:37.342199 INFO::Creating scatter plot for continuous data, log_NO2NO3 vs COG3194
2025-03-11 19:12:37.653234 DEBUG::`geom_smooth()` using formula = 'y ~ x'
2025-03-11 19:12:37.674164 INFO::Creating scatter plot for continuous data, log_NO2NO3 vs COG0535
2025-03-11 19:12:37.987345 DEBUG::`geom_smooth()` using formula = 'y ~ x'
2025-03-11 19:12:38.002357 INFO::Creating scatter plot for continuous data, log_NO2NO3 vs COG1583
2025-03-11 19:12:38.329518 DEBUG::`geom_smooth()` using formula = 'y ~ x'
2025-03-11 19:12:38.347125 INFO::Creating scatter plot for continuous data, log_NO2NO3 vs COG0756
2025-03-11 19:12:38.649196 DEBUG::`geom_smooth()` using formula = 'y ~ x'
2025-03-11 19:12:38.66331 INFO::Creating scatter plot for continuous data, log_NO2NO3 vs COG4553
2025-03-11 19:12:38.964715 DEBUG::`geom_smooth()` using formula = 'y ~ x'
2025-03-11 19:12:38.980418 INFO::Creating scatter plot for continuous data, log_NO2NO3 vs COG2316
2025-03-11 19:12:39.314762 DEBUG::`geom_smooth()` using formula = 'y ~ x'
2025-03-11 19:12:39.337224 INFO::Creating scatter plot for continuous data, log_NO2NO3 vs COG0246
2025-03-11 19:12:39.63938 DEBUG::`geom_smooth()` using formula = 'y ~ x'
2025-03-11 19:12:39.65468 INFO::Creating scatter plot for continuous data, log_NO2NO3 vs COG3137
2025-03-11 19:12:39.946917 DEBUG::`geom_smooth()` using formula = 'y ~ x'
2025-03-11 19:12:39.965517 INFO::Creating scatter plot for continuous data, log_NO2NO3 vs COG3045
2025-03-11 19:12:40.284306 DEBUG::`geom_smooth()` using formula = 'y ~ x'
2025-03-11 19:12:40.300695 INFO::Creating scatter plot for continuous data, log_NO2NO3 vs COG4307
2025-03-11 19:12:40.597819 DEBUG::`geom_smooth()` using formula = 'y ~ x'
2025-03-11 19:12:40.612709 INFO::Creating scatter plot for continuous data, log_NO2NO3 vs COG1712
2025-03-11 19:12:40.907834 DEBUG::`geom_smooth()` using formula = 'y ~ x'
2025-03-11 19:12:40.921692 INFO::Creating scatter plot for continuous data, log_NO2NO3 vs COG2856
2025-03-11 19:12:41.208594 DEBUG::`geom_smooth()` using formula = 'y ~ x'
2025-03-11 19:12:41.22392 INFO::Creating scatter plot for continuous data, log_NO2NO3 vs COG0840
2025-03-11 19:12:41.55757 DEBUG::`geom_smooth()` using formula = 'y ~ x'
2025-03-11 19:12:41.571702 INFO::Creating scatter plot for continuous data, log_NO2NO3 vs COG1555
2025-03-11 19:12:41.863401 DEBUG::`geom_smooth()` using formula = 'y ~ x'
2025-03-11 19:12:41.878618 INFO::Creating scatter plot for continuous data, log_NO2NO3 vs COG1965
2025-03-11 19:12:42.17278 DEBUG::`geom_smooth()` using formula = 'y ~ x'
2025-03-11 19:12:42.192297 INFO::Creating scatter plot for continuous data, log_NO2NO3 vs COG4849
2025-03-11 19:12:42.499575 DEBUG::`geom_smooth()` using formula = 'y ~ x'
2025-03-11 19:12:42.514779 INFO::Creating scatter plot for continuous data, log_NO2NO3 vs COG3622
2025-03-11 19:12:42.817741 DEBUG::`geom_smooth()` using formula = 'y ~ x'
2025-03-11 19:12:42.832345 INFO::Creating scatter plot for continuous data, log_NO2NO3 vs COG4397
2025-03-11 19:12:43.138232 DEBUG::`geom_smooth()` using formula = 'y ~ x'
2025-03-11 19:12:43.151247 INFO::Creating scatter plot for continuous data, log_NO2NO3 vs COG3174
2025-03-11 19:12:43.507476 DEBUG::`geom_smooth()` using formula = 'y ~ x'
2025-03-11 19:12:43.52243 INFO::Creating scatter plot for continuous data, log_NO2NO3 vs COG3220
2025-03-11 19:12:43.817019 DEBUG::`geom_smooth()` using formula = 'y ~ x'
2025-03-11 19:12:43.83239 INFO::Creating scatter plot for continuous data, log_NO2NO3 vs COG3094
2025-03-11 19:12:44.125784 DEBUG::`geom_smooth()` using formula = 'y ~ x'
2025-03-11 19:12:44.140644 INFO::Creating scatter plot for continuous data, log_NO2NO3 vs COG1724
2025-03-11 19:12:44.460302 DEBUG::`geom_smooth()` using formula = 'y ~ x'
2025-03-11 19:12:44.474329 INFO::Creating scatter plot for continuous data, log_NO2NO3 vs COG3171
2025-03-11 19:12:44.778398 DEBUG::`geom_smooth()` using formula = 'y ~ x'
2025-03-11 19:12:44.793394 INFO::Creating scatter plot for continuous data, log_NO2NO3 vs COG3008
2025-03-11 19:12:45.09931 DEBUG::`geom_smooth()` using formula = 'y ~ x'
2025-03-11 19:12:45.115946 INFO::Creating scatter plot for continuous data, log_NO2NO3 vs COG3898
2025-03-11 19:12:45.423346 DEBUG::`geom_smooth()` using formula = 'y ~ x'
2025-03-11 19:12:45.560206 INFO::Creating scatter plot for continuous data, log_NO2NO3 vs COG3572
2025-03-11 19:12:45.884109 DEBUG::`geom_smooth()` using formula = 'y ~ x'
2025-03-11 19:12:45.899186 INFO::Creating scatter plot for continuous data, log_NO2NO3 vs COG0646
2025-03-11 19:12:46.195859 DEBUG::`geom_smooth()` using formula = 'y ~ x'
2025-03-11 19:12:46.212076 INFO::Creating scatter plot for continuous data, log_NO2NO3 vs COG1319
2025-03-11 19:12:46.509368 DEBUG::`geom_smooth()` using formula = 'y ~ x'
2025-03-11 19:12:46.524313 INFO::Creating scatter plot for continuous data, log_NO2NO3 vs COG4582
2025-03-11 19:12:46.841134 DEBUG::`geom_smooth()` using formula = 'y ~ x'
2025-03-11 19:12:46.854999 INFO::Creating scatter plot for continuous data, log_NO2NO3 vs COG0256
2025-03-11 19:12:47.149992 DEBUG::`geom_smooth()` using formula = 'y ~ x'
2025-03-11 19:12:47.217171 INFO::Creating scatter plot for continuous data, log_NO2NO3 vs COG2326
2025-03-11 19:12:47.541249 DEBUG::`geom_smooth()` using formula = 'y ~ x'
2025-03-11 19:12:47.563482 INFO::Creating scatter plot for continuous data, log_NO2NO3 vs COG4641
2025-03-11 19:12:47.879746 DEBUG::`geom_smooth()` using formula = 'y ~ x'
2025-03-11 19:12:47.905622 INFO::Creating scatter plot for continuous data, log_NO2NO3 vs COG5482
2025-03-11 19:12:48.206447 DEBUG::`geom_smooth()` using formula = 'y ~ x'
2025-03-11 19:12:48.221755 INFO::Creating scatter plot for continuous data, log_NO2NO3 vs COG1013
2025-03-11 19:12:48.534966 DEBUG::`geom_smooth()` using formula = 'y ~ x'
2025-03-11 19:12:48.559231 INFO::Creating scatter plot for continuous data, log_NO2NO3 vs COG0449
2025-03-11 19:12:48.891856 DEBUG::`geom_smooth()` using formula = 'y ~ x'
2025-03-11 19:12:48.906965 INFO::Creating scatter plot for continuous data, log_NO2NO3 vs COG2877
2025-03-11 19:12:49.193873 DEBUG::`geom_smooth()` using formula = 'y ~ x'
2025-03-11 19:12:49.209337 INFO::Creating scatter plot for continuous data, log_NO2NO3 vs COG0505
2025-03-11 19:12:49.509153 DEBUG::`geom_smooth()` using formula = 'y ~ x'
2025-03-11 19:12:49.524336 INFO::Creating scatter plot for continuous data, log_NO2NO3 vs COG3762
2025-03-11 19:12:49.848256 DEBUG::`geom_smooth()` using formula = 'y ~ x'
2025-03-11 19:12:49.86373 INFO::Creating scatter plot for continuous data, log_NO2NO3 vs COG1925
2025-03-11 19:12:50.175791 DEBUG::`geom_smooth()` using formula = 'y ~ x'
2025-03-11 19:12:50.19114 INFO::Creating scatter plot for continuous data, log_NO2NO3 vs COG3280
2025-03-11 19:12:50.488734 DEBUG::`geom_smooth()` using formula = 'y ~ x'
2025-03-11 19:12:50.503419 INFO::Creating scatter plot for continuous data, log_NO2NO3 vs COG2867
2025-03-11 19:12:50.797002 DEBUG::`geom_smooth()` using formula = 'y ~ x'
2025-03-11 19:12:50.816294 INFO::Creating scatter plot for continuous data, log_NO2NO3 vs COG3943
2025-03-11 19:12:51.151425 DEBUG::`geom_smooth()` using formula = 'y ~ x'
2025-03-11 19:12:51.166404 INFO::Creating scatter plot for continuous data, log_NO2NO3 vs COG3610
2025-03-11 19:12:51.454969 DEBUG::`geom_smooth()` using formula = 'y ~ x'
2025-03-11 19:12:51.468145 INFO::Creating scatter plot for continuous data, log_NO2NO3 vs COG2025
2025-03-11 19:12:51.769005 DEBUG::`geom_smooth()` using formula = 'y ~ x'
2025-03-11 19:12:51.783723 INFO::Creating scatter plot for continuous data, log_NO2NO3 vs COG4754
2025-03-11 19:12:52.114331 DEBUG::`geom_smooth()` using formula = 'y ~ x'
2025-03-11 19:12:52.13298 INFO::Creating scatter plot for continuous data, log_NO2NO3 vs COG1466
2025-03-11 19:12:52.464 DEBUG::`geom_smooth()` using formula = 'y ~ x'
2025-03-11 19:12:52.487675 INFO::Creating scatter plot for continuous data, log_NO2NO3 vs COG0603
2025-03-11 19:12:52.781093 DEBUG::`geom_smooth()` using formula = 'y ~ x'
2025-03-11 19:12:52.808017 INFO::Creating scatter plot for continuous data, log_NO2NO3 vs COG2884
2025-03-11 19:12:53.141662 DEBUG::`geom_smooth()` using formula = 'y ~ x'
2025-03-11 19:12:53.157091 INFO::Creating scatter plot for continuous data, log_NO2NO3 vs COG4829
2025-03-11 19:12:53.447385 DEBUG::`geom_smooth()` using formula = 'y ~ x'
2025-03-11 19:12:53.472365 INFO::Creating scatter plot for continuous data, log_NO2NO3 vs COG3777
2025-03-11 19:12:53.772411 DEBUG::`geom_smooth()` using formula = 'y ~ x'
2025-03-11 19:12:53.787917 INFO::Creating scatter plot for continuous data, log_NO2NO3 vs COG2096
2025-03-11 19:12:54.111694 DEBUG::`geom_smooth()` using formula = 'y ~ x'
2025-03-11 19:12:54.126625 INFO::Creating scatter plot for continuous data, log_NO2NO3 vs COG1459
2025-03-11 19:12:54.41388 DEBUG::`geom_smooth()` using formula = 'y ~ x'
2025-03-11 19:12:54.429422 INFO::Creating scatter plot for continuous data, log_NO2NO3 vs COG5324
2025-03-11 19:12:54.727758 DEBUG::`geom_smooth()` using formula = 'y ~ x'
2025-03-11 19:12:54.742933 INFO::Creating scatter plot for continuous data, log_NO2NO3 vs COG1949
2025-03-11 19:12:55.081091 DEBUG::`geom_smooth()` using formula = 'y ~ x'
2025-03-11 19:12:55.096262 INFO::Creating scatter plot for continuous data, log_NO2NO3 vs COG4246
2025-03-11 19:12:55.384648 DEBUG::`geom_smooth()` using formula = 'y ~ x'
2025-03-11 19:12:55.399499 INFO::Creating scatter plot for continuous data, log_NO2NO3 vs COG4329
2025-03-11 19:12:55.691886 DEBUG::`geom_smooth()` using formula = 'y ~ x'
2025-03-11 19:12:55.706895 INFO::Creating scatter plot for continuous data, log_NO2NO3 vs COG0480
2025-03-11 19:12:56.078338 DEBUG::`geom_smooth()` using formula = 'y ~ x'
2025-03-11 19:12:56.093323 INFO::Creating scatter plot for continuous data, log_NO2NO3 vs COG3141
2025-03-11 19:12:56.378662 DEBUG::`geom_smooth()` using formula = 'y ~ x'
2025-03-11 19:12:56.393384 INFO::Creating scatter plot for continuous data, log_NO2NO3 vs COG1024
2025-03-11 19:12:56.691052 DEBUG::`geom_smooth()` using formula = 'y ~ x'
2025-03-11 19:12:56.857073 INFO::Creating scatter plot for continuous data, log_NO2NO3 vs COG0142
2025-03-11 19:12:57.161401 DEBUG::`geom_smooth()` using formula = 'y ~ x'
2025-03-11 19:12:57.176719 INFO::Creating scatter plot for continuous data, log_NO2NO3 vs COG3214
2025-03-11 19:12:57.561755 DEBUG::`geom_smooth()` using formula = 'y ~ x'
2025-03-11 19:12:57.578934 INFO::Creating scatter plot for continuous data, log_NO2NO3 vs COG0525
2025-03-11 19:12:57.881066 DEBUG::`geom_smooth()` using formula = 'y ~ x'
2025-03-11 19:12:57.90178 INFO::Creating scatter plot for continuous data, log_NO2NO3 vs COG3656
2025-03-11 19:12:58.220038 DEBUG::`geom_smooth()` using formula = 'y ~ x'
2025-03-11 19:12:58.235695 INFO::Creating scatter plot for continuous data, log_NO2NO3 vs COG0298
2025-03-11 19:12:58.573028 DEBUG::`geom_smooth()` using formula = 'y ~ x'
2025-03-11 19:12:58.591921 INFO::Creating scatter plot for continuous data, log_NO2NO3 vs COG1056
2025-03-11 19:12:58.891516 DEBUG::`geom_smooth()` using formula = 'y ~ x'
2025-03-11 19:12:58.906088 INFO::Creating scatter plot for continuous data, log_NO2NO3 vs COG5607
2025-03-11 19:12:59.211462 DEBUG::`geom_smooth()` using formula = 'y ~ x'
2025-03-11 19:12:59.23098 INFO::Creating scatter plot for continuous data, log_NO2NO3 vs COG0775
2025-03-11 19:12:59.566391 DEBUG::`geom_smooth()` using formula = 'y ~ x'
2025-03-11 19:12:59.583055 INFO::Creating scatter plot for continuous data, log_NO2NO3 vs COG4322
2025-03-11 19:12:59.877849 DEBUG::`geom_smooth()` using formula = 'y ~ x'
2025-03-11 19:12:59.892537 INFO::Creating scatter plot for continuous data, log_NO2NO3 vs COG3654
2025-03-11 19:13:00.198161 DEBUG::`geom_smooth()` using formula = 'y ~ x'
2025-03-11 19:13:00.213029 INFO::Creating scatter plot for continuous data, log_NO2NO3 vs COG3090
2025-03-11 19:13:00.516441 DEBUG::`geom_smooth()` using formula = 'y ~ x'
2025-03-11 19:13:00.549849 INFO::Creating scatter plot for continuous data, log_NO2NO3 vs COG3821
2025-03-11 19:13:00.865318 DEBUG::`geom_smooth()` using formula = 'y ~ x'
2025-03-11 19:13:00.879954 INFO::Creating scatter plot for continuous data, log_NO2NO3 vs COG0180
2025-03-11 19:13:01.178577 DEBUG::`geom_smooth()` using formula = 'y ~ x'
2025-03-11 19:13:01.20796 INFO::Creating scatter plot for continuous data, log_NO2NO3 vs COG5513
2025-03-11 19:13:01.50283 DEBUG::`geom_smooth()` using formula = 'y ~ x'
2025-03-11 19:13:01.517885 INFO::Creating scatter plot for continuous data, log_NO2NO3 vs COG5397
2025-03-11 19:13:01.856261 DEBUG::`geom_smooth()` using formula = 'y ~ x'
2025-03-11 19:13:01.87252 INFO::Creating scatter plot for continuous data, log_NO2NO3 vs COG3954
2025-03-11 19:13:02.163296 DEBUG::`geom_smooth()` using formula = 'y ~ x'
2025-03-11 19:13:02.178152 INFO::Creating scatter plot for continuous data, log_NO2NO3 vs COG4373
2025-03-11 19:13:02.480591 DEBUG::`geom_smooth()` using formula = 'y ~ x'
2025-03-11 19:13:02.50579 INFO::Creating scatter plot for continuous data, log_NO2NO3 vs COG4382
2025-03-11 19:13:02.838627 DEBUG::`geom_smooth()` using formula = 'y ~ x'
2025-03-11 19:13:02.85433 INFO::Creating scatter plot for continuous data, log_NO2NO3 vs COG1863
2025-03-11 19:13:03.156617 DEBUG::`geom_smooth()` using formula = 'y ~ x'
2025-03-11 19:13:03.174667 INFO::Creating scatter plot for continuous data, log_NO2NO3 vs COG0635
2025-03-11 19:13:03.474007 DEBUG::`geom_smooth()` using formula = 'y ~ x'
2025-03-11 19:13:03.488742 INFO::Creating scatter plot for continuous data, log_NO2NO3 vs COG4644
2025-03-11 19:13:03.823323 DEBUG::`geom_smooth()` using formula = 'y ~ x'
2025-03-11 19:13:03.838198 INFO::Creating scatter plot for continuous data, log_NO2NO3 vs COG4718
2025-03-11 19:13:04.145445 DEBUG::`geom_smooth()` using formula = 'y ~ x'
2025-03-11 19:13:04.160479 INFO::Creating scatter plot for continuous data, log_NO2NO3 vs COG3953
2025-03-11 19:13:04.473254 DEBUG::`geom_smooth()` using formula = 'y ~ x'
2025-03-11 19:13:04.488487 INFO::Creating scatter plot for continuous data, log_NO2NO3 vs COG3088
2025-03-11 19:13:04.797134 DEBUG::`geom_smooth()` using formula = 'y ~ x'
2025-03-11 19:13:04.81041 INFO::Creating scatter plot for continuous data, log_NO2NO3 vs COG0358
2025-03-11 19:13:05.151624 DEBUG::`geom_smooth()` using formula = 'y ~ x'
2025-03-11 19:13:05.166667 INFO::Creating scatter plot for continuous data, log_NO2NO3 vs COG3645
2025-03-11 19:13:05.476939 DEBUG::`geom_smooth()` using formula = 'y ~ x'
2025-03-11 19:13:05.492181 INFO::Creating scatter plot for continuous data, log_NO2NO3 vs COG3710
2025-03-11 19:13:05.799496 DEBUG::`geom_smooth()` using formula = 'y ~ x'
2025-03-11 19:13:05.814356 INFO::Creating scatter plot for continuous data, log_NO2NO3 vs COG3797
2025-03-11 19:13:06.14405 DEBUG::`geom_smooth()` using formula = 'y ~ x'
2025-03-11 19:13:06.158781 INFO::Creating scatter plot for continuous data, log_NO2NO3 vs COG1210
2025-03-11 19:13:06.452346 DEBUG::`geom_smooth()` using formula = 'y ~ x'
2025-03-11 19:13:06.467209 INFO::Creating scatter plot for continuous data, log_NO2NO3 vs COG4615
2025-03-11 19:13:06.77269 DEBUG::`geom_smooth()` using formula = 'y ~ x'
2025-03-11 19:13:06.793916 INFO::Creating scatter plot for continuous data, log_NO2NO3 vs COG3360
2025-03-11 19:13:07.132501 DEBUG::`geom_smooth()` using formula = 'y ~ x'
2025-03-11 19:13:07.14888 INFO::Creating scatter plot for continuous data, log_NO2NO3 vs COG4402
2025-03-11 19:13:07.440443 DEBUG::`geom_smooth()` using formula = 'y ~ x'
2025-03-11 19:13:07.459615 INFO::Creating scatter plot for continuous data, log_NO2NO3 vs COG2093
2025-03-11 19:13:07.835731 DEBUG::`geom_smooth()` using formula = 'y ~ x'
2025-03-11 19:13:07.86399 INFO::Creating scatter plot for continuous data, log_NO2NO3 vs COG2019
2025-03-11 19:13:08.201348 DEBUG::`geom_smooth()` using formula = 'y ~ x'
2025-03-11 19:13:08.226387 INFO::Creating scatter plot for continuous data, log_NO2NO3 vs COG4899
2025-03-11 19:13:08.523925 DEBUG::`geom_smooth()` using formula = 'y ~ x'
2025-03-11 19:13:08.539057 INFO::Creating scatter plot for continuous data, log_NO2NO3 vs COG0164
2025-03-11 19:13:08.833901 DEBUG::`geom_smooth()` using formula = 'y ~ x'
2025-03-11 19:13:08.84793 INFO::Creating scatter plot for continuous data, log_NO2NO3 vs COG1500
2025-03-11 19:13:09.17233 DEBUG::`geom_smooth()` using formula = 'y ~ x'
2025-03-11 19:13:09.187973 INFO::Creating scatter plot for continuous data, log_NO2NO3 vs COG1820
2025-03-11 19:13:09.500454 DEBUG::`geom_smooth()` using formula = 'y ~ x'
2025-03-11 19:13:09.523198 INFO::Creating scatter plot for continuous data, log_NO2NO3 vs COG2123
2025-03-11 19:13:09.816844 DEBUG::`geom_smooth()` using formula = 'y ~ x'
2025-03-11 19:13:09.841782 INFO::Creating scatter plot for continuous data, log_NO2NO3 vs COG3300
2025-03-11 19:13:10.145649 DEBUG::`geom_smooth()` using formula = 'y ~ x'
2025-03-11 19:13:10.16047 INFO::Creating scatter plot for continuous data, log_NO2NO3 vs COG3150
2025-03-11 19:13:10.497638 DEBUG::`geom_smooth()` using formula = 'y ~ x'
2025-03-11 19:13:10.552206 INFO::Creating scatter plot for continuous data, log_NO2NO3 vs COG3471
2025-03-11 19:13:10.869115 DEBUG::`geom_smooth()` using formula = 'y ~ x'
2025-03-11 19:13:10.885395 INFO::Creating scatter plot for continuous data, log_NO2NO3 vs COG3512
2025-03-11 19:13:11.183028 DEBUG::`geom_smooth()` using formula = 'y ~ x'
2025-03-11 19:13:11.198493 INFO::Creating scatter plot for continuous data, log_NO2NO3 vs COG4565
2025-03-11 19:13:11.533669 DEBUG::`geom_smooth()` using formula = 'y ~ x'
2025-03-11 19:13:11.547866 INFO::Creating scatter plot for continuous data, log_NO2NO3 vs COG0849
2025-03-11 19:13:11.849918 DEBUG::`geom_smooth()` using formula = 'y ~ x'
2025-03-11 19:13:11.865271 INFO::Creating scatter plot for continuous data, log_NO2NO3 vs COG1184
2025-03-11 19:13:12.161217 DEBUG::`geom_smooth()` using formula = 'y ~ x'
2025-03-11 19:13:12.183533 INFO::Creating scatter plot for continuous data, log_NO2NO3 vs COG1379
2025-03-11 19:13:12.521358 DEBUG::`geom_smooth()` using formula = 'y ~ x'
2025-03-11 19:13:12.536539 INFO::Creating scatter plot for continuous data, log_NO2NO3 vs COG2068
2025-03-11 19:13:12.889766 DEBUG::`geom_smooth()` using formula = 'y ~ x'
2025-03-11 19:13:12.91694 INFO::Creating scatter plot for continuous data, log_NO2NO3 vs COG0179
2025-03-11 19:13:13.222944 DEBUG::`geom_smooth()` using formula = 'y ~ x'
2025-03-11 19:13:13.244539 INFO::Creating scatter plot for continuous data, log_NO2NO3 vs COG2829
2025-03-11 19:13:13.592034 DEBUG::`geom_smooth()` using formula = 'y ~ x'
2025-03-11 19:13:13.607154 INFO::Creating scatter plot for continuous data, log_NO2NO3 vs COG3871
2025-03-11 19:13:13.908998 DEBUG::`geom_smooth()` using formula = 'y ~ x'
2025-03-11 19:13:13.919493 INFO::Creating scatter plot for continuous data, log_NO2NO3 vs COG1194
2025-03-11 19:13:14.225206 DEBUG::`geom_smooth()` using formula = 'y ~ x'
2025-03-11 19:13:14.240306 INFO::Creating scatter plot for continuous data, log_NO2NO3 vs COG2012
2025-03-11 19:13:14.582576 DEBUG::`geom_smooth()` using formula = 'y ~ x'
2025-03-11 19:13:14.594522 INFO::Creating scatter plot for continuous data, log_NO2NO3 vs COG0738
2025-03-11 19:13:14.897761 DEBUG::`geom_smooth()` using formula = 'y ~ x'
2025-03-11 19:13:14.912435 INFO::Creating scatter plot for continuous data, log_NO2NO3 vs COG0674
2025-03-11 19:13:15.206365 DEBUG::`geom_smooth()` using formula = 'y ~ x'
2025-03-11 19:13:15.21945 INFO::Creating scatter plot for continuous data, log_NO2NO3 vs COG0037
2025-03-11 19:13:15.549147 DEBUG::`geom_smooth()` using formula = 'y ~ x'
2025-03-11 19:13:15.564145 INFO::Creating scatter plot for continuous data, log_NO2NO3 vs COG4383
2025-03-11 19:13:15.997944 DEBUG::`geom_smooth()` using formula = 'y ~ x'
2025-03-11 19:13:16.018374 INFO::Creating scatter plot for continuous data, log_NO2NO3 vs COG1167
2025-03-11 19:13:16.337626 DEBUG::`geom_smooth()` using formula = 'y ~ x'
2025-03-11 19:13:16.352621 INFO::Creating scatter plot for continuous data, log_NO2NO3 vs COG3206
2025-03-11 19:13:16.646727 DEBUG::`geom_smooth()` using formula = 'y ~ x'
2025-03-11 19:13:16.660177 INFO::Creating scatter plot for continuous data, log_NO2NO3 vs COG3434
2025-03-11 19:13:16.988745 DEBUG::`geom_smooth()` using formula = 'y ~ x'
2025-03-11 19:13:17.00354 INFO::Creating scatter plot for continuous data, log_NO2NO3 vs COG4298
2025-03-11 19:13:17.302053 DEBUG::`geom_smooth()` using formula = 'y ~ x'
2025-03-11 19:13:17.323036 INFO::Creating scatter plot for continuous data, log_NO2NO3 vs COG4167
2025-03-11 19:13:17.630754 DEBUG::`geom_smooth()` using formula = 'y ~ x'
2025-03-11 19:13:17.661115 INFO::Creating scatter plot for continuous data, log_NO2NO3 vs COG1661
2025-03-11 19:13:17.989682 DEBUG::`geom_smooth()` using formula = 'y ~ x'
2025-03-11 19:13:18.014333 INFO::Creating scatter plot for continuous data, log_NO2NO3 vs COG5042
2025-03-11 19:13:18.316379 DEBUG::`geom_smooth()` using formula = 'y ~ x'
2025-03-11 19:13:18.332006 INFO::Creating scatter plot for continuous data, log_NO2NO3 vs COG3365
2025-03-11 19:13:18.633219 DEBUG::`geom_smooth()` using formula = 'y ~ x'
2025-03-11 19:13:18.652409 INFO::Creating scatter plot for continuous data, log_NO2NO3 vs COG0574
2025-03-11 19:13:19.066197 DEBUG::`geom_smooth()` using formula = 'y ~ x'
2025-03-11 19:13:19.081666 INFO::Creating scatter plot for continuous data, log_NO2NO3 vs COG0643
2025-03-11 19:13:19.384512 DEBUG::`geom_smooth()` using formula = 'y ~ x'
2025-03-11 19:13:19.398175 INFO::Creating scatter plot for continuous data, log_NO2NO3 vs COG0641
2025-03-11 19:13:19.723988 DEBUG::`geom_smooth()` using formula = 'y ~ x'
2025-03-11 19:13:19.739024 INFO::Creating scatter plot for continuous data, log_NO2NO3 vs COG1899
2025-03-11 19:13:20.085304 DEBUG::`geom_smooth()` using formula = 'y ~ x'
2025-03-11 19:13:20.100496 INFO::Creating scatter plot for continuous data, log_NO2NO3 vs COG3845
2025-03-11 19:13:20.402437 DEBUG::`geom_smooth()` using formula = 'y ~ x'
2025-03-11 19:13:20.417753 INFO::Creating scatter plot for continuous data, log_NO2NO3 vs COG2190
2025-03-11 19:13:20.72615 DEBUG::`geom_smooth()` using formula = 'y ~ x'
2025-03-11 19:13:20.739939 INFO::Creating scatter plot for continuous data, log_NO2NO3 vs COG1507
2025-03-11 19:13:21.067535 DEBUG::`geom_smooth()` using formula = 'y ~ x'
2025-03-11 19:13:21.098189 INFO::Creating scatter plot for continuous data, log_NO2NO3 vs COG2002
2025-03-11 19:13:21.394066 DEBUG::`geom_smooth()` using formula = 'y ~ x'
2025-03-11 19:13:21.458067 INFO::Creating scatter plot for continuous data, log_NO2NO3 vs COG4916
2025-03-11 19:13:21.776857 DEBUG::`geom_smooth()` using formula = 'y ~ x'
2025-03-11 19:13:21.794878 INFO::Creating scatter plot for continuous data, log_NO2NO3 vs COG3015
2025-03-11 19:13:22.093024 DEBUG::`geom_smooth()` using formula = 'y ~ x'
2025-03-11 19:13:22.108223 INFO::Creating scatter plot for continuous data, log_NO2NO3 vs COG3804
2025-03-11 19:13:22.44224 DEBUG::`geom_smooth()` using formula = 'y ~ x'
2025-03-11 19:13:22.453075 INFO::Creating scatter plot for continuous data, log_NO2NO3 vs COG5453
2025-03-11 19:13:22.765227 DEBUG::`geom_smooth()` using formula = 'y ~ x'
2025-03-11 19:13:22.780118 INFO::Creating scatter plot for continuous data, log_NO2NO3 vs COG4312
2025-03-11 19:13:23.122789 DEBUG::`geom_smooth()` using formula = 'y ~ x'
2025-03-11 19:13:23.143204 INFO::Creating scatter plot for continuous data, log_NO2NO3 vs COG1685
2025-03-11 19:13:23.485298 DEBUG::`geom_smooth()` using formula = 'y ~ x'
2025-03-11 19:13:23.50093 INFO::Creating scatter plot for continuous data, log_NO2NO3 vs COG0847
2025-03-11 19:13:23.807413 DEBUG::`geom_smooth()` using formula = 'y ~ x'
2025-03-11 19:13:23.826191 INFO::Creating scatter plot for continuous data, log_NO2NO3 vs COG1782
2025-03-11 19:13:24.130303 DEBUG::`geom_smooth()` using formula = 'y ~ x'
2025-03-11 19:13:24.255149 INFO::Creating scatter plot for continuous data, log_NO2NO3 vs COG4277
2025-03-11 19:13:24.588362 DEBUG::`geom_smooth()` using formula = 'y ~ x'
2025-03-11 19:13:24.610349 INFO::Creating scatter plot for continuous data, log_NO2NO3 vs COG0192
2025-03-11 19:13:24.93502 DEBUG::`geom_smooth()` using formula = 'y ~ x'
2025-03-11 19:13:24.950486 INFO::Creating scatter plot for continuous data, log_NO2NO3 vs COG3083
2025-03-11 19:13:25.261519 DEBUG::`geom_smooth()` using formula = 'y ~ x'
2025-03-11 19:13:25.276937 INFO::Creating scatter plot for continuous data, log_NO2NO3 vs COG3076
2025-03-11 19:13:25.594724 DEBUG::`geom_smooth()` using formula = 'y ~ x'
2025-03-11 19:13:25.609533 INFO::Creating scatter plot for continuous data, log_NO2NO3 vs COG0346
2025-03-11 19:13:25.917638 DEBUG::`geom_smooth()` using formula = 'y ~ x'
2025-03-11 19:13:25.935306 INFO::Creating scatter plot for continuous data, log_NO2NO3 vs COG1793
2025-03-11 19:13:26.231118 DEBUG::`geom_smooth()` using formula = 'y ~ x'
2025-03-11 19:13:26.245783 INFO::Creating scatter plot for continuous data, log_NO2NO3 vs COG2041
2025-03-11 19:13:26.545178 DEBUG::`geom_smooth()` using formula = 'y ~ x'
2025-03-11 19:13:26.559403 INFO::Creating scatter plot for continuous data, log_NO2NO3 vs COG1269
2025-03-11 19:13:26.878151 DEBUG::`geom_smooth()` using formula = 'y ~ x'
2025-03-11 19:13:26.893544 INFO::Creating scatter plot for continuous data, log_NO2NO3 vs COG3866
2025-03-11 19:13:27.189063 DEBUG::`geom_smooth()` using formula = 'y ~ x'
2025-03-11 19:13:27.21136 INFO::Creating scatter plot for continuous data, log_NO2NO3 vs COG2067
2025-03-11 19:13:27.520334 DEBUG::`geom_smooth()` using formula = 'y ~ x'
2025-03-11 19:13:27.535981 INFO::Creating scatter plot for continuous data, log_NO2NO3 vs COG4861
2025-03-11 19:13:27.875429 DEBUG::`geom_smooth()` using formula = 'y ~ x'
2025-03-11 19:13:27.890309 INFO::Creating scatter plot for continuous data, log_NO2NO3 vs COG3550
2025-03-11 19:13:28.185463 DEBUG::`geom_smooth()` using formula = 'y ~ x'
2025-03-11 19:13:28.199566 INFO::Creating scatter plot for continuous data, log_NO2NO3 vs COG3824
2025-03-11 19:13:28.509228 DEBUG::`geom_smooth()` using formula = 'y ~ x'
2025-03-11 19:13:28.536503 INFO::Creating scatter plot for continuous data, log_NO2NO3 vs COG3875
2025-03-11 19:13:28.866916 DEBUG::`geom_smooth()` using formula = 'y ~ x'
2025-03-11 19:13:28.882178 INFO::Creating scatter plot for continuous data, log_NO2NO3 vs COG0696
2025-03-11 19:13:29.179382 DEBUG::`geom_smooth()` using formula = 'y ~ x'
2025-03-11 19:13:29.194713 INFO::Creating scatter plot for continuous data, log_NO2NO3 vs COG0369
2025-03-11 19:13:29.497508 DEBUG::`geom_smooth()` using formula = 'y ~ x'
2025-03-11 19:13:29.51171 INFO::Creating scatter plot for continuous data, log_NO2NO3 vs COG1352
2025-03-11 19:13:29.838028 DEBUG::`geom_smooth()` using formula = 'y ~ x'
2025-03-11 19:13:29.853907 INFO::Creating scatter plot for continuous data, log_NO2NO3 vs COG1482
2025-03-11 19:13:30.158046 DEBUG::`geom_smooth()` using formula = 'y ~ x'
2025-03-11 19:13:30.176793 INFO::Creating scatter plot for continuous data, log_NO2NO3 vs COG4797
2025-03-11 19:13:30.486221 DEBUG::`geom_smooth()` using formula = 'y ~ x'
2025-03-11 19:13:30.501201 INFO::Creating scatter plot for continuous data, log_NO2NO3 vs COG3643
2025-03-11 19:13:30.811546 DEBUG::`geom_smooth()` using formula = 'y ~ x'
2025-03-11 19:13:30.82691 INFO::Creating scatter plot for continuous data, log_NO2NO3 vs COG1781
2025-03-11 19:13:31.168536 DEBUG::`geom_smooth()` using formula = 'y ~ x'
2025-03-11 19:13:31.183446 INFO::Creating scatter plot for continuous data, log_NO2NO3 vs COG3789
2025-03-11 19:13:31.487868 DEBUG::`geom_smooth()` using formula = 'y ~ x'
2025-03-11 19:13:31.503504 INFO::Creating scatter plot for continuous data, log_NO2NO3 vs COG4773
2025-03-11 19:13:31.802209 DEBUG::`geom_smooth()` using formula = 'y ~ x'
2025-03-11 19:13:31.817059 INFO::Creating scatter plot for continuous data, log_NO2NO3 vs COG3047
2025-03-11 19:13:32.148369 DEBUG::`geom_smooth()` using formula = 'y ~ x'
2025-03-11 19:13:32.169013 INFO::Creating scatter plot for continuous data, log_NO2NO3 vs COG1829
2025-03-11 19:13:32.469497 DEBUG::`geom_smooth()` using formula = 'y ~ x'
2025-03-11 19:13:32.489968 INFO::Creating scatter plot for continuous data, log_NO2NO3 vs COG5516
2025-03-11 19:13:32.794464 DEBUG::`geom_smooth()` using formula = 'y ~ x'
2025-03-11 19:13:32.80947 INFO::Creating scatter plot for continuous data, log_NO2NO3 vs COG2837
2025-03-11 19:13:33.137732 DEBUG::`geom_smooth()` using formula = 'y ~ x'
2025-03-11 19:13:33.163926 INFO::Creating scatter plot for continuous data, log_NO2NO3 vs COG3297
2025-03-11 19:13:33.45887 DEBUG::`geom_smooth()` using formula = 'y ~ x'
2025-03-11 19:13:33.485752 INFO::Creating scatter plot for continuous data, log_NO2NO3 vs COG1241
2025-03-11 19:13:33.797305 DEBUG::`geom_smooth()` using formula = 'y ~ x'
2025-03-11 19:13:33.815046 INFO::Creating scatter plot for continuous data, log_NO2NO3 vs COG1573
2025-03-11 19:13:34.155933 DEBUG::`geom_smooth()` using formula = 'y ~ x'
2025-03-11 19:13:34.17383 INFO::Creating scatter plot for continuous data, log_NO2NO3 vs COG1251
2025-03-11 19:13:34.458316 DEBUG::`geom_smooth()` using formula = 'y ~ x'
2025-03-11 19:13:34.473511 INFO::Creating scatter plot for continuous data, log_NO2NO3 vs COG0124
2025-03-11 19:13:34.779319 DEBUG::`geom_smooth()` using formula = 'y ~ x'
2025-03-11 19:13:34.803429 INFO::Creating scatter plot for continuous data, log_NO2NO3 vs COG4967
2025-03-11 19:13:35.133353 DEBUG::`geom_smooth()` using formula = 'y ~ x'
2025-03-11 19:13:35.148632 INFO::Creating scatter plot for continuous data, log_NO2NO3 vs COG2771
2025-03-11 19:13:35.441 DEBUG::`geom_smooth()` using formula = 'y ~ x'
2025-03-11 19:13:35.45323 INFO::Creating scatter plot for continuous data, log_NO2NO3 vs COG3272
2025-03-11 19:13:35.747027 DEBUG::`geom_smooth()` using formula = 'y ~ x'
2025-03-11 19:13:35.761993 INFO::Creating scatter plot for continuous data, log_NO2NO3 vs COG4880
2025-03-11 19:13:36.083119 DEBUG::`geom_smooth()` using formula = 'y ~ x'
2025-03-11 19:13:36.095001 INFO::Creating scatter plot for continuous data, log_NO2NO3 vs COG3028
2025-03-11 19:13:36.397007 DEBUG::`geom_smooth()` using formula = 'y ~ x'
2025-03-11 19:13:36.411977 INFO::Creating scatter plot for continuous data, log_NO2NO3 vs COG1072
2025-03-11 19:13:36.704648 DEBUG::`geom_smooth()` using formula = 'y ~ x'
2025-03-11 19:13:36.719633 INFO::Creating scatter plot for continuous data, log_NO2NO3 vs COG4965
2025-03-11 19:13:37.027349 DEBUG::`geom_smooth()` using formula = 'y ~ x'
2025-03-11 19:13:37.04554 INFO::Creating scatter plot for continuous data, log_NO2NO3 vs COG3041
2025-03-11 19:13:37.388391 DEBUG::`geom_smooth()` using formula = 'y ~ x'
2025-03-11 19:13:37.403338 INFO::Creating scatter plot for continuous data, log_NO2NO3 vs COG5258
2025-03-11 19:13:37.705267 DEBUG::`geom_smooth()` using formula = 'y ~ x'
2025-03-11 19:13:37.720587 INFO::Creating scatter plot for continuous data, log_NO2NO3 vs COG4113
2025-03-11 19:13:38.032589 DEBUG::`geom_smooth()` using formula = 'y ~ x'
2025-03-11 19:13:38.047719 INFO::Creating scatter plot for continuous data, log_NO2NO3 vs COG4724
2025-03-11 19:13:38.383118 DEBUG::`geom_smooth()` using formula = 'y ~ x'
2025-03-11 19:13:38.420586 INFO::Creating scatter plot for continuous data, log_NO2NO3 vs COG3892
2025-03-11 19:13:38.722646 DEBUG::`geom_smooth()` using formula = 'y ~ x'
2025-03-11 19:13:38.738167 INFO::Creating scatter plot for continuous data, log_NO2NO3 vs COG5606
2025-03-11 19:13:39.034992 DEBUG::`geom_smooth()` using formula = 'y ~ x'
2025-03-11 19:13:39.045429 INFO::Creating scatter plot for continuous data, log_NO2NO3 vs COG3218
2025-03-11 19:13:39.387529 DEBUG::`geom_smooth()` using formula = 'y ~ x'
2025-03-11 19:13:39.402299 INFO::Creating scatter plot for continuous data, log_NO2NO3 vs COG1929
2025-03-11 19:13:39.707537 DEBUG::`geom_smooth()` using formula = 'y ~ x'
2025-03-11 19:13:39.726589 INFO::Creating scatter plot for continuous data, log_NO2NO3 vs COG4922
2025-03-11 19:13:40.03086 DEBUG::`geom_smooth()` using formula = 'y ~ x'
2025-03-11 19:13:40.051409 INFO::Creating scatter plot for continuous data, log_NO2NO3 vs COG4387
2025-03-11 19:13:40.481385 DEBUG::`geom_smooth()` using formula = 'y ~ x'
2025-03-11 19:13:40.494173 INFO::Creating scatter plot for continuous data, log_NO2NO3 vs COG1378
2025-03-11 19:13:40.784985 DEBUG::`geom_smooth()` using formula = 'y ~ x'
2025-03-11 19:13:40.799891 INFO::Creating scatter plot for continuous data, log_NO2NO3 vs COG2188
2025-03-11 19:13:41.097762 DEBUG::`geom_smooth()` using formula = 'y ~ x'
2025-03-11 19:13:41.119291 INFO::Creating scatter plot for continuous data, log_NO2NO3 vs COG0567
2025-03-11 19:13:42.319129 DEBUG::`geom_smooth()` using formula = 'y ~ x'
2025-03-11 19:13:42.340354 INFO::Creating scatter plot for continuous data, log_NO2NO3 vs COG3205
2025-03-11 19:13:42.749924 DEBUG::`geom_smooth()` using formula = 'y ~ x'
2025-03-11 19:13:42.773479 INFO::Creating scatter plot for continuous data, log_NO2NO3 vs COG5447
2025-03-11 19:13:43.06935 DEBUG::`geom_smooth()` using formula = 'y ~ x'
2025-03-11 19:13:43.089387 INFO::Creating scatter plot for continuous data, log_NO2NO3 vs COG2144
2025-03-11 19:13:43.396954 DEBUG::`geom_smooth()` using formula = 'y ~ x'
2025-03-11 19:13:43.478591 INFO::Creating scatter plot for continuous data, log_NO2NO3 vs COG1465
2025-03-11 19:13:43.743616 DEBUG::`geom_smooth()` using formula = 'y ~ x'
2025-03-11 19:13:43.774436 INFO::Creating scatter plot for continuous data, log_NO2NO3 vs COG3369
2025-03-11 19:13:44.059182 DEBUG::`geom_smooth()` using formula = 'y ~ x'
2025-03-11 19:13:44.074173 INFO::Creating scatter plot for continuous data, log_NO2NO3 vs COG3838
2025-03-11 19:13:44.355375 DEBUG::`geom_smooth()` using formula = 'y ~ x'
2025-03-11 19:13:44.371067 INFO::Creating scatter plot for continuous data, log_NO2NO3 vs COG3307
2025-03-11 19:13:44.671982 DEBUG::`geom_smooth()` using formula = 'y ~ x'
2025-03-11 19:13:44.687054 INFO::Creating scatter plot for continuous data, log_NO2NO3 vs COG1419
2025-03-11 19:13:44.97058 DEBUG::`geom_smooth()` using formula = 'y ~ x'
2025-03-11 19:13:44.986189 INFO::Creating scatter plot for continuous data, log_NO2NO3 vs COG1924
2025-03-11 19:13:45.27045 DEBUG::`geom_smooth()` using formula = 'y ~ x'
2025-03-11 19:13:45.284867 INFO::Creating scatter plot for continuous data, log_NO2NO3 vs COG1877
2025-03-11 19:13:45.581742 DEBUG::`geom_smooth()` using formula = 'y ~ x'
2025-03-11 19:13:45.596648 INFO::Creating scatter plot for continuous data, log_NO2NO3 vs COG5441
2025-03-11 19:13:45.88022 DEBUG::`geom_smooth()` using formula = 'y ~ x'
2025-03-11 19:13:45.895011 INFO::Creating scatter plot for continuous data, log_NO2NO3 vs COG5448
2025-03-11 19:13:46.192141 DEBUG::`geom_smooth()` using formula = 'y ~ x'
2025-03-11 19:13:46.203991 INFO::Creating scatter plot for continuous data, log_NO2NO3 vs COG1303
2025-03-11 19:13:46.513777 DEBUG::`geom_smooth()` using formula = 'y ~ x'
2025-03-11 19:13:46.52859 INFO::Creating scatter plot for continuous data, log_NO2NO3 vs COG1610
2025-03-11 19:13:46.811618 DEBUG::`geom_smooth()` using formula = 'y ~ x'
2025-03-11 19:13:46.827102 INFO::Creating scatter plot for continuous data, log_NO2NO3 vs COG4279
2025-03-11 19:13:47.103655 DEBUG::`geom_smooth()` using formula = 'y ~ x'
2025-03-11 19:13:47.118497 INFO::Creating scatter plot for continuous data, log_NO2NO3 vs COG0638
2025-03-11 19:13:47.406574 DEBUG::`geom_smooth()` using formula = 'y ~ x'
2025-03-11 19:13:47.420759 INFO::Creating scatter plot for continuous data, log_NO2NO3 vs COG3562
2025-03-11 19:13:47.72839 DEBUG::`geom_smooth()` using formula = 'y ~ x'
2025-03-11 19:13:47.743323 INFO::Creating scatter plot for continuous data, log_NO2NO3 vs COG2770
2025-03-11 19:13:48.03942 DEBUG::`geom_smooth()` using formula = 'y ~ x'
2025-03-11 19:13:48.052833 INFO::Creating scatter plot for continuous data, log_NO2NO3 vs COG4666
2025-03-11 19:13:48.32748 DEBUG::`geom_smooth()` using formula = 'y ~ x'
2025-03-11 19:13:48.348822 INFO::Creating scatter plot for continuous data, log_NO2NO3 vs COG4728
2025-03-11 19:13:48.647785 DEBUG::`geom_smooth()` using formula = 'y ~ x'
2025-03-11 19:13:48.674246 INFO::Creating scatter plot for continuous data, log_NO2NO3 vs COG1634
2025-03-11 19:13:48.968116 DEBUG::`geom_smooth()` using formula = 'y ~ x'
2025-03-11 19:13:48.990153 INFO::Creating scatter plot for continuous data, log_NO2NO3 vs COG3868
2025-03-11 19:13:49.264117 DEBUG::`geom_smooth()` using formula = 'y ~ x'
2025-03-11 19:13:49.282841 INFO::Creating scatter plot for continuous data, log_NO2NO3 vs COG3322
2025-03-11 19:13:49.590589 DEBUG::`geom_smooth()` using formula = 'y ~ x'
2025-03-11 19:13:49.604789 INFO::Creating scatter plot for continuous data, log_NO2NO3 vs COG1212
2025-03-11 19:13:49.884021 DEBUG::`geom_smooth()` using formula = 'y ~ x'
2025-03-11 19:13:49.899357 INFO::Creating scatter plot for continuous data, log_NO2NO3 vs COG3921
2025-03-11 19:13:50.183429 DEBUG::`geom_smooth()` using formula = 'y ~ x'
2025-03-11 19:13:50.198507 INFO::Creating scatter plot for continuous data, log_NO2NO3 vs COG3541
2025-03-11 19:13:50.520452 DEBUG::`geom_smooth()` using formula = 'y ~ x'
2025-03-11 19:13:50.53742 INFO::Creating scatter plot for continuous data, log_NO2NO3 vs COG2887
2025-03-11 19:13:50.839419 DEBUG::`geom_smooth()` using formula = 'y ~ x'
2025-03-11 19:13:50.856338 INFO::Creating scatter plot for continuous data, log_NO2NO3 vs COG3784
2025-03-11 19:13:51.175302 DEBUG::`geom_smooth()` using formula = 'y ~ x'
2025-03-11 19:13:51.187299 INFO::Creating scatter plot for continuous data, log_NO2NO3 vs COG4422
2025-03-11 19:13:51.461354 DEBUG::`geom_smooth()` using formula = 'y ~ x'
2025-03-11 19:13:51.47653 INFO::Creating scatter plot for continuous data, log_NO2NO3 vs COG4725
2025-03-11 19:13:51.781381 DEBUG::`geom_smooth()` using formula = 'y ~ x'
2025-03-11 19:13:51.795758 INFO::Creating scatter plot for continuous data, log_NO2NO3 vs COG3447
2025-03-11 19:13:52.07459 DEBUG::`geom_smooth()` using formula = 'y ~ x'
2025-03-11 19:13:52.090083 INFO::Creating scatter plot for continuous data, log_NO2NO3 vs COG4741
2025-03-11 19:13:52.391644 DEBUG::`geom_smooth()` using formula = 'y ~ x'
2025-03-11 19:13:52.412362 INFO::Creating scatter plot for continuous data, log_NO2NO3 vs COG0609
2025-03-11 19:13:52.708059 DEBUG::`geom_smooth()` using formula = 'y ~ x'
2025-03-11 19:13:52.724002 INFO::Creating scatter plot for continuous data, log_NO2NO3 vs COG2946
2025-03-11 19:13:53.01054 DEBUG::`geom_smooth()` using formula = 'y ~ x'
2025-03-11 19:13:53.031353 INFO::Creating scatter plot for continuous data, log_NO2NO3 vs COG5481
2025-03-11 19:13:53.323303 DEBUG::`geom_smooth()` using formula = 'y ~ x'
2025-03-11 19:13:53.336445 INFO::Creating scatter plot for continuous data, log_NO2NO3 vs COG2740
2025-03-11 19:13:53.631145 DEBUG::`geom_smooth()` using formula = 'y ~ x'
2025-03-11 19:13:53.685105 INFO::Creating scatter plot for continuous data, log_NO2NO3 vs COG4325
2025-03-11 19:13:53.975391 DEBUG::`geom_smooth()` using formula = 'y ~ x'
2025-03-11 19:13:53.994951 INFO::Creating scatter plot for continuous data, log_NO2NO3 vs COG3822
2025-03-11 19:13:54.28509 DEBUG::`geom_smooth()` using formula = 'y ~ x'
2025-03-11 19:13:54.300198 INFO::Creating scatter plot for continuous data, log_NO2NO3 vs COG3573
2025-03-11 19:13:54.579088 DEBUG::`geom_smooth()` using formula = 'y ~ x'
2025-03-11 19:13:54.59385 INFO::Creating scatter plot for continuous data, log_NO2NO3 vs COG3326
2025-03-11 19:13:54.886372 DEBUG::`geom_smooth()` using formula = 'y ~ x'
2025-03-11 19:13:54.909052 INFO::Creating scatter plot for continuous data, log_NO2NO3 vs COG4135
2025-03-11 19:13:55.193321 DEBUG::`geom_smooth()` using formula = 'y ~ x'
2025-03-11 19:13:55.212438 INFO::Creating scatter plot for continuous data, log_NO2NO3 vs COG4299
2025-03-11 19:13:55.502392 DEBUG::`geom_smooth()` using formula = 'y ~ x'
2025-03-11 19:13:55.517683 INFO::Creating scatter plot for continuous data, log_NO2NO3 vs COG4912
2025-03-11 19:13:55.812639 DEBUG::`geom_smooth()` using formula = 'y ~ x'
2025-03-11 19:13:55.827 INFO::Creating scatter plot for continuous data, log_NO2NO3 vs COG4733
2025-03-11 19:13:56.104968 DEBUG::`geom_smooth()` using formula = 'y ~ x'
2025-03-11 19:13:56.120325 INFO::Creating scatter plot for continuous data, log_NO2NO3 vs COG1346
2025-03-11 19:13:56.399642 DEBUG::`geom_smooth()` using formula = 'y ~ x'
2025-03-11 19:13:56.412583 INFO::Creating scatter plot for continuous data, log_NO2NO3 vs COG3583
2025-03-11 19:13:56.711164 DEBUG::`geom_smooth()` using formula = 'y ~ x'
2025-03-11 19:13:56.726358 INFO::Creating scatter plot for continuous data, log_NO2NO3 vs COG3081
2025-03-11 19:13:57.004586 DEBUG::`geom_smooth()` using formula = 'y ~ x'
2025-03-11 19:13:57.018742 INFO::Creating scatter plot for continuous data, log_NO2NO3 vs COG1704
2025-03-11 19:13:57.297965 DEBUG::`geom_smooth()` using formula = 'y ~ x'
2025-03-11 19:13:57.312681 INFO::Creating scatter plot for continuous data, log_NO2NO3 vs COG0655
2025-03-11 19:13:57.614938 DEBUG::`geom_smooth()` using formula = 'y ~ x'
2025-03-11 19:13:57.629535 INFO::Creating scatter plot for continuous data, log_NO2NO3 vs COG4321
2025-03-11 19:13:57.921079 DEBUG::`geom_smooth()` using formula = 'y ~ x'
2025-03-11 19:13:57.93645 INFO::Creating scatter plot for continuous data, log_NO2NO3 vs COG3745
2025-03-11 19:13:58.221996 DEBUG::`geom_smooth()` using formula = 'y ~ x'
2025-03-11 19:13:58.237137 INFO::Creating scatter plot for continuous data, log_NO2NO3 vs COG3431
2025-03-11 19:13:58.530928 DEBUG::`geom_smooth()` using formula = 'y ~ x'
2025-03-11 19:13:58.546335 INFO::Creating scatter plot for continuous data, log_NO2NO3 vs COG1498
2025-03-11 19:13:58.873491 DEBUG::`geom_smooth()` using formula = 'y ~ x'
2025-03-11 19:13:58.889247 INFO::Creating scatter plot for continuous data, log_NO2NO3 vs COG3112
2025-03-11 19:13:59.190607 DEBUG::`geom_smooth()` using formula = 'y ~ x'
2025-03-11 19:13:59.213011 INFO::Creating scatter plot for continuous data, log_NO2NO3 vs COG0631
2025-03-11 19:13:59.516447 DEBUG::`geom_smooth()` using formula = 'y ~ x'
2025-03-11 19:13:59.531893 INFO::Creating scatter plot for continuous data, log_NO2NO3 vs COG0074
2025-03-11 19:13:59.835239 DEBUG::`geom_smooth()` using formula = 'y ~ x'
2025-03-11 19:13:59.84637 INFO::Creating scatter plot for continuous data, log_NO2NO3 vs COG0564
2025-03-11 19:14:00.133456 DEBUG::`geom_smooth()` using formula = 'y ~ x'
2025-03-11 19:14:00.157524 INFO::Creating scatter plot for continuous data, log_NO2NO3 vs COG4103
2025-03-11 19:14:00.439049 DEBUG::`geom_smooth()` using formula = 'y ~ x'
2025-03-11 19:14:00.460755 INFO::Creating scatter plot for continuous data, log_NO2NO3 vs COG5493
2025-03-11 19:14:00.764866 DEBUG::`geom_smooth()` using formula = 'y ~ x'
2025-03-11 19:14:00.779472 INFO::Creating scatter plot for continuous data, log_NO2NO3 vs COG4619
2025-03-11 19:14:01.054764 DEBUG::`geom_smooth()` using formula = 'y ~ x'
2025-03-11 19:14:01.078787 INFO::Creating scatter plot for continuous data, log_NO2NO3 vs COG4866
2025-03-11 19:14:01.35869 DEBUG::`geom_smooth()` using formula = 'y ~ x'
2025-03-11 19:14:01.374134 INFO::Creating scatter plot for continuous data, log_NO2NO3 vs COG1462
2025-03-11 19:14:01.677298 DEBUG::`geom_smooth()` using formula = 'y ~ x'
2025-03-11 19:14:01.69162 INFO::Creating scatter plot for continuous data, log_NO2NO3 vs COG1467
2025-03-11 19:14:01.969671 DEBUG::`geom_smooth()` using formula = 'y ~ x'
2025-03-11 19:14:02.034631 INFO::Creating scatter plot for continuous data, log_NO2NO3 vs COG1413
2025-03-11 19:14:02.317332 DEBUG::`geom_smooth()` using formula = 'y ~ x'
2025-03-11 19:14:02.333112 INFO::Creating scatter plot for continuous data, log_NO2NO3 vs COG2152
2025-03-11 19:14:02.631277 DEBUG::`geom_smooth()` using formula = 'y ~ x'
2025-03-11 19:14:02.647767 INFO::Creating scatter plot for continuous data, log_NO2NO3 vs COG3802
2025-03-11 19:14:02.928947 DEBUG::`geom_smooth()` using formula = 'y ~ x'
2025-03-11 19:14:03.085845 INFO::Creating scatter plot for continuous data, log_NO2NO3 vs COG0409
2025-03-11 19:14:03.37173 DEBUG::`geom_smooth()` using formula = 'y ~ x'
2025-03-11 19:14:03.387993 INFO::Creating scatter plot for continuous data, log_NO2NO3 vs COG3833
2025-03-11 19:14:03.761113 DEBUG::`geom_smooth()` using formula = 'y ~ x'
2025-03-11 19:14:03.78812 INFO::Creating scatter plot for continuous data, log_NO2NO3 vs COG1647
2025-03-11 19:14:04.079515 DEBUG::`geom_smooth()` using formula = 'y ~ x'
2025-03-11 19:14:04.094898 INFO::Creating scatter plot for continuous data, log_NO2NO3 vs COG3065
2025-03-11 19:14:04.386485 DEBUG::`geom_smooth()` using formula = 'y ~ x'
2025-03-11 19:14:04.402531 INFO::Creating scatter plot for continuous data, log_NO2NO3 vs COG2081
2025-03-11 19:14:04.72133 DEBUG::`geom_smooth()` using formula = 'y ~ x'
2025-03-11 19:14:04.73692 INFO::Creating scatter plot for continuous data, log_NO2NO3 vs COG1674
2025-03-11 19:14:05.0544 DEBUG::`geom_smooth()` using formula = 'y ~ x'
2025-03-11 19:14:05.069588 INFO::Creating scatter plot for continuous data, log_NO2NO3 vs COG1495
2025-03-11 19:14:05.359351 DEBUG::`geom_smooth()` using formula = 'y ~ x'
2025-03-11 19:14:05.371721 INFO::Creating scatter plot for continuous data, log_NO2NO3 vs COG5449
2025-03-11 19:14:05.670768 DEBUG::`geom_smooth()` using formula = 'y ~ x'
2025-03-11 19:14:05.685056 INFO::Creating scatter plot for continuous data, log_NO2NO3 vs COG2815
2025-03-11 19:14:05.99495 DEBUG::`geom_smooth()` using formula = 'y ~ x'
2025-03-11 19:14:06.011359 INFO::Creating scatter plot for continuous data, log_NO2NO3 vs COG3364
2025-03-11 19:14:06.289908 DEBUG::`geom_smooth()` using formula = 'y ~ x'
2025-03-11 19:14:06.304861 INFO::Creating scatter plot for continuous data, log_NO2NO3 vs COG5001
2025-03-11 19:14:06.58924 DEBUG::`geom_smooth()` using formula = 'y ~ x'
2025-03-11 19:14:06.603647 INFO::Creating scatter plot for continuous data, log_NO2NO3 vs COG4943
2025-03-11 19:14:06.898964 DEBUG::`geom_smooth()` using formula = 'y ~ x'
2025-03-11 19:14:06.913745 INFO::Creating scatter plot for continuous data, log_NO2NO3 vs COG1164
2025-03-11 19:14:07.231237 DEBUG::`geom_smooth()` using formula = 'y ~ x'
2025-03-11 19:14:07.253604 INFO::Creating scatter plot for continuous data, log_NO2NO3 vs COG1156
2025-03-11 19:14:07.557305 DEBUG::`geom_smooth()` using formula = 'y ~ x'
2025-03-11 19:14:07.572539 INFO::Creating scatter plot for continuous data, log_NO2NO3 vs COG3739
2025-03-11 19:14:07.869762 DEBUG::`geom_smooth()` using formula = 'y ~ x'
2025-03-11 19:14:07.891489 INFO::Creating scatter plot for continuous data, log_NO2NO3 vs COG4324
2025-03-11 19:14:08.282853 DEBUG::`geom_smooth()` using formula = 'y ~ x'
2025-03-11 19:14:08.298902 INFO::Creating scatter plot for continuous data, log_NO2NO3 vs COG2065
2025-03-11 19:14:08.674388 DEBUG::`geom_smooth()` using formula = 'y ~ x'
2025-03-11 19:14:08.687204 INFO::Creating scatter plot for continuous data, log_NO2NO3 vs COG3273
2025-03-11 19:14:09.032238 DEBUG::`geom_smooth()` using formula = 'y ~ x'
2025-03-11 19:14:09.05243 INFO::Creating scatter plot for continuous data, log_NO2NO3 vs COG3242
2025-03-11 19:14:09.366591 DEBUG::`geom_smooth()` using formula = 'y ~ x'
2025-03-11 19:14:09.38621 INFO::Creating scatter plot for continuous data, log_NO2NO3 vs COG5442
2025-03-11 19:14:09.688711 DEBUG::`geom_smooth()` using formula = 'y ~ x'
2025-03-11 19:14:09.70391 INFO::Creating scatter plot for continuous data, log_NO2NO3 vs COG3198
2025-03-11 19:14:10.002403 DEBUG::`geom_smooth()` using formula = 'y ~ x'
2025-03-11 19:14:10.016873 INFO::Creating scatter plot for continuous data, log_NO2NO3 vs COG4963
2025-03-11 19:14:10.328939 DEBUG::`geom_smooth()` using formula = 'y ~ x'
2025-03-11 19:14:10.344091 INFO::Creating scatter plot for continuous data, log_NO2NO3 vs COG4385
2025-03-11 19:14:10.694611 DEBUG::`geom_smooth()` using formula = 'y ~ x'
2025-03-11 19:14:10.802644 INFO::Creating scatter plot for continuous data, log_NO2NO3 vs COG1824
2025-03-11 19:14:11.096875 DEBUG::`geom_smooth()` using formula = 'y ~ x'
2025-03-11 19:14:11.112837 INFO::Creating scatter plot for continuous data, log_NO2NO3 vs COG0692
2025-03-11 19:14:11.403264 DEBUG::`geom_smooth()` using formula = 'y ~ x'
2025-03-11 19:14:11.417213 INFO::Creating scatter plot for continuous data, log_NO2NO3 vs COG4933
2025-03-11 19:14:11.729099 DEBUG::`geom_smooth()` using formula = 'y ~ x'
2025-03-11 19:14:11.74437 INFO::Creating scatter plot for continuous data, log_NO2NO3 vs COG3504
2025-03-11 19:14:12.031893 DEBUG::`geom_smooth()` using formula = 'y ~ x'
2025-03-11 19:14:12.046638 INFO::Creating scatter plot for continuous data, log_NO2NO3 vs COG1503
2025-03-11 19:14:12.332598 DEBUG::`geom_smooth()` using formula = 'y ~ x'
2025-03-11 19:14:12.348067 INFO::Creating scatter plot for continuous data, log_NO2NO3 vs COG5268
2025-03-11 19:14:12.66589 DEBUG::`geom_smooth()` using formula = 'y ~ x'
2025-03-11 19:14:12.692341 INFO::Creating scatter plot for continuous data, log_NO2NO3 vs COG4303
2025-03-11 19:14:12.989309 DEBUG::`geom_smooth()` using formula = 'y ~ x'
2025-03-11 19:14:13.004488 INFO::Creating scatter plot for continuous data, log_NO2NO3 vs COG0680
2025-03-11 19:14:13.303474 DEBUG::`geom_smooth()` using formula = 'y ~ x'
2025-03-11 19:14:13.436113 INFO::Creating scatter plot for continuous data, log_NO2NO3 vs COG5639
2025-03-11 19:14:13.748726 DEBUG::`geom_smooth()` using formula = 'y ~ x'
2025-03-11 19:14:13.763654 INFO::Creating scatter plot for continuous data, log_NO2NO3 vs COG3384
2025-03-11 19:14:14.10218 DEBUG::`geom_smooth()` using formula = 'y ~ x'
2025-03-11 19:14:14.126614 INFO::Creating scatter plot for continuous data, log_NO2NO3 vs COG0455
2025-03-11 19:14:14.419393 DEBUG::`geom_smooth()` using formula = 'y ~ x'
2025-03-11 19:14:14.438657 INFO::Creating scatter plot for continuous data, log_NO2NO3 vs COG3169
2025-03-11 19:14:14.731727 DEBUG::`geom_smooth()` using formula = 'y ~ x'
2025-03-11 19:14:14.747164 INFO::Creating scatter plot for continuous data, log_NO2NO3 vs COG4388
2025-03-11 19:14:15.072362 DEBUG::`geom_smooth()` using formula = 'y ~ x'
2025-03-11 19:14:15.08747 INFO::Creating scatter plot for continuous data, log_NO2NO3 vs COG3689
2025-03-11 19:14:15.381235 DEBUG::`geom_smooth()` using formula = 'y ~ x'
2025-03-11 19:14:15.396337 INFO::Creating scatter plot for continuous data, log_NO2NO3 vs COG1972
2025-03-11 19:14:15.689679 DEBUG::`geom_smooth()` using formula = 'y ~ x'
2025-03-11 19:14:15.71187 INFO::Creating scatter plot for continuous data, log_NO2NO3 vs COG3752
2025-03-11 19:14:16.021446 DEBUG::`geom_smooth()` using formula = 'y ~ x'
2025-03-11 19:14:16.041257 INFO::Creating scatter plot for continuous data, log_NO2NO3 vs COG4347
2025-03-11 19:14:16.321127 DEBUG::`geom_smooth()` using formula = 'y ~ x'
2025-03-11 19:14:16.337858 INFO::Creating scatter plot for continuous data, log_NO2NO3 vs COG5499
2025-03-11 19:14:16.782005 DEBUG::`geom_smooth()` using formula = 'y ~ x'
2025-03-11 19:14:16.797997 INFO::Creating scatter plot for continuous data, log_NO2NO3 vs COG3439
2025-03-11 19:14:17.113261 DEBUG::`geom_smooth()` using formula = 'y ~ x'
2025-03-11 19:14:17.129402 INFO::Creating scatter plot for continuous data, log_NO2NO3 vs COG1275
2025-03-11 19:14:17.413599 DEBUG::`geom_smooth()` using formula = 'y ~ x'
2025-03-11 19:14:17.436255 INFO::Creating scatter plot for continuous data, log_NO2NO3 vs COG1315
2025-03-11 19:14:17.725061 DEBUG::`geom_smooth()` using formula = 'y ~ x'
2025-03-11 19:14:17.742362 INFO::Creating scatter plot for continuous data, log_NO2NO3 vs COG4678
2025-03-11 19:14:18.059067 DEBUG::`geom_smooth()` using formula = 'y ~ x'
2025-03-11 19:14:18.082509 INFO::Creating scatter plot for continuous data, log_NO2NO3 vs COG0013
2025-03-11 19:14:18.369919 DEBUG::`geom_smooth()` using formula = 'y ~ x'
2025-03-11 19:14:18.384102 INFO::Creating scatter plot for continuous data, log_NO2NO3 vs COG0064
2025-03-11 19:14:18.802016 DEBUG::`geom_smooth()` using formula = 'y ~ x'
2025-03-11 19:14:18.819645 INFO::Creating scatter plot for continuous data, log_NO2NO3 vs COG2175
2025-03-11 19:14:19.133026 DEBUG::`geom_smooth()` using formula = 'y ~ x'
2025-03-11 19:14:19.159197 INFO::Creating scatter plot for continuous data, log_NO2NO3 vs COG1422
2025-03-11 19:14:19.452241 DEBUG::`geom_smooth()` using formula = 'y ~ x'
2025-03-11 19:14:19.468185 INFO::Creating scatter plot for continuous data, log_NO2NO3 vs COG2823
2025-03-11 19:14:19.765781 DEBUG::`geom_smooth()` using formula = 'y ~ x'
2025-03-11 19:14:19.780301 INFO::Creating scatter plot for continuous data, log_NO2NO3 vs COG5633
2025-03-11 19:14:20.076753 DEBUG::`geom_smooth()` using formula = 'y ~ x'
2025-03-11 19:14:20.084388 INFO::Creating scatter plot for continuous data, log_NO2NO3 vs COG1713
2025-03-11 19:14:20.398201 DEBUG::`geom_smooth()` using formula = 'y ~ x'
2025-03-11 19:14:20.413756 INFO::Creating scatter plot for continuous data, log_NO2NO3 vs COG0067
2025-03-11 19:14:20.705937 DEBUG::`geom_smooth()` using formula = 'y ~ x'
2025-03-11 19:14:20.721163 INFO::Creating scatter plot for continuous data, log_NO2NO3 vs COG1430
2025-03-11 19:14:21.012653 DEBUG::`geom_smooth()` using formula = 'y ~ x'
2025-03-11 19:14:21.028107 INFO::Creating scatter plot for continuous data, log_NO2NO3 vs COG0047
2025-03-11 19:14:21.34126 DEBUG::`geom_smooth()` using formula = 'y ~ x'
2025-03-11 19:14:21.362159 INFO::Creating scatter plot for continuous data, log_NO2NO3 vs COG4176
2025-03-11 19:14:21.64742 DEBUG::`geom_smooth()` using formula = 'y ~ x'
2025-03-11 19:14:21.789288 INFO::Creating scatter plot for continuous data, log_NO2NO3 vs COG5302
2025-03-11 19:14:22.085616 DEBUG::`geom_smooth()` using formula = 'y ~ x'
2025-03-11 19:14:22.104373 INFO::Creating scatter plot for continuous data, log_NO2NO3 vs COG1136
2025-03-11 19:14:22.417637 DEBUG::`geom_smooth()` using formula = 'y ~ x'
2025-03-11 19:14:22.432931 INFO::Creating scatter plot for continuous data, log_NO2NO3 vs COG1339
2025-03-11 19:14:22.715507 DEBUG::`geom_smooth()` using formula = 'y ~ x'
2025-03-11 19:14:22.730885 INFO::Creating scatter plot for continuous data, log_NO2NO3 vs COG2057
2025-03-11 19:14:23.032975 DEBUG::`geom_smooth()` using formula = 'y ~ x'
2025-03-11 19:14:23.048164 INFO::Creating scatter plot for continuous data, log_NO2NO3 vs COG2125
2025-03-11 19:14:23.364845 DEBUG::`geom_smooth()` using formula = 'y ~ x'
2025-03-11 19:14:23.379482 INFO::Creating scatter plot for continuous data, log_NO2NO3 vs COG4335
2025-03-11 19:14:23.661871 DEBUG::`geom_smooth()` using formula = 'y ~ x'
2025-03-11 19:14:23.682791 INFO::Creating scatter plot for continuous data, log_NO2NO3 vs COG0367
2025-03-11 19:14:23.986083 DEBUG::`geom_smooth()` using formula = 'y ~ x'
2025-03-11 19:14:24.004603 INFO::Creating scatter plot for continuous data, log_NO2NO3 vs COG4857
2025-03-11 19:14:24.380599 DEBUG::`geom_smooth()` using formula = 'y ~ x'
2025-03-11 19:14:24.399921 INFO::Creating scatter plot for continuous data, log_NO2NO3 vs COG5581
2025-03-11 19:14:24.682668 DEBUG::`geom_smooth()` using formula = 'y ~ x'
2025-03-11 19:14:24.709018 INFO::Creating scatter plot for continuous data, log_NO2NO3 vs COG0794
2025-03-11 19:14:24.995265 DEBUG::`geom_smooth()` using formula = 'y ~ x'
2025-03-11 19:14:25.01015 INFO::Creating scatter plot for continuous data, log_NO2NO3 vs COG1259
2025-03-11 19:14:25.333974 DEBUG::`geom_smooth()` using formula = 'y ~ x'
2025-03-11 19:14:25.35351 INFO::Creating scatter plot for continuous data, log_NO2NO3 vs COG2865
2025-03-11 19:14:25.646617 DEBUG::`geom_smooth()` using formula = 'y ~ x'
2025-03-11 19:14:25.661587 INFO::Creating scatter plot for continuous data, log_NO2NO3 vs COG1525
2025-03-11 19:14:25.949907 DEBUG::`geom_smooth()` using formula = 'y ~ x'
2025-03-11 19:14:25.972186 INFO::Creating scatter plot for continuous data, log_NO2NO3 vs COG3148
2025-03-11 19:14:26.353995 DEBUG::`geom_smooth()` using formula = 'y ~ x'
2025-03-11 19:14:26.370233 INFO::Creating scatter plot for continuous data, log_NO2NO3 vs COG3757
2025-03-11 19:14:26.729776 DEBUG::`geom_smooth()` using formula = 'y ~ x'
2025-03-11 19:14:26.744974 INFO::Creating scatter plot for continuous data, log_NO2NO3 vs COG3846
2025-03-11 19:14:27.034945 DEBUG::`geom_smooth()` using formula = 'y ~ x'
2025-03-11 19:14:27.057575 INFO::Creating scatter plot for continuous data, log_NO2NO3 vs COG3701
2025-03-11 19:14:27.361358 DEBUG::`geom_smooth()` using formula = 'y ~ x'
2025-03-11 19:14:27.376082 INFO::Creating scatter plot for continuous data, log_NO2NO3 vs COG0747
2025-03-11 19:14:27.701903 DEBUG::`geom_smooth()` using formula = 'y ~ x'
2025-03-11 19:14:27.717169 INFO::Creating scatter plot for continuous data, log_NO2NO3 vs COG3122
2025-03-11 19:14:28.01868 DEBUG::`geom_smooth()` using formula = 'y ~ x'
2025-03-11 19:14:28.036745 INFO::Creating scatter plot for continuous data, log_NO2NO3 vs COG5555
2025-03-11 19:14:28.343162 DEBUG::`geom_smooth()` using formula = 'y ~ x'
2025-03-11 19:14:28.358254 INFO::Creating scatter plot for continuous data, log_NO2NO3 vs COG1273
2025-03-11 19:14:28.680328 DEBUG::`geom_smooth()` using formula = 'y ~ x'
2025-03-11 19:14:28.718204 INFO::Creating scatter plot for continuous data, log_NO2NO3 vs COG3543
2025-03-11 19:14:29.019975 DEBUG::`geom_smooth()` using formula = 'y ~ x'
2025-03-11 19:14:29.038145 INFO::Creating scatter plot for continuous data, log_NO2NO3 vs COG3672
2025-03-11 19:14:29.35742 DEBUG::`geom_smooth()` using formula = 'y ~ x'
2025-03-11 19:14:29.376508 INFO::Creating scatter plot for continuous data, log_NO2NO3 vs COG2050
2025-03-11 19:14:29.67914 DEBUG::`geom_smooth()` using formula = 'y ~ x'
2025-03-11 19:14:29.704345 INFO::Creating scatter plot for continuous data, log_NO2NO3 vs COG3717
2025-03-11 19:14:30.041705 DEBUG::`geom_smooth()` using formula = 'y ~ x'
2025-03-11 19:14:30.057537 INFO::Creating scatter plot for continuous data, log_NO2NO3 vs COG3479
2025-03-11 19:14:30.359827 DEBUG::`geom_smooth()` using formula = 'y ~ x'
2025-03-11 19:14:30.372674 INFO::Creating scatter plot for continuous data, log_NO2NO3 vs COG1094
2025-03-11 19:14:30.659246 DEBUG::`geom_smooth()` using formula = 'y ~ x'
2025-03-11 19:14:30.674029 INFO::Creating scatter plot for continuous data, log_NO2NO3 vs COG4289
2025-03-11 19:14:31.012233 DEBUG::`geom_smooth()` using formula = 'y ~ x'
2025-03-11 19:14:31.028963 INFO::Creating scatter plot for continuous data, log_NO2NO3 vs COG4995
2025-03-11 19:14:31.328412 DEBUG::`geom_smooth()` using formula = 'y ~ x'
2025-03-11 19:14:31.361976 INFO::Creating scatter plot for continuous data, log_NO2NO3 vs COG2336
2025-03-11 19:14:31.655591 DEBUG::`geom_smooth()` using formula = 'y ~ x'
2025-03-11 19:14:31.671421 INFO::Creating scatter plot for continuous data, log_NO2NO3 vs COG2098
2025-03-11 19:14:32.005121 DEBUG::`geom_smooth()` using formula = 'y ~ x'
2025-03-11 19:14:32.085051 INFO::Creating scatter plot for continuous data, log_NO2NO3 vs COG4663
2025-03-11 19:14:32.396753 DEBUG::`geom_smooth()` using formula = 'y ~ x'
2025-03-11 19:14:32.565397 INFO::Creating scatter plot for continuous data, log_NO2NO3 vs COG5377
2025-03-11 19:14:32.868306 DEBUG::`geom_smooth()` using formula = 'y ~ x'
2025-03-11 19:14:32.89185 INFO::Creating scatter plot for continuous data, log_NO2NO3 vs COG1406
2025-03-11 19:14:33.186127 DEBUG::`geom_smooth()` using formula = 'y ~ x'
2025-03-11 19:14:33.201857 INFO::Creating scatter plot for continuous data, log_NO2NO3 vs COG3082
2025-03-11 19:14:33.588099 DEBUG::`geom_smooth()` using formula = 'y ~ x'
2025-03-11 19:14:33.608064 INFO::Creating scatter plot for continuous data, log_NO2NO3 vs COG4170
2025-03-11 19:14:33.904248 DEBUG::`geom_smooth()` using formula = 'y ~ x'
2025-03-11 19:14:33.920495 INFO::Creating scatter plot for continuous data, log_NO2NO3 vs COG5498
2025-03-11 19:14:34.224416 DEBUG::`geom_smooth()` using formula = 'y ~ x'
2025-03-11 19:14:34.245403 INFO::Creating scatter plot for continuous data, log_NO2NO3 vs COG0698
2025-03-11 19:14:34.581673 DEBUG::`geom_smooth()` using formula = 'y ~ x'
2025-03-11 19:14:34.605257 INFO::Creating scatter plot for continuous data, log_NO2NO3 vs COG3143
2025-03-11 19:14:34.910738 DEBUG::`geom_smooth()` using formula = 'y ~ x'
2025-03-11 19:14:34.937216 INFO::Creating scatter plot for continuous data, log_NO2NO3 vs COG4423
2025-03-11 19:14:35.245346 DEBUG::`geom_smooth()` using formula = 'y ~ x'
2025-03-11 19:14:35.259776 INFO::Creating scatter plot for continuous data, log_NO2NO3 vs COG1093
2025-03-11 19:14:35.593618 DEBUG::`geom_smooth()` using formula = 'y ~ x'
2025-03-11 19:14:35.616911 INFO::Creating scatter plot for continuous data, log_NO2NO3 vs COG0796
2025-03-11 19:14:35.903257 DEBUG::`geom_smooth()` using formula = 'y ~ x'
2025-03-11 19:14:35.981195 INFO::Creating scatter plot for continuous data, log_NO2NO3 vs COG4688
2025-03-11 19:14:36.375568 DEBUG::`geom_smooth()` using formula = 'y ~ x'
2025-03-11 19:14:36.44333 INFO::Creating scatter plot for continuous data, log_NO2NO3 vs COG0090
2025-03-11 19:14:36.779489 DEBUG::`geom_smooth()` using formula = 'y ~ x'
2025-03-11 19:14:36.795372 INFO::Creating scatter plot for continuous data, log_NO2NO3 vs COG0482
2025-03-11 19:14:37.086934 DEBUG::`geom_smooth()` using formula = 'y ~ x'
2025-03-11 19:14:37.102486 INFO::Creating scatter plot for continuous data, log_NO2NO3 vs COG2979
2025-03-11 19:14:37.397396 DEBUG::`geom_smooth()` using formula = 'y ~ x'
2025-03-11 19:14:37.412064 INFO::Creating scatter plot for continuous data, log_NO2NO3 vs COG3659
2025-03-11 19:14:37.708964 DEBUG::`geom_smooth()` using formula = 'y ~ x'
2025-03-11 19:14:37.724507 INFO::Creating scatter plot for continuous data, log_NO2NO3 vs COG4568
2025-03-11 19:14:38.047427 DEBUG::`geom_smooth()` using formula = 'y ~ x'
2025-03-11 19:14:38.068053 INFO::Creating scatter plot for continuous data, log_NO2NO3 vs COG0600
2025-03-11 19:14:38.376293 DEBUG::`geom_smooth()` using formula = 'y ~ x'
2025-03-11 19:14:38.391574 INFO::Creating scatter plot for continuous data, log_NO2NO3 vs COG1153
2025-03-11 19:14:38.682759 DEBUG::`geom_smooth()` using formula = 'y ~ x'
2025-03-11 19:14:38.739978 INFO::Creating scatter plot for continuous data, log_NO2NO3 vs COG3189
2025-03-11 19:14:39.153929 DEBUG::`geom_smooth()` using formula = 'y ~ x'
2025-03-11 19:14:39.263524 INFO::Creating scatter plot for continuous data, log_NO2NO3 vs COG3285
2025-03-11 19:14:39.57566 DEBUG::`geom_smooth()` using formula = 'y ~ x'
2025-03-11 19:14:39.604513 INFO::Creating scatter plot for continuous data, log_NO2NO3 vs COG2058
2025-03-11 19:14:39.907453 DEBUG::`geom_smooth()` using formula = 'y ~ x'
2025-03-11 19:14:39.931427 INFO::Creating scatter plot for continuous data, log_NO2NO3 vs COG1625
2025-03-11 19:14:40.261636 DEBUG::`geom_smooth()` using formula = 'y ~ x'
2025-03-11 19:14:40.277323 INFO::Creating scatter plot for continuous data, log_NO2NO3 vs COG0447
2025-03-11 19:14:40.562892 DEBUG::`geom_smooth()` using formula = 'y ~ x'
2025-03-11 19:14:40.573128 INFO::Creating scatter plot for continuous data, log_NO2NO3 vs COG3107
2025-03-11 19:14:40.866868 DEBUG::`geom_smooth()` using formula = 'y ~ x'
2025-03-11 19:14:40.881915 INFO::Creating scatter plot for continuous data, log_NO2NO3 vs COG0836
2025-03-11 19:14:41.220082 DEBUG::`geom_smooth()` using formula = 'y ~ x'
2025-03-11 19:14:41.23537 INFO::Creating scatter plot for continuous data, log_NO2NO3 vs COG5622
2025-03-11 19:14:41.54054 DEBUG::`geom_smooth()` using formula = 'y ~ x'
2025-03-11 19:14:41.642005 INFO::Creating scatter plot for continuous data, log_NO2NO3 vs COG0235
2025-03-11 19:14:41.937305 DEBUG::`geom_smooth()` using formula = 'y ~ x'
2025-03-11 19:14:41.955467 INFO::Creating scatter plot for continuous data, log_NO2NO3 vs COG0031
2025-03-11 19:14:42.280476 DEBUG::`geom_smooth()` using formula = 'y ~ x'
2025-03-11 19:14:42.295496 INFO::Creating scatter plot for continuous data, log_NO2NO3 vs COG0503
2025-03-11 19:14:42.598743 DEBUG::`geom_smooth()` using formula = 'y ~ x'
2025-03-11 19:14:42.618963 INFO::Creating scatter plot for continuous data, log_NO2NO3 vs COG3864
2025-03-11 19:14:42.913105 DEBUG::`geom_smooth()` using formula = 'y ~ x'
2025-03-11 19:14:42.927868 INFO::Creating scatter plot for continuous data, log_NO2NO3 vs COG2109
2025-03-11 19:14:43.22159 DEBUG::`geom_smooth()` using formula = 'y ~ x'
2025-03-11 19:14:43.23549 INFO::Creating scatter plot for continuous data, log_NO2NO3 vs COG1527
2025-03-11 19:14:43.561276 DEBUG::`geom_smooth()` using formula = 'y ~ x'
2025-03-11 19:14:43.61505 INFO::Creating scatter plot for continuous data, log_NO2NO3 vs COG3818
2025-03-11 19:14:43.920943 DEBUG::`geom_smooth()` using formula = 'y ~ x'
2025-03-11 19:14:44.090038 INFO::Creating scatter plot for continuous data, log_NO2NO3 vs COG2361
2025-03-11 19:14:44.507922 DEBUG::`geom_smooth()` using formula = 'y ~ x'
2025-03-11 19:14:44.526025 INFO::Creating scatter plot for continuous data, log_NO2NO3 vs COG3755
2025-03-11 19:14:44.858669 DEBUG::`geom_smooth()` using formula = 'y ~ x'
2025-03-11 19:14:44.885165 INFO::Creating scatter plot for continuous data, log_NO2NO3 vs COG2323
2025-03-11 19:14:45.179417 DEBUG::`geom_smooth()` using formula = 'y ~ x'
2025-03-11 19:14:45.19531 INFO::Creating scatter plot for continuous data, log_NO2NO3 vs COG5010
2025-03-11 19:14:45.489963 DEBUG::`geom_smooth()` using formula = 'y ~ x'
2025-03-11 19:14:45.506263 INFO::Creating scatter plot for continuous data, log_NO2NO3 vs COG0519
2025-03-11 19:14:45.842266 DEBUG::`geom_smooth()` using formula = 'y ~ x'
2025-03-11 19:14:45.857352 INFO::Creating scatter plot for continuous data, log_NO2NO3 vs COG4461
2025-03-11 19:14:46.153962 DEBUG::`geom_smooth()` using formula = 'y ~ x'
2025-03-11 19:14:46.170739 INFO::Creating scatter plot for continuous data, log_NO2NO3 vs COG1017
2025-03-11 19:14:46.539148 DEBUG::`geom_smooth()` using formula = 'y ~ x'
2025-03-11 19:14:46.638873 INFO::Creating scatter plot for continuous data, log_NO2NO3 vs COG5395
2025-03-11 19:14:46.968821 DEBUG::`geom_smooth()` using formula = 'y ~ x'
2025-03-11 19:14:47.051005 INFO::Creating scatter plot for continuous data, log_NO2NO3 vs COG1019
2025-03-11 19:14:47.396332 DEBUG::`geom_smooth()` using formula = 'y ~ x'
2025-03-11 19:14:47.415128 INFO::Creating scatter plot for continuous data, log_NO2NO3 vs COG1601
2025-03-11 19:14:47.724834 DEBUG::`geom_smooth()` using formula = 'y ~ x'
2025-03-11 19:14:47.740736 INFO::Creating scatter plot for continuous data, log_NO2NO3 vs COG3905
2025-03-11 19:14:48.077442 DEBUG::`geom_smooth()` using formula = 'y ~ x'
2025-03-11 19:14:48.097178 INFO::Creating scatter plot for continuous data, log_NO2NO3 vs COG3092
2025-03-11 19:14:48.389004 DEBUG::`geom_smooth()` using formula = 'y ~ x'
2025-03-11 19:14:48.404272 INFO::Creating scatter plot for continuous data, log_NO2NO3 vs COG2147
2025-03-11 19:14:48.706014 DEBUG::`geom_smooth()` using formula = 'y ~ x'
2025-03-11 19:14:48.721456 INFO::Creating scatter plot for continuous data, log_NO2NO3 vs COG3835
2025-03-11 19:14:49.041448 DEBUG::`geom_smooth()` using formula = 'y ~ x'
2025-03-11 19:14:49.056654 INFO::Creating scatter plot for continuous data, log_NO2NO3 vs COG5257
2025-03-11 19:14:49.363543 DEBUG::`geom_smooth()` using formula = 'y ~ x'
2025-03-11 19:14:49.502151 INFO::Creating scatter plot for continuous data, log_NO2NO3 vs COG1529
2025-03-11 19:14:49.797906 DEBUG::`geom_smooth()` using formula = 'y ~ x'
2025-03-11 19:14:49.825761 INFO::Creating scatter plot for continuous data, log_NO2NO3 vs COG2951
2025-03-11 19:14:50.217963 DEBUG::`geom_smooth()` using formula = 'y ~ x'
2025-03-11 19:14:50.244409 INFO::Creating scatter plot for continuous data, log_NO2NO3 vs COG4293
2025-03-11 19:14:50.554047 DEBUG::`geom_smooth()` using formula = 'y ~ x'
2025-03-11 19:14:50.56911 INFO::Creating scatter plot for continuous data, log_NO2NO3 vs COG3886
2025-03-11 19:14:50.867825 DEBUG::`geom_smooth()` using formula = 'y ~ x'
2025-03-11 19:14:50.887919 INFO::Creating scatter plot for continuous data, log_NO2NO3 vs COG0024
2025-03-11 19:14:51.205456 DEBUG::`geom_smooth()` using formula = 'y ~ x'
2025-03-11 19:14:51.221024 INFO::Creating scatter plot for continuous data, log_NO2NO3 vs COG1776
2025-03-11 19:14:51.550743 DEBUG::`geom_smooth()` using formula = 'y ~ x'
2025-03-11 19:14:51.572463 INFO::Creating scatter plot for continuous data, log_NO2NO3 vs COG1079
2025-03-11 19:14:51.864013 DEBUG::`geom_smooth()` using formula = 'y ~ x'
2025-03-11 19:14:51.878903 INFO::Creating scatter plot for continuous data, log_NO2NO3 vs COG5477
2025-03-11 19:14:52.174691 DEBUG::`geom_smooth()` using formula = 'y ~ x'
2025-03-11 19:14:52.254277 INFO::Creating scatter plot for continuous data, log_NO2NO3 vs COG4302
2025-03-11 19:14:52.683706 DEBUG::`geom_smooth()` using formula = 'y ~ x'
2025-03-11 19:14:52.814826 INFO::Creating scatter plot for continuous data, log_NO2NO3 vs COG4172
2025-03-11 19:14:53.109766 DEBUG::`geom_smooth()` using formula = 'y ~ x'
2025-03-11 19:14:53.127758 INFO::Creating scatter plot for continuous data, log_NO2NO3 vs COG0732
2025-03-11 19:14:53.441957 DEBUG::`geom_smooth()` using formula = 'y ~ x'
2025-03-11 19:14:53.463926 INFO::Creating scatter plot for continuous data, log_NO2NO3 vs COG1254
2025-03-11 19:14:53.772478 DEBUG::`geom_smooth()` using formula = 'y ~ x'
2025-03-11 19:14:53.788303 INFO::Creating scatter plot for continuous data, log_NO2NO3 vs COG1343
2025-03-11 19:14:54.098884 DEBUG::`geom_smooth()` using formula = 'y ~ x'
2025-03-11 19:14:54.114261 INFO::Creating scatter plot for continuous data, log_NO2NO3 vs COG3420
2025-03-11 19:14:54.408462 DEBUG::`geom_smooth()` using formula = 'y ~ x'
2025-03-11 19:14:54.423368 INFO::Creating scatter plot for continuous data, log_NO2NO3 vs COG1697
2025-03-11 19:14:54.719648 DEBUG::`geom_smooth()` using formula = 'y ~ x'
2025-03-11 19:14:54.740262 INFO::Creating scatter plot for continuous data, log_NO2NO3 vs COG3012
2025-03-11 19:14:55.072746 DEBUG::`geom_smooth()` using formula = 'y ~ x'
2025-03-11 19:14:55.087718 INFO::Creating scatter plot for continuous data, log_NO2NO3 vs COG3695
2025-03-11 19:14:55.378963 DEBUG::`geom_smooth()` using formula = 'y ~ x'
2025-03-11 19:14:55.42126 INFO::Creating scatter plot for continuous data, log_NO2NO3 vs COG4902
2025-03-11 19:14:55.716372 DEBUG::`geom_smooth()` using formula = 'y ~ x'
2025-03-11 19:14:55.7313 INFO::Creating scatter plot for continuous data, log_NO2NO3 vs COG4589
2025-03-11 19:14:56.052076 DEBUG::`geom_smooth()` using formula = 'y ~ x'
2025-03-11 19:14:56.064367 INFO::Creating scatter plot for continuous data, log_NO2NO3 vs COG1006
2025-03-11 19:14:56.355117 DEBUG::`geom_smooth()` using formula = 'y ~ x'
2025-03-11 19:14:56.369778 INFO::Creating scatter plot for continuous data, log_NO2NO3 vs COG3207
2025-03-11 19:14:56.676188 DEBUG::`geom_smooth()` using formula = 'y ~ x'
2025-03-11 19:14:56.697505 INFO::Creating scatter plot for continuous data, log_NO2NO3 vs COG3202
2025-03-11 19:14:57.013726 DEBUG::`geom_smooth()` using formula = 'y ~ x'
2025-03-11 19:14:57.034345 INFO::Creating scatter plot for continuous data, log_NO2NO3 vs COG2187
2025-03-11 19:14:57.329775 DEBUG::`geom_smooth()` using formula = 'y ~ x'
2025-03-11 19:14:57.344385 INFO::Creating scatter plot for continuous data, log_NO2NO3 vs COG4959
2025-03-11 19:14:57.810608 DEBUG::`geom_smooth()` using formula = 'y ~ x'
2025-03-11 19:14:57.829123 INFO::Creating scatter plot for continuous data, log_NO2NO3 vs COG2007
2025-03-11 19:14:58.149019 DEBUG::`geom_smooth()` using formula = 'y ~ x'
2025-03-11 19:14:58.21497 INFO::Creating scatter plot for continuous data, log_NO2NO3 vs COG4248
2025-03-11 19:14:58.662106 DEBUG::`geom_smooth()` using formula = 'y ~ x'
2025-03-11 19:14:58.679308 INFO::Creating scatter plot for continuous data, log_NO2NO3 vs COG3064
2025-03-11 19:14:58.972993 DEBUG::`geom_smooth()` using formula = 'y ~ x'
2025-03-11 19:14:58.98787 INFO::Creating scatter plot for continuous data, log_NO2NO3 vs COG5256
2025-03-11 19:14:59.285583 DEBUG::`geom_smooth()` using formula = 'y ~ x'
2025-03-11 19:14:59.30136 INFO::Creating scatter plot for continuous data, log_NO2NO3 vs COG0016
2025-03-11 19:14:59.636647 DEBUG::`geom_smooth()` using formula = 'y ~ x'
2025-03-11 19:14:59.661005 INFO::Creating scatter plot for continuous data, log_NO2NO3 vs COG2359
2025-03-11 19:14:59.960837 DEBUG::`geom_smooth()` using formula = 'y ~ x'
2025-03-11 19:14:59.976093 INFO::Creating scatter plot for continuous data, log_NO2NO3 vs COG2747
2025-03-11 19:15:00.278187 DEBUG::`geom_smooth()` using formula = 'y ~ x'
2025-03-11 19:15:00.290214 INFO::Creating scatter plot for continuous data, log_NO2NO3 vs COG4458
2025-03-11 19:15:00.616864 DEBUG::`geom_smooth()` using formula = 'y ~ x'
2025-03-11 19:15:00.632072 INFO::Creating scatter plot for continuous data, log_NO2NO3 vs COG3077
2025-03-11 19:15:00.920609 DEBUG::`geom_smooth()` using formula = 'y ~ x'
2025-03-11 19:15:01.077957 INFO::Creating scatter plot for continuous data, log_NO2NO3 vs COG5619
2025-03-11 19:15:01.46814 DEBUG::`geom_smooth()` using formula = 'y ~ x'
2025-03-11 19:15:01.648084 INFO::Creating scatter plot for continuous data, log_NO2NO3 vs COG2351
2025-03-11 19:15:01.986625 DEBUG::`geom_smooth()` using formula = 'y ~ x'
2025-03-11 19:15:02.011325 INFO::Creating scatter plot for continuous data, log_NO2NO3 vs COG5404
2025-03-11 19:15:02.31042 DEBUG::`geom_smooth()` using formula = 'y ~ x'
2025-03-11 19:15:02.331269 INFO::Creating scatter plot for continuous data, log_NO2NO3 vs COG3085
2025-03-11 19:15:02.625724 DEBUG::`geom_smooth()` using formula = 'y ~ x'
2025-03-11 19:15:02.641786 INFO::Creating scatter plot for continuous data, log_NO2NO3 vs COG4865
2025-03-11 19:15:02.947377 DEBUG::`geom_smooth()` using formula = 'y ~ x'
2025-03-11 19:15:02.965451 INFO::Creating scatter plot for continuous data, log_NO2NO3 vs COG2910
2025-03-11 19:15:03.299349 DEBUG::`geom_smooth()` using formula = 'y ~ x'
2025-03-11 19:15:03.314519 INFO::Creating scatter plot for continuous data, log_NO2NO3 vs COG0149
2025-03-11 19:15:03.615897 DEBUG::`geom_smooth()` using formula = 'y ~ x'
2025-03-11 19:15:03.631224 INFO::Creating scatter plot for continuous data, log_NO2NO3 vs COG2329
2025-03-11 19:15:03.930989 DEBUG::`geom_smooth()` using formula = 'y ~ x'
2025-03-11 19:15:04.076372 INFO::Creating scatter plot for continuous data, log_NO2NO3 vs COG5338
2025-03-11 19:15:04.501665 DEBUG::`geom_smooth()` using formula = 'y ~ x'
2025-03-11 19:15:04.519436 INFO::Creating scatter plot for continuous data, log_NO2NO3 vs COG4651
2025-03-11 19:15:04.883356 DEBUG::`geom_smooth()` using formula = 'y ~ x'
2025-03-11 19:15:04.913052 INFO::Creating scatter plot for continuous data, log_NO2NO3 vs COG3363
2025-03-11 19:15:05.211249 DEBUG::`geom_smooth()` using formula = 'y ~ x'
2025-03-11 19:15:05.231226 INFO::Creating scatter plot for continuous data, log_NO2NO3 vs COG0496
2025-03-11 19:15:05.554374 DEBUG::`geom_smooth()` using formula = 'y ~ x'
2025-03-11 19:15:05.569374 INFO::Creating scatter plot for continuous data, log_NO2NO3 vs COG3549
2025-03-11 19:15:05.861002 DEBUG::`geom_smooth()` using formula = 'y ~ x'
2025-03-11 19:15:05.872912 INFO::Creating scatter plot for continuous data, log_NO2NO3 vs COG1798
2025-03-11 19:15:06.156948 DEBUG::`geom_smooth()` using formula = 'y ~ x'
2025-03-11 19:15:06.175946 INFO::Creating scatter plot for continuous data, log_NO2NO3 vs COG1717
2025-03-11 19:15:06.493075 DEBUG::`geom_smooth()` using formula = 'y ~ x'
2025-03-11 19:15:06.506144 INFO::Creating scatter plot for continuous data, log_NO2NO3 vs COG1999
2025-03-11 19:15:06.964502 DEBUG::`geom_smooth()` using formula = 'y ~ x'
2025-03-11 19:15:07.149922 INFO::Creating scatter plot for continuous data, log_NO2NO3 vs COG1310
2025-03-11 19:15:07.573645 DEBUG::`geom_smooth()` using formula = 'y ~ x'
2025-03-11 19:15:07.722105 INFO::Creating scatter plot for continuous data, log_NO2NO3 vs COG3843
2025-03-11 19:15:08.040437 DEBUG::`geom_smooth()` using formula = 'y ~ x'
2025-03-11 19:15:08.059914 INFO::Creating scatter plot for continuous data, log_NO2NO3 vs COG5008
2025-03-11 19:15:08.35495 DEBUG::`geom_smooth()` using formula = 'y ~ x'
2025-03-11 19:15:08.373965 INFO::Creating scatter plot for continuous data, log_NO2NO3 vs COG2993
2025-03-11 19:15:08.667608 DEBUG::`geom_smooth()` using formula = 'y ~ x'
2025-03-11 19:15:08.68369 INFO::Creating scatter plot for continuous data, log_NO2NO3 vs COG4117
2025-03-11 19:15:08.985306 DEBUG::`geom_smooth()` using formula = 'y ~ x'
2025-03-11 19:15:08.999039 INFO::Creating scatter plot for continuous data, log_NO2NO3 vs COG0258
2025-03-11 19:15:09.292108 DEBUG::`geom_smooth()` using formula = 'y ~ x'
2025-03-11 19:15:09.307456 INFO::Creating scatter plot for continuous data, log_NO2NO3 vs COG3907
2025-03-11 19:15:09.596074 DEBUG::`geom_smooth()` using formula = 'y ~ x'
2025-03-11 19:15:09.607361 INFO::Creating scatter plot for continuous data, log_NO2NO3 vs COG3825
2025-03-11 19:15:09.893909 DEBUG::`geom_smooth()` using formula = 'y ~ x'
2025-03-11 19:15:09.917113 INFO::Creating scatter plot for continuous data, log_NO2NO3 vs COG5434
2025-03-11 19:15:10.23606 DEBUG::`geom_smooth()` using formula = 'y ~ x'
2025-03-11 19:15:10.25132 INFO::Creating scatter plot for continuous data, log_NO2NO3 vs COG1854
2025-03-11 19:15:10.543082 DEBUG::`geom_smooth()` using formula = 'y ~ x'
2025-03-11 19:15:10.564933 INFO::Creating scatter plot for continuous data, log_NO2NO3 vs COG3372
2025-03-11 19:15:10.855259 DEBUG::`geom_smooth()` using formula = 'y ~ x'
2025-03-11 19:15:10.870175 INFO::Creating scatter plot for continuous data, log_NO2NO3 vs COG3661
2025-03-11 19:15:11.185987 DEBUG::`geom_smooth()` using formula = 'y ~ x'
2025-03-11 19:15:11.205501 INFO::Creating scatter plot for continuous data, log_NO2NO3 vs COG0614
2025-03-11 19:15:11.486779 DEBUG::`geom_smooth()` using formula = 'y ~ x'
2025-03-11 19:15:11.501822 INFO::Creating scatter plot for continuous data, log_NO2NO3 vs COG2390
2025-03-11 19:15:11.803822 DEBUG::`geom_smooth()` using formula = 'y ~ x'
2025-03-11 19:15:11.815869 INFO::Creating scatter plot for continuous data, log_NO2NO3 vs COG3044
2025-03-11 19:15:12.133902 DEBUG::`geom_smooth()` using formula = 'y ~ x'
2025-03-11 19:15:12.148486 INFO::Creating scatter plot for continuous data, log_NO2NO3 vs COG5031
2025-03-11 19:15:12.432636 DEBUG::`geom_smooth()` using formula = 'y ~ x'
2025-03-11 19:15:12.453281 INFO::Creating scatter plot for continuous data, log_NO2NO3 vs COG0575
2025-03-11 19:15:12.80997 DEBUG::`geom_smooth()` using formula = 'y ~ x'
2025-03-11 19:15:12.834304 INFO::Creating scatter plot for continuous data, log_NO2NO3 vs COG2238
2025-03-11 19:15:13.151569 DEBUG::`geom_smooth()` using formula = 'y ~ x'
2025-03-11 19:15:13.164759 INFO::Creating scatter plot for continuous data, log_NO2NO3 vs COG3033
2025-03-11 19:15:13.458081 DEBUG::`geom_smooth()` using formula = 'y ~ x'
2025-03-11 19:15:13.476369 INFO::Creating scatter plot for continuous data, log_NO2NO3 vs COG0780
2025-03-11 19:15:13.76561 DEBUG::`geom_smooth()` using formula = 'y ~ x'
2025-03-11 19:15:13.780698 INFO::Creating scatter plot for continuous data, log_NO2NO3 vs COG0326
2025-03-11 19:15:14.132062 DEBUG::`geom_smooth()` using formula = 'y ~ x'
2025-03-11 19:15:14.146659 INFO::Creating scatter plot for continuous data, log_NO2NO3 vs COG3062
2025-03-11 19:15:14.429703 DEBUG::`geom_smooth()` using formula = 'y ~ x'
2025-03-11 19:15:14.452639 INFO::Creating scatter plot for continuous data, log_NO2NO3 vs COG1102
2025-03-11 19:15:14.737376 DEBUG::`geom_smooth()` using formula = 'y ~ x'
2025-03-11 19:15:14.752196 INFO::Creating scatter plot for continuous data, log_NO2NO3 vs COG0068
2025-03-11 19:15:15.099761 DEBUG::`geom_smooth()` using formula = 'y ~ x'
2025-03-11 19:15:15.146736 INFO::Creating scatter plot for continuous data, log_NO2NO3 vs COG2859
2025-03-11 19:15:15.452578 DEBUG::`geom_smooth()` using formula = 'y ~ x'
2025-03-11 19:15:15.468728 INFO::Creating scatter plot for continuous data, log_NO2NO3 vs COG3702
2025-03-11 19:15:15.765064 DEBUG::`geom_smooth()` using formula = 'y ~ x'
2025-03-11 19:15:15.782485 INFO::Creating scatter plot for continuous data, log_NO2NO3 vs COG3932
2025-03-11 19:15:16.070668 DEBUG::`geom_smooth()` using formula = 'y ~ x'
2025-03-11 19:15:16.086131 INFO::Creating scatter plot for continuous data, log_NO2NO3 vs COG3179
2025-03-11 19:15:16.412569 DEBUG::`geom_smooth()` using formula = 'y ~ x'
2025-03-11 19:15:16.42432 INFO::Creating scatter plot for continuous data, log_NO2NO3 vs COG3386
2025-03-11 19:15:16.713512 DEBUG::`geom_smooth()` using formula = 'y ~ x'
2025-03-11 19:15:16.72908 INFO::Creating scatter plot for continuous data, log_NO2NO3 vs COG2130
2025-03-11 19:15:17.017459 DEBUG::`geom_smooth()` using formula = 'y ~ x'
2025-03-11 19:15:17.032689 INFO::Creating scatter plot for continuous data, log_NO2NO3 vs COG5489
2025-03-11 19:15:17.349565 DEBUG::`geom_smooth()` using formula = 'y ~ x'
2025-03-11 19:15:17.365033 INFO::Creating scatter plot for continuous data, log_NO2NO3 vs COG0152
2025-03-11 19:15:17.648176 DEBUG::`geom_smooth()` using formula = 'y ~ x'
2025-03-11 19:15:17.662862 INFO::Creating scatter plot for continuous data, log_NO2NO3 vs COG2075
2025-03-11 19:15:17.962768 DEBUG::`geom_smooth()` using formula = 'y ~ x'
2025-03-11 19:15:17.982772 INFO::Creating scatter plot for continuous data, log_NO2NO3 vs COG3313
2025-03-11 19:15:18.303768 DEBUG::`geom_smooth()` using formula = 'y ~ x'
2025-03-11 19:15:18.319322 INFO::Creating scatter plot for continuous data, log_NO2NO3 vs COG3423
2025-03-11 19:15:18.627008 DEBUG::`geom_smooth()` using formula = 'y ~ x'
2025-03-11 19:15:18.641189 INFO::Creating scatter plot for continuous data, log_NO2NO3 vs COG3649
2025-03-11 19:15:18.93014 DEBUG::`geom_smooth()` using formula = 'y ~ x'
2025-03-11 19:15:18.945294 INFO::Creating scatter plot for continuous data, log_NO2NO3 vs COG4603
2025-03-11 19:15:19.239461 DEBUG::`geom_smooth()` using formula = 'y ~ x'
2025-03-11 19:15:19.249434 INFO::Creating scatter plot for continuous data, log_NO2NO3 vs COG4757
2025-03-11 19:15:19.574127 DEBUG::`geom_smooth()` using formula = 'y ~ x'
2025-03-11 19:15:19.589084 INFO::Creating scatter plot for continuous data, log_NO2NO3 vs COG0265
2025-03-11 19:15:19.870529 DEBUG::`geom_smooth()` using formula = 'y ~ x'
2025-03-11 19:15:19.88693 INFO::Creating scatter plot for continuous data, log_NO2NO3 vs COG5412
2025-03-11 19:15:20.189997 DEBUG::`geom_smooth()` using formula = 'y ~ x'
2025-03-11 19:15:20.210158 INFO::Creating scatter plot for continuous data, log_NO2NO3 vs COG0184
2025-03-11 19:15:20.532385 DEBUG::`geom_smooth()` using formula = 'y ~ x'
2025-03-11 19:15:20.556141 INFO::Creating scatter plot for continuous data, log_NO2NO3 vs COG2971
2025-03-11 19:15:20.854146 DEBUG::`geom_smooth()` using formula = 'y ~ x'
2025-03-11 19:15:20.868342 INFO::Creating scatter plot for continuous data, log_NO2NO3 vs COG4872
2025-03-11 19:15:21.165319 DEBUG::`geom_smooth()` using formula = 'y ~ x'
2025-03-11 19:15:21.178519 INFO::Creating scatter plot for continuous data, log_NO2NO3 vs COG1571
2025-03-11 19:15:21.501994 DEBUG::`geom_smooth()` using formula = 'y ~ x'
2025-03-11 19:15:21.516709 INFO::Creating scatter plot for continuous data, log_NO2NO3 vs COG5495
2025-03-11 19:15:21.799644 DEBUG::`geom_smooth()` using formula = 'y ~ x'
2025-03-11 19:15:21.814495 INFO::Creating scatter plot for continuous data, log_NO2NO3 vs COG0664
2025-03-11 19:15:22.112938 DEBUG::`geom_smooth()` using formula = 'y ~ x'
2025-03-11 19:15:22.207508 INFO::Creating scatter plot for continuous data, log_NO2NO3 vs COG4281
2025-03-11 19:15:22.52293 DEBUG::`geom_smooth()` using formula = 'y ~ x'
2025-03-11 19:15:22.538839 INFO::Creating scatter plot for continuous data, log_NO2NO3 vs COG3109
2025-03-11 19:15:22.838035 DEBUG::`geom_smooth()` using formula = 'y ~ x'
2025-03-11 19:15:22.853505 INFO::Creating scatter plot for continuous data, log_NO2NO3 vs COG0675
2025-03-11 19:15:23.153517 DEBUG::`geom_smooth()` using formula = 'y ~ x'
2025-03-11 19:15:23.170267 INFO::Creating scatter plot for continuous data, log_NO2NO3 vs COG1199
2025-03-11 19:15:23.454922 DEBUG::`geom_smooth()` using formula = 'y ~ x'
2025-03-11 19:15:23.470367 INFO::Creating scatter plot for continuous data, log_NO2NO3 vs COG2948
2025-03-11 19:15:23.794595 DEBUG::`geom_smooth()` using formula = 'y ~ x'
2025-03-11 19:15:23.808116 INFO::Creating scatter plot for continuous data, log_NO2NO3 vs COG1631
2025-03-11 19:15:24.089763 DEBUG::`geom_smooth()` using formula = 'y ~ x'
2025-03-11 19:15:24.10442 INFO::Creating scatter plot for continuous data, log_NO2NO3 vs COG0553
2025-03-11 19:15:24.390509 DEBUG::`geom_smooth()` using formula = 'y ~ x'
2025-03-11 19:15:24.405503 INFO::Creating scatter plot for continuous data, log_NO2NO3 vs COG0038
2025-03-11 19:15:24.861448 DEBUG::`geom_smooth()` using formula = 'y ~ x'
2025-03-11 19:15:24.874739 INFO::Creating scatter plot for continuous data, log_NO2NO3 vs COG0030
2025-03-11 19:15:25.157401 DEBUG::`geom_smooth()` using formula = 'y ~ x'
2025-03-11 19:15:25.179603 INFO::Creating scatter plot for continuous data, log_NO2NO3 vs COG3546
2025-03-11 19:15:25.607351 DEBUG::`geom_smooth()` using formula = 'y ~ x'
2025-03-11 19:15:25.624964 INFO::Creating scatter plot for continuous data, log_NO2NO3 vs COG2089
2025-03-11 19:15:25.966202 DEBUG::`geom_smooth()` using formula = 'y ~ x'
2025-03-11 19:15:25.981913 INFO::Creating scatter plot for continuous data, log_NO2NO3 vs COG3529
2025-03-11 19:15:26.277386 DEBUG::`geom_smooth()` using formula = 'y ~ x'
2025-03-11 19:15:26.291528 INFO::Creating scatter plot for continuous data, log_NO2NO3 vs COG4536
2025-03-11 19:15:26.589579 DEBUG::`geom_smooth()` using formula = 'y ~ x'
2025-03-11 19:15:26.604692 INFO::Creating scatter plot for continuous data, log_NO2NO3 vs COG1151
2025-03-11 19:15:26.925346 DEBUG::`geom_smooth()` using formula = 'y ~ x'
2025-03-11 19:15:26.940752 INFO::Creating scatter plot for continuous data, log_NO2NO3 vs COG2511
2025-03-11 19:15:27.228131 DEBUG::`geom_smooth()` using formula = 'y ~ x'
2025-03-11 19:15:27.24301 INFO::Creating scatter plot for continuous data, log_NO2NO3 vs COG0557
2025-03-11 19:15:27.539194 DEBUG::`geom_smooth()` using formula = 'y ~ x'
2025-03-11 19:15:27.557451 INFO::Creating scatter plot for continuous data, log_NO2NO3 vs COG4538
2025-03-11 19:15:27.886951 DEBUG::`geom_smooth()` using formula = 'y ~ x'
2025-03-11 19:15:27.908466 INFO::Creating scatter plot for continuous data, log_NO2NO3 vs COG4551
2025-03-11 19:15:28.341631 DEBUG::`geom_smooth()` using formula = 'y ~ x'
2025-03-11 19:15:28.361582 INFO::Creating scatter plot for continuous data, log_NO2NO3 vs COG3915
2025-03-11 19:15:28.683041 DEBUG::`geom_smooth()` using formula = 'y ~ x'
2025-03-11 19:15:28.70984 INFO::Creating scatter plot for continuous data, log_NO2NO3 vs COG3505
2025-03-11 19:15:29.000693 DEBUG::`geom_smooth()` using formula = 'y ~ x'
2025-03-11 19:15:29.015425 INFO::Creating scatter plot for continuous data, log_NO2NO3 vs COG4785
2025-03-11 19:15:29.341199 DEBUG::`geom_smooth()` using formula = 'y ~ x'
2025-03-11 19:15:29.355787 INFO::Creating scatter plot for continuous data, log_NO2NO3 vs COG4929
2025-03-11 19:15:29.644179 DEBUG::`geom_smooth()` using formula = 'y ~ x'
2025-03-11 19:15:29.657306 INFO::Creating scatter plot for continuous data, log_NO2NO3 vs COG1491
2025-03-11 19:15:29.945119 DEBUG::`geom_smooth()` using formula = 'y ~ x'
2025-03-11 19:15:29.96036 INFO::Creating scatter plot for continuous data, log_NO2NO3 vs COG2335
2025-03-11 19:15:30.289297 DEBUG::`geom_smooth()` using formula = 'y ~ x'
2025-03-11 19:15:30.3316 INFO::Creating scatter plot for continuous data, log_NO2NO3 vs COG3903
2025-03-11 19:15:30.712894 DEBUG::`geom_smooth()` using formula = 'y ~ x'
2025-03-11 19:15:30.728743 INFO::Creating scatter plot for continuous data, log_NO2NO3 vs COG3970
2025-03-11 19:15:31.022379 DEBUG::`geom_smooth()` using formula = 'y ~ x'
2025-03-11 19:15:31.041672 INFO::Creating scatter plot for continuous data, log_NO2NO3 vs COG3806
2025-03-11 19:15:31.367718 DEBUG::`geom_smooth()` using formula = 'y ~ x'
2025-03-11 19:15:31.374614 INFO::Creating scatter plot for continuous data, log_NO2NO3 vs COG1035
2025-03-11 19:15:31.669318 DEBUG::`geom_smooth()` using formula = 'y ~ x'
2025-03-11 19:15:31.683295 INFO::Creating scatter plot for continuous data, log_NO2NO3 vs COG4145
2025-03-11 19:15:31.968027 DEBUG::`geom_smooth()` using formula = 'y ~ x'
2025-03-11 19:15:31.983274 INFO::Creating scatter plot for continuous data, log_NO2NO3 vs COG1215
2025-03-11 19:15:32.307155 DEBUG::`geom_smooth()` using formula = 'y ~ x'
2025-03-11 19:15:32.322508 INFO::Creating scatter plot for continuous data, log_NO2NO3 vs COG3851
2025-03-11 19:15:32.601366 DEBUG::`geom_smooth()` using formula = 'y ~ x'
2025-03-11 19:15:32.616433 INFO::Creating scatter plot for continuous data, log_NO2NO3 vs COG4924
2025-03-11 19:15:32.917694 DEBUG::`geom_smooth()` using formula = 'y ~ x'
2025-03-11 19:15:32.980646 INFO::Creating scatter plot for continuous data, log_NO2NO3 vs COG4867
2025-03-11 19:15:33.302374 DEBUG::`geom_smooth()` using formula = 'y ~ x'
2025-03-11 19:15:33.464985 INFO::Creating scatter plot for continuous data, log_NO2NO3 vs COG1312
2025-03-11 19:15:33.756501 DEBUG::`geom_smooth()` using formula = 'y ~ x'
2025-03-11 19:15:33.772576 INFO::Creating scatter plot for continuous data, log_NO2NO3 vs COG2053
2025-03-11 19:15:34.060399 DEBUG::`geom_smooth()` using formula = 'y ~ x'
2025-03-11 19:15:34.075193 INFO::Creating scatter plot for continuous data, log_NO2NO3 vs COG3931
2025-03-11 19:15:34.412412 DEBUG::`geom_smooth()` using formula = 'y ~ x'
2025-03-11 19:15:34.427747 INFO::Creating scatter plot for continuous data, log_NO2NO3 vs COG0319
2025-03-11 19:15:34.734965 DEBUG::`geom_smooth()` using formula = 'y ~ x'
2025-03-11 19:15:34.750135 INFO::Creating scatter plot for continuous data, log_NO2NO3 vs COG1997
2025-03-11 19:15:35.046995 DEBUG::`geom_smooth()` using formula = 'y ~ x'
2025-03-11 19:15:35.061791 INFO::Creating scatter plot for continuous data, log_NO2NO3 vs COG4190
2025-03-11 19:15:35.382478 DEBUG::`geom_smooth()` using formula = 'y ~ x'
2025-03-11 19:15:35.42434 INFO::Creating scatter plot for continuous data, log_NO2NO3 vs COG3830
2025-03-11 19:15:35.876217 DEBUG::`geom_smooth()` using formula = 'y ~ x'
2025-03-11 19:15:35.897473 INFO::Creating scatter plot for continuous data, log_NO2NO3 vs COG0158
2025-03-11 19:15:36.313067 DEBUG::`geom_smooth()` using formula = 'y ~ x'
2025-03-11 19:15:36.332519 INFO::Creating scatter plot for continuous data, log_NO2NO3 vs COG0223
2025-03-11 19:15:36.732092 DEBUG::`geom_smooth()` using formula = 'y ~ x'
2025-03-11 19:15:36.748492 INFO::Creating scatter plot for continuous data, log_NO2NO3 vs COG0073
2025-03-11 19:15:37.056528 DEBUG::`geom_smooth()` using formula = 'y ~ x'
2025-03-11 19:15:37.070982 INFO::Creating scatter plot for continuous data, log_NO2NO3 vs COG3144
2025-03-11 19:15:37.356276 DEBUG::`geom_smooth()` using formula = 'y ~ x'
2025-03-11 19:15:37.371313 INFO::Creating scatter plot for continuous data, log_NO2NO3 vs COG3706
2025-03-11 19:15:37.69592 DEBUG::`geom_smooth()` using formula = 'y ~ x'
2025-03-11 19:15:37.715935 INFO::Creating scatter plot for continuous data, log_NO2NO3 vs COG3422
2025-03-11 19:15:38.03509 DEBUG::`geom_smooth()` using formula = 'y ~ x'
2025-03-11 19:15:38.049921 INFO::Creating scatter plot for continuous data, log_NO2NO3 vs COG2056
2025-03-11 19:15:38.330778 DEBUG::`geom_smooth()` using formula = 'y ~ x'
2025-03-11 19:15:38.500327 INFO::Creating scatter plot for continuous data, log_NO2NO3 vs COG1280
2025-03-11 19:15:38.828125 DEBUG::`geom_smooth()` using formula = 'y ~ x'
2025-03-11 19:15:38.844875 INFO::Creating scatter plot for continuous data, log_NO2NO3 vs COG3342
2025-03-11 19:15:39.161484 DEBUG::`geom_smooth()` using formula = 'y ~ x'
2025-03-11 19:15:39.181161 INFO::Creating scatter plot for continuous data, log_NO2NO3 vs COG2111
2025-03-11 19:15:39.464056 DEBUG::`geom_smooth()` using formula = 'y ~ x'
2025-03-11 19:15:39.479465 INFO::Creating scatter plot for continuous data, log_NO2NO3 vs COG1461
2025-03-11 19:15:39.765497 DEBUG::`geom_smooth()` using formula = 'y ~ x'
2025-03-11 19:15:39.78114 INFO::Creating scatter plot for continuous data, log_NO2NO3 vs COG4336
2025-03-11 19:15:40.098436 DEBUG::`geom_smooth()` using formula = 'y ~ x'
2025-03-11 19:15:40.113771 INFO::Creating scatter plot for continuous data, log_NO2NO3 vs COG3152
2025-03-11 19:15:40.393427 DEBUG::`geom_smooth()` using formula = 'y ~ x'
2025-03-11 19:15:40.408426 INFO::Creating scatter plot for continuous data, log_NO2NO3 vs COG4633
2025-03-11 19:15:40.743292 DEBUG::`geom_smooth()` using formula = 'y ~ x'
2025-03-11 19:15:40.767154 INFO::Creating scatter plot for continuous data, log_NO2NO3 vs COG5343
2025-03-11 19:15:41.067322 DEBUG::`geom_smooth()` using formula = 'y ~ x'
2025-03-11 19:15:41.082867 INFO::Creating scatter plot for continuous data, log_NO2NO3 vs COG4705
2025-03-11 19:15:41.406454 DEBUG::`geom_smooth()` using formula = 'y ~ x'
2025-03-11 19:15:41.424027 INFO::Creating scatter plot for continuous data, log_NO2NO3 vs COG5529
2025-03-11 19:15:41.725508 DEBUG::`geom_smooth()` using formula = 'y ~ x'
2025-03-11 19:15:41.740777 INFO::Creating scatter plot for continuous data, log_NO2NO3 vs COG1940
2025-03-11 19:15:42.030656 DEBUG::`geom_smooth()` using formula = 'y ~ x'
2025-03-11 19:15:42.042223 INFO::Creating scatter plot for continuous data, log_NO2NO3 vs COG0602
2025-03-11 19:15:42.371018 DEBUG::`geom_smooth()` using formula = 'y ~ x'
2025-03-11 19:15:42.386065 INFO::Creating scatter plot for continuous data, log_NO2NO3 vs COG2870
2025-03-11 19:15:42.668297 DEBUG::`geom_smooth()` using formula = 'y ~ x'
2025-03-11 19:15:42.684052 INFO::Creating scatter plot for continuous data, log_NO2NO3 vs COG2382
2025-03-11 19:15:43.0914 DEBUG::`geom_smooth()` using formula = 'y ~ x'
2025-03-11 19:15:43.107211 INFO::Creating scatter plot for continuous data, log_NO2NO3 vs COG0672
2025-03-11 19:15:43.441395 DEBUG::`geom_smooth()` using formula = 'y ~ x'
2025-03-11 19:15:43.462244 INFO::Creating scatter plot for continuous data, log_NO2NO3 vs COG1736
2025-03-11 19:15:43.813958 DEBUG::`geom_smooth()` using formula = 'y ~ x'
2025-03-11 19:15:43.831101 INFO::Creating scatter plot for continuous data, log_NO2NO3 vs COG3858
2025-03-11 19:15:44.126232 DEBUG::`geom_smooth()` using formula = 'y ~ x'
2025-03-11 19:15:44.141114 INFO::Creating scatter plot for continuous data, log_NO2NO3 vs COG1913
2025-03-11 19:15:44.466094 DEBUG::`geom_smooth()` using formula = 'y ~ x'
2025-03-11 19:15:44.48171 INFO::Creating scatter plot for continuous data, log_NO2NO3 vs COG1111
2025-03-11 19:15:44.778619 DEBUG::`geom_smooth()` using formula = 'y ~ x'
2025-03-11 19:15:44.791078 INFO::Creating scatter plot for continuous data, log_NO2NO3 vs COG3059
2025-03-11 19:15:45.08211 DEBUG::`geom_smooth()` using formula = 'y ~ x'
2025-03-11 19:15:45.103165 INFO::Creating scatter plot for continuous data, log_NO2NO3 vs COG4424
2025-03-11 19:15:45.401058 DEBUG::`geom_smooth()` using formula = 'y ~ x'
2025-03-11 19:15:45.416043 INFO::Creating scatter plot for continuous data, log_NO2NO3 vs COG3544
2025-03-11 19:15:45.745099 DEBUG::`geom_smooth()` using formula = 'y ~ x'
2025-03-11 19:15:45.764472 INFO::Creating scatter plot for continuous data, log_NO2NO3 vs COG4146
2025-03-11 19:15:46.055268 DEBUG::`geom_smooth()` using formula = 'y ~ x'
2025-03-11 19:15:46.079755 INFO::Creating scatter plot for continuous data, log_NO2NO3 vs COG1890
2025-03-11 19:15:46.370817 DEBUG::`geom_smooth()` using formula = 'y ~ x'
2025-03-11 19:15:46.386209 INFO::Creating scatter plot for continuous data, log_NO2NO3 vs COG1274
2025-03-11 19:15:46.710699 DEBUG::`geom_smooth()` using formula = 'y ~ x'
2025-03-11 19:15:46.726175 INFO::Creating scatter plot for continuous data, log_NO2NO3 vs COG2905
2025-03-11 19:15:47.011006 DEBUG::`geom_smooth()` using formula = 'y ~ x'
2025-03-11 19:15:47.025939 INFO::Creating scatter plot for continuous data, log_NO2NO3 vs COG1537
2025-03-11 19:15:47.316005 DEBUG::`geom_smooth()` using formula = 'y ~ x'
2025-03-11 19:15:47.329655 INFO::Creating scatter plot for continuous data, log_NO2NO3 vs COG2274
2025-03-11 19:15:47.644393 DEBUG::`geom_smooth()` using formula = 'y ~ x'
2025-03-11 19:15:47.659847 INFO::Creating scatter plot for continuous data, log_NO2NO3 vs COG3607
2025-03-11 19:15:47.966696 DEBUG::`geom_smooth()` using formula = 'y ~ x'
2025-03-11 19:15:47.983532 INFO::Creating scatter plot for continuous data, log_NO2NO3 vs COG0189
2025-03-11 19:15:48.271933 DEBUG::`geom_smooth()` using formula = 'y ~ x'
2025-03-11 19:15:48.291944 INFO::Creating scatter plot for continuous data, log_NO2NO3 vs COG4850
2025-03-11 19:15:48.625077 DEBUG::`geom_smooth()` using formula = 'y ~ x'
2025-03-11 19:15:48.644449 INFO::Creating scatter plot for continuous data, log_NO2NO3 vs COG2890
2025-03-11 19:15:48.927636 DEBUG::`geom_smooth()` using formula = 'y ~ x'
2025-03-11 19:15:48.94253 INFO::Creating scatter plot for continuous data, log_NO2NO3 vs COG2229
2025-03-11 19:15:49.233873 DEBUG::`geom_smooth()` using formula = 'y ~ x'
2025-03-11 19:15:49.24934 INFO::Creating scatter plot for continuous data, log_NO2NO3 vs COG3237
2025-03-11 19:15:49.569541 DEBUG::`geom_smooth()` using formula = 'y ~ x'
2025-03-11 19:15:49.584331 INFO::Creating scatter plot for continuous data, log_NO2NO3 vs COG2201
2025-03-11 19:15:49.876328 DEBUG::`geom_smooth()` using formula = 'y ~ x'
2025-03-11 19:15:49.891349 INFO::Creating scatter plot for continuous data, log_NO2NO3 vs COG4942
2025-03-11 19:15:50.179713 DEBUG::`geom_smooth()` using formula = 'y ~ x'
2025-03-11 19:15:50.192373 INFO::Creating scatter plot for continuous data, log_NO2NO3 vs COG0166
2025-03-11 19:15:50.497124 DEBUG::`geom_smooth()` using formula = 'y ~ x'
2025-03-11 19:15:50.512285 INFO::Creating scatter plot for continuous data, log_NO2NO3 vs COG0410
2025-03-11 19:15:51.057387 DEBUG::`geom_smooth()` using formula = 'y ~ x'
2025-03-11 19:15:51.083122 INFO::Creating scatter plot for continuous data, log_NO2NO3 vs COG0144
2025-03-11 19:15:51.381787 DEBUG::`geom_smooth()` using formula = 'y ~ x'
2025-03-11 19:15:51.410492 INFO::Creating scatter plot for continuous data, log_NO2NO3 vs COG1129
2025-03-11 19:15:51.710046 DEBUG::`geom_smooth()` using formula = 'y ~ x'
2025-03-11 19:15:51.724677 INFO::Creating scatter plot for continuous data, log_NO2NO3 vs COG1733
2025-03-11 19:15:52.048319 DEBUG::`geom_smooth()` using formula = 'y ~ x'
2025-03-11 19:15:52.063286 INFO::Creating scatter plot for continuous data, log_NO2NO3 vs COG5565
2025-03-11 19:15:52.343237 DEBUG::`geom_smooth()` using formula = 'y ~ x'
2025-03-11 19:15:52.358085 INFO::Creating scatter plot for continuous data, log_NO2NO3 vs COG5108
2025-03-11 19:15:52.658258 DEBUG::`geom_smooth()` using formula = 'y ~ x'
2025-03-11 19:15:52.673327 INFO::Creating scatter plot for continuous data, log_NO2NO3 vs COG4448
2025-03-11 19:15:53.008359 DEBUG::`geom_smooth()` using formula = 'y ~ x'
2025-03-11 19:15:53.026336 INFO::Creating scatter plot for continuous data, log_NO2NO3 vs COG5314
2025-03-11 19:15:53.306884 DEBUG::`geom_smooth()` using formula = 'y ~ x'
2025-03-11 19:15:53.325417 INFO::Creating scatter plot for continuous data, log_NO2NO3 vs COG2451
2025-03-11 19:15:53.626078 DEBUG::`geom_smooth()` using formula = 'y ~ x'
2025-03-11 19:15:53.641274 INFO::Creating scatter plot for continuous data, log_NO2NO3 vs COG3819
2025-03-11 19:15:53.97586 DEBUG::`geom_smooth()` using formula = 'y ~ x'
2025-03-11 19:15:53.991067 INFO::Creating scatter plot for continuous data, log_NO2NO3 vs COG0744
2025-03-11 19:15:54.272589 DEBUG::`geom_smooth()` using formula = 'y ~ x'
2025-03-11 19:15:54.287924 INFO::Creating scatter plot for continuous data, log_NO2NO3 vs COG1594
2025-03-11 19:15:54.57383 DEBUG::`geom_smooth()` using formula = 'y ~ x'
2025-03-11 19:15:54.584779 INFO::Creating scatter plot for continuous data, log_NO2NO3 vs COG1394
2025-03-11 19:15:54.907045 DEBUG::`geom_smooth()` using formula = 'y ~ x'
2025-03-11 19:15:54.922065 INFO::Creating scatter plot for continuous data, log_NO2NO3 vs COG3832
2025-03-11 19:15:55.214683 DEBUG::`geom_smooth()` using formula = 'y ~ x'
2025-03-11 19:15:55.226578 INFO::Creating scatter plot for continuous data, log_NO2NO3 vs COG4308
2025-03-11 19:15:55.528071 DEBUG::`geom_smooth()` using formula = 'y ~ x'
2025-03-11 19:15:55.542523 INFO::Creating scatter plot for continuous data, log_NO2NO3 vs COG3303
2025-03-11 19:15:55.870392 DEBUG::`geom_smooth()` using formula = 'y ~ x'
2025-03-11 19:15:55.893253 INFO::Creating scatter plot for continuous data, log_NO2NO3 vs COG3278
2025-03-11 19:15:56.190937 DEBUG::`geom_smooth()` using formula = 'y ~ x'
2025-03-11 19:15:56.214188 INFO::Creating scatter plot for continuous data, log_NO2NO3 vs COG4962
2025-03-11 19:15:56.515347 DEBUG::`geom_smooth()` using formula = 'y ~ x'
2025-03-11 19:15:56.533853 INFO::Creating scatter plot for continuous data, log_NO2NO3 vs COG2097
2025-03-11 19:15:56.849163 DEBUG::`geom_smooth()` using formula = 'y ~ x'
2025-03-11 19:15:56.865131 INFO::Creating scatter plot for continuous data, log_NO2NO3 vs COG4767
2025-03-11 19:15:57.25468 DEBUG::`geom_smooth()` using formula = 'y ~ x'
2025-03-11 19:15:57.274182 INFO::Creating scatter plot for continuous data, log_NO2NO3 vs COG5472
2025-03-11 19:15:57.565625 DEBUG::`geom_smooth()` using formula = 'y ~ x'
2025-03-11 19:15:57.586704 INFO::Creating scatter plot for continuous data, log_NO2NO3 vs COG3133
2025-03-11 19:15:57.878373 DEBUG::`geom_smooth()` using formula = 'y ~ x'
2025-03-11 19:15:57.89695 INFO::Creating scatter plot for continuous data, log_NO2NO3 vs COG3669
2025-03-11 19:15:58.222952 DEBUG::`geom_smooth()` using formula = 'y ~ x'
2025-03-11 19:15:58.237688 INFO::Creating scatter plot for continuous data, log_NO2NO3 vs COG3283
2025-03-11 19:15:58.521115 DEBUG::`geom_smooth()` using formula = 'y ~ x'
2025-03-11 19:15:58.537627 INFO::Creating scatter plot for continuous data, log_NO2NO3 vs COG3375
2025-03-11 19:15:58.829634 DEBUG::`geom_smooth()` using formula = 'y ~ x'
2025-03-11 19:15:58.845086 INFO::Creating scatter plot for continuous data, log_NO2NO3 vs COG4795
2025-03-11 19:16:00.01372 DEBUG::`geom_smooth()` using formula = 'y ~ x'
2025-03-11 19:16:00.092431 INFO::Creating scatter plot for continuous data, log_NO2NO3 vs COG1267
2025-03-11 19:16:00.460677 DEBUG::`geom_smooth()` using formula = 'y ~ x'
2025-03-11 19:16:00.501208 INFO::Creating scatter plot for continuous data, log_NO2NO3 vs COG1658
2025-03-11 19:16:00.78722 DEBUG::`geom_smooth()` using formula = 'y ~ x'
2025-03-11 19:16:00.824258 INFO::Creating scatter plot for continuous data, log_NO2NO3 vs COG1644
2025-03-11 19:16:01.110657 DEBUG::`geom_smooth()` using formula = 'y ~ x'
2025-03-11 19:16:01.126346 INFO::Creating scatter plot for continuous data, log_NO2NO3 vs COG4274
2025-03-11 19:16:01.413815 DEBUG::`geom_smooth()` using formula = 'y ~ x'
2025-03-11 19:16:01.430228 INFO::Creating scatter plot for continuous data, log_NO2NO3 vs COG1806
2025-03-11 19:16:01.713144 DEBUG::`geom_smooth()` using formula = 'y ~ x'
2025-03-11 19:16:01.728543 INFO::Creating scatter plot for continuous data, log_NO2NO3 vs COG4606
2025-03-11 19:16:02.025078 DEBUG::`geom_smooth()` using formula = 'y ~ x'
2025-03-11 19:16:02.038518 INFO::Creating scatter plot for continuous data, log_NO2NO3 vs COG4264
2025-03-11 19:16:02.323533 DEBUG::`geom_smooth()` using formula = 'y ~ x'
2025-03-11 19:16:02.334937 INFO::Creating scatter plot for continuous data, log_NO2NO3 vs COG4152
2025-03-11 19:16:02.607338 DEBUG::`geom_smooth()` using formula = 'y ~ x'
2025-03-11 19:16:02.621941 INFO::Creating scatter plot for continuous data, log_NO2NO3 vs COG0066
2025-03-11 19:16:02.909889 DEBUG::`geom_smooth()` using formula = 'y ~ x'
2025-03-11 19:16:02.925931 INFO::Creating scatter plot for continuous data, log_NO2NO3 vs COG1245
2025-03-11 19:16:03.220017 DEBUG::`geom_smooth()` using formula = 'y ~ x'
2025-03-11 19:16:03.235106 INFO::Creating scatter plot for continuous data, log_NO2NO3 vs COG2320
2025-03-11 19:16:03.509927 DEBUG::`geom_smooth()` using formula = 'y ~ x'
2025-03-11 19:16:03.524779 INFO::Creating scatter plot for continuous data, log_NO2NO3 vs COG3184
2025-03-11 19:16:03.809052 DEBUG::`geom_smooth()` using formula = 'y ~ x'
2025-03-11 19:16:03.824183 INFO::Creating scatter plot for continuous data, log_NO2NO3 vs COG0412
2025-03-11 19:16:04.129172 DEBUG::`geom_smooth()` using formula = 'y ~ x'
2025-03-11 19:16:04.142596 INFO::Creating scatter plot for continuous data, log_NO2NO3 vs COG0175
2025-03-11 19:16:04.424334 DEBUG::`geom_smooth()` using formula = 'y ~ x'
2025-03-11 19:16:04.438787 INFO::Creating scatter plot for continuous data, log_NO2NO3 vs COG5419
2025-03-11 19:16:04.708592 DEBUG::`geom_smooth()` using formula = 'y ~ x'
2025-03-11 19:16:04.730472 INFO::Creating scatter plot for continuous data, log_NO2NO3 vs COG2502
2025-03-11 19:16:05.029675 DEBUG::`geom_smooth()` using formula = 'y ~ x'
2025-03-11 19:16:05.053779 INFO::Creating scatter plot for continuous data, log_NO2NO3 vs COG3744
2025-03-11 19:16:05.338991 DEBUG::`geom_smooth()` using formula = 'y ~ x'
2025-03-11 19:16:05.354481 INFO::Creating scatter plot for continuous data, log_NO2NO3 vs COG1163
2025-03-11 19:16:05.639268 DEBUG::`geom_smooth()` using formula = 'y ~ x'
2025-03-11 19:16:05.665258 INFO::Creating scatter plot for continuous data, log_NO2NO3 vs COG2047
2025-03-11 19:16:05.945907 DEBUG::`geom_smooth()` using formula = 'y ~ x'
2025-03-11 19:16:05.972332 INFO::Creating scatter plot for continuous data, log_NO2NO3 vs COG3161
2025-03-11 19:16:06.265295 DEBUG::`geom_smooth()` using formula = 'y ~ x'
2025-03-11 19:16:06.290297 INFO::Creating scatter plot for continuous data, log_NO2NO3 vs COG0701
2025-03-11 19:16:06.574272 DEBUG::`geom_smooth()` using formula = 'y ~ x'
2025-03-11 19:16:06.589143 INFO::Creating scatter plot for continuous data, log_NO2NO3 vs COG5642
2025-03-11 19:16:06.867355 DEBUG::`geom_smooth()` using formula = 'y ~ x'
2025-03-11 19:16:06.887594 INFO::Creating scatter plot for continuous data, log_NO2NO3 vs COG4964
2025-03-11 19:16:07.319075 DEBUG::`geom_smooth()` using formula = 'y ~ x'
2025-03-11 19:16:07.338826 INFO::Creating scatter plot for continuous data, log_NO2NO3 vs COG4887
2025-03-11 19:16:07.625952 DEBUG::`geom_smooth()` using formula = 'y ~ x'
2025-03-11 19:16:07.642497 INFO::Creating scatter plot for continuous data, log_NO2NO3 vs COG3243
2025-03-11 19:16:07.911684 DEBUG::`geom_smooth()` using formula = 'y ~ x'
2025-03-11 19:16:07.934691 INFO::Creating scatter plot for continuous data, log_NO2NO3 vs COG5646
2025-03-11 19:16:08.228126 DEBUG::`geom_smooth()` using formula = 'y ~ x'
2025-03-11 19:16:08.243449 INFO::Creating scatter plot for continuous data, log_NO2NO3 vs COG0441
2025-03-11 19:16:08.527829 DEBUG::`geom_smooth()` using formula = 'y ~ x'
2025-03-11 19:16:08.543658 INFO::Creating scatter plot for continuous data, log_NO2NO3 vs COG3154
2025-03-11 19:16:08.814876 DEBUG::`geom_smooth()` using formula = 'y ~ x'
2025-03-11 19:16:08.829735 INFO::Creating scatter plot for continuous data, log_NO2NO3 vs COG0537
2025-03-11 19:16:09.107037 DEBUG::`geom_smooth()` using formula = 'y ~ x'
2025-03-11 19:16:09.132862 INFO::Creating scatter plot for continuous data, log_NO2NO3 vs COG4665
2025-03-11 19:16:09.423303 DEBUG::`geom_smooth()` using formula = 'y ~ x'
2025-03-11 19:16:09.438749 INFO::Creating scatter plot for continuous data, log_NO2NO3 vs COG1749
2025-03-11 19:16:09.878429 DEBUG::`geom_smooth()` using formula = 'y ~ x'
2025-03-11 19:16:09.894899 INFO::Creating scatter plot for continuous data, log_NO2NO3 vs COG2414
2025-03-11 19:16:10.180626 DEBUG::`geom_smooth()` using formula = 'y ~ x'
2025-03-11 19:16:10.202261 INFO::Creating scatter plot for continuous data, log_NO2NO3 vs COG1775
2025-03-11 19:16:10.495775 DEBUG::`geom_smooth()` using formula = 'y ~ x'
2025-03-11 19:16:10.510866 INFO::Creating scatter plot for continuous data, log_NO2NO3 vs COG4720
2025-03-11 19:16:10.791449 DEBUG::`geom_smooth()` using formula = 'y ~ x'
2025-03-11 19:16:10.861128 INFO::Creating scatter plot for continuous data, log_NO2NO3 vs COG1719
2025-03-11 19:16:11.141703 DEBUG::`geom_smooth()` using formula = 'y ~ x'
2025-03-11 19:16:11.15747 INFO::Creating scatter plot for continuous data, log_NO2NO3 vs COG3733
2025-03-11 19:16:11.453788 DEBUG::`geom_smooth()` using formula = 'y ~ x'
2025-03-11 19:16:11.47733 INFO::Creating scatter plot for continuous data, log_NO2NO3 vs COG0150
2025-03-11 19:16:11.758399 DEBUG::`geom_smooth()` using formula = 'y ~ x'
2025-03-11 19:16:11.773774 INFO::Creating scatter plot for continuous data, log_NO2NO3 vs COG1497
2025-03-11 19:16:12.041745 DEBUG::`geom_smooth()` using formula = 'y ~ x'
2025-03-11 19:16:12.05847 INFO::Creating scatter plot for continuous data, log_NO2NO3 vs COG2094
2025-03-11 19:16:12.380179 DEBUG::`geom_smooth()` using formula = 'y ~ x'
2025-03-11 19:16:12.395192 INFO::Creating scatter plot for continuous data, log_NO2NO3 vs COG3726
2025-03-11 19:16:12.672294 DEBUG::`geom_smooth()` using formula = 'y ~ x'
2025-03-11 19:16:12.693112 INFO::Creating scatter plot for continuous data, log_NO2NO3 vs COG5050
2025-03-11 19:16:12.970771 DEBUG::`geom_smooth()` using formula = 'y ~ x'
2025-03-11 19:16:12.985909 INFO::Creating scatter plot for continuous data, log_NO2NO3 vs COG1229
2025-03-11 19:16:13.281321 DEBUG::`geom_smooth()` using formula = 'y ~ x'
2025-03-11 19:16:13.293867 INFO::Creating scatter plot for continuous data, log_NO2NO3 vs COG1334
2025-03-11 19:16:13.601527 DEBUG::`geom_smooth()` using formula = 'y ~ x'
2025-03-11 19:16:13.617219 INFO::Creating scatter plot for continuous data, log_NO2NO3 vs COG3268
2025-03-11 19:16:13.888683 DEBUG::`geom_smooth()` using formula = 'y ~ x'
2025-03-11 19:16:13.900469 INFO::Creating scatter plot for continuous data, log_NO2NO3 vs COG0533
2025-03-11 19:16:14.187827 DEBUG::`geom_smooth()` using formula = 'y ~ x'
2025-03-11 19:16:14.203923 INFO::Creating scatter plot for continuous data, log_NO2NO3 vs COG2869
2025-03-11 19:16:14.491087 DEBUG::`geom_smooth()` using formula = 'y ~ x'
2025-03-11 19:16:14.505744 INFO::Creating scatter plot for continuous data, log_NO2NO3 vs COG3668
2025-03-11 19:16:14.77926 DEBUG::`geom_smooth()` using formula = 'y ~ x'
2025-03-11 19:16:14.795952 INFO::Creating scatter plot for continuous data, log_NO2NO3 vs COG2425
2025-03-11 19:16:15.062731 DEBUG::`geom_smooth()` using formula = 'y ~ x'
2025-03-11 19:16:15.080932 INFO::Creating scatter plot for continuous data, log_NO2NO3 vs COG1369
2025-03-11 19:16:15.363138 DEBUG::`geom_smooth()` using formula = 'y ~ x'
2025-03-11 19:16:15.378823 INFO::Creating scatter plot for continuous data, log_NO2NO3 vs COG4890
2025-03-11 19:16:15.657935 DEBUG::`geom_smooth()` using formula = 'y ~ x'
2025-03-11 19:16:15.67259 INFO::Creating scatter plot for continuous data, log_NO2NO3 vs COG4549
2025-03-11 19:16:15.961519 DEBUG::`geom_smooth()` using formula = 'y ~ x'
2025-03-11 19:16:15.979183 INFO::Creating scatter plot for continuous data, log_NO2NO3 vs COG5267
2025-03-11 19:16:16.262096 DEBUG::`geom_smooth()` using formula = 'y ~ x'
2025-03-11 19:16:16.280937 INFO::Creating scatter plot for continuous data, log_NO2NO3 vs COG2513
2025-03-11 19:16:16.571517 DEBUG::`geom_smooth()` using formula = 'y ~ x'
2025-03-11 19:16:16.58738 INFO::Creating scatter plot for continuous data, log_NO2NO3 vs COG4138
2025-03-11 19:16:16.856184 DEBUG::`geom_smooth()` using formula = 'y ~ x'
2025-03-11 19:16:16.869174 INFO::Creating scatter plot for continuous data, log_NO2NO3 vs COG4815
2025-03-11 19:16:17.159243 DEBUG::`geom_smooth()` using formula = 'y ~ x'
2025-03-11 19:16:17.174148 INFO::Creating scatter plot for continuous data, log_NO2NO3 vs COG0061
2025-03-11 19:16:17.520467 DEBUG::`geom_smooth()` using formula = 'y ~ x'
2025-03-11 19:16:17.539193 INFO::Creating scatter plot for continuous data, log_NO2NO3 vs COG1307
2025-03-11 19:16:17.807777 DEBUG::`geom_smooth()` using formula = 'y ~ x'
2025-03-11 19:16:17.823411 INFO::Creating scatter plot for continuous data, log_NO2NO3 vs COG3773
2025-03-11 19:16:18.102424 DEBUG::`geom_smooth()` using formula = 'y ~ x'
2025-03-11 19:16:18.11843 INFO::Creating scatter plot for continuous data, log_NO2NO3 vs COG1359
2025-03-11 19:16:18.403821 DEBUG::`geom_smooth()` using formula = 'y ~ x'
2025-03-11 19:16:18.419207 INFO::Creating scatter plot for continuous data, log_NO2NO3 vs COG0155
2025-03-11 19:16:18.721003 DEBUG::`geom_smooth()` using formula = 'y ~ x'
2025-03-11 19:16:18.743919 INFO::Creating scatter plot for continuous data, log_NO2NO3 vs COG5383
2025-03-11 19:16:19.018323 DEBUG::`geom_smooth()` using formula = 'y ~ x'
2025-03-11 19:16:19.027484 INFO::Creating scatter plot for continuous data, log_NO2NO3 vs COG4701
2025-03-11 19:16:19.308852 DEBUG::`geom_smooth()` using formula = 'y ~ x'
2025-03-11 19:16:19.323946 INFO::Creating scatter plot for continuous data, log_NO2NO3 vs COG0070
2025-03-11 19:16:19.60049 DEBUG::`geom_smooth()` using formula = 'y ~ x'
2025-03-11 19:16:19.610735 INFO::Creating scatter plot for continuous data, log_NO2NO3 vs COG1599
2025-03-11 19:16:19.885591 DEBUG::`geom_smooth()` using formula = 'y ~ x'
2025-03-11 19:16:19.900329 INFO::Creating scatter plot for continuous data, log_NO2NO3 vs COG0327
2025-03-11 19:16:20.203178 DEBUG::`geom_smooth()` using formula = 'y ~ x'
2025-03-11 19:16:20.219281 INFO::Creating scatter plot for continuous data, log_NO2NO3 vs COG1512
2025-03-11 19:16:20.502126 DEBUG::`geom_smooth()` using formula = 'y ~ x'
2025-03-11 19:16:20.517177 INFO::Creating scatter plot for continuous data, log_NO2NO3 vs COG3013
2025-03-11 19:16:20.810068 DEBUG::`geom_smooth()` using formula = 'y ~ x'
2025-03-11 19:16:20.825392 INFO::Creating scatter plot for continuous data, log_NO2NO3 vs COG5485
2025-03-11 19:16:21.219218 DEBUG::`geom_smooth()` using formula = 'y ~ x'
2025-03-11 19:16:21.23593 INFO::Creating scatter plot for continuous data, log_NO2NO3 vs COG1825
2025-03-11 19:16:21.512494 DEBUG::`geom_smooth()` using formula = 'y ~ x'
2025-03-11 19:16:21.536015 INFO::Creating scatter plot for continuous data, log_NO2NO3 vs COG3566
2025-03-11 19:16:21.83442 DEBUG::`geom_smooth()` using formula = 'y ~ x'
2025-03-11 19:16:21.849612 INFO::Creating scatter plot for continuous data, log_NO2NO3 vs COG3057
2025-03-11 19:16:22.171478 DEBUG::`geom_smooth()` using formula = 'y ~ x'
2025-03-11 19:16:22.185818 INFO::Creating scatter plot for continuous data, log_NO2NO3 vs COG0820
2025-03-11 19:16:22.534918 DEBUG::`geom_smooth()` using formula = 'y ~ x'
2025-03-11 19:16:22.550949 INFO::Creating scatter plot for continuous data, log_NO2NO3 vs COG1632
2025-03-11 19:16:22.937122 DEBUG::`geom_smooth()` using formula = 'y ~ x'
2025-03-11 19:16:22.955098 INFO::Creating scatter plot for continuous data, log_NO2NO3 vs COG2842
2025-03-11 19:16:23.242177 DEBUG::`geom_smooth()` using formula = 'y ~ x'
2025-03-11 19:16:23.257659 INFO::Creating scatter plot for continuous data, log_NO2NO3 vs COG3118
2025-03-11 19:16:23.565164 DEBUG::`geom_smooth()` using formula = 'y ~ x'
2025-03-11 19:16:23.581284 INFO::Creating scatter plot for continuous data, log_NO2NO3 vs COG3131
2025-03-11 19:16:23.872673 DEBUG::`geom_smooth()` using formula = 'y ~ x'
2025-03-11 19:16:23.887672 INFO::Creating scatter plot for continuous data, log_NO2NO3 vs COG4638
2025-03-11 19:16:24.175512 DEBUG::`geom_smooth()` using formula = 'y ~ x'
2025-03-11 19:16:24.189718 INFO::Creating scatter plot for continuous data, log_NO2NO3 vs COG1263
2025-03-11 19:16:24.490371 DEBUG::`geom_smooth()` using formula = 'y ~ x'
2025-03-11 19:16:24.505418 INFO::Creating scatter plot for continuous data, log_NO2NO3 vs COG1471
2025-03-11 19:16:24.783617 DEBUG::`geom_smooth()` using formula = 'y ~ x'
2025-03-11 19:16:24.79791 INFO::Creating scatter plot for continuous data, log_NO2NO3 vs COG5527
2025-03-11 19:16:25.087489 DEBUG::`geom_smooth()` using formula = 'y ~ x'
2025-03-11 19:16:25.102396 INFO::Creating scatter plot for continuous data, log_NO2NO3 vs COG3290
2025-03-11 19:16:25.499985 DEBUG::`geom_smooth()` using formula = 'y ~ x'
2025-03-11 19:16:25.51962 INFO::Creating scatter plot for continuous data, log_NO2NO3 vs COG2610
2025-03-11 19:16:25.811752 DEBUG::`geom_smooth()` using formula = 'y ~ x'
2025-03-11 19:16:25.827367 INFO::Creating scatter plot for continuous data, log_NO2NO3 vs COG4636
2025-03-11 19:16:26.107609 DEBUG::`geom_smooth()` using formula = 'y ~ x'
2025-03-11 19:16:26.131226 INFO::Creating scatter plot for continuous data, log_NO2NO3 vs COG5511
2025-03-11 19:16:26.416273 DEBUG::`geom_smooth()` using formula = 'y ~ x'
2025-03-11 19:16:26.431517 INFO::Creating scatter plot for continuous data, log_NO2NO3 vs COG5459
2025-03-11 19:16:26.736098 DEBUG::`geom_smooth()` using formula = 'y ~ x'
2025-03-11 19:16:26.750182 INFO::Creating scatter plot for continuous data, log_NO2NO3 vs COG4823
2025-03-11 19:16:27.029082 DEBUG::`geom_smooth()` using formula = 'y ~ x'
2025-03-11 19:16:27.043821 INFO::Creating scatter plot for continuous data, log_NO2NO3 vs COG1292
2025-03-11 19:16:27.333334 DEBUG::`geom_smooth()` using formula = 'y ~ x'
2025-03-11 19:16:27.348016 INFO::Creating scatter plot for continuous data, log_NO2NO3 vs COG2042
2025-03-11 19:16:27.764208 DEBUG::`geom_smooth()` using formula = 'y ~ x'
2025-03-11 19:16:27.859246 INFO::Creating scatter plot for continuous data, log_NO2NO3 vs COG1428
2025-03-11 19:16:28.139328 DEBUG::`geom_smooth()` using formula = 'y ~ x'
2025-03-11 19:16:28.155349 INFO::Creating scatter plot for continuous data, log_NO2NO3 vs COG1900
2025-03-11 19:16:28.454295 DEBUG::`geom_smooth()` using formula = 'y ~ x'
2025-03-11 19:16:28.469442 INFO::Creating scatter plot for continuous data, log_NO2NO3 vs COG0165
2025-03-11 19:16:28.790349 DEBUG::`geom_smooth()` using formula = 'y ~ x'
2025-03-11 19:16:28.805642 INFO::Creating scatter plot for continuous data, log_NO2NO3 vs COG1264
2025-03-11 19:16:29.079253 DEBUG::`geom_smooth()` using formula = 'y ~ x'
2025-03-11 19:16:29.094514 INFO::Creating scatter plot for continuous data, log_NO2NO3 vs COG3213
2025-03-11 19:16:29.385686 DEBUG::`geom_smooth()` using formula = 'y ~ x'
2025-03-11 19:16:29.400838 INFO::Creating scatter plot for continuous data, log_NO2NO3 vs COG3942
2025-03-11 19:16:29.695308 DEBUG::`geom_smooth()` using formula = 'y ~ x'
2025-03-11 19:16:29.710462 INFO::Creating scatter plot for continuous data, log_NO2NO3 vs COG1909
2025-03-11 19:16:30.027527 DEBUG::`geom_smooth()` using formula = 'y ~ x'
2025-03-11 19:16:30.042389 INFO::Creating scatter plot for continuous data, log_NO2NO3 vs COG1335
2025-03-11 19:16:30.449428 DEBUG::`geom_smooth()` using formula = 'y ~ x'
2025-03-11 19:16:30.517524 INFO::Creating scatter plot for continuous data, log_NO2NO3 vs COG2237
2025-03-11 19:16:30.80275 DEBUG::`geom_smooth()` using formula = 'y ~ x'
2025-03-11 19:16:30.829514 INFO::Creating scatter plot for continuous data, log_NO2NO3 vs COG0626
2025-03-11 19:16:31.13249 DEBUG::`geom_smooth()` using formula = 'y ~ x'
2025-03-11 19:16:31.151303 INFO::Creating scatter plot for continuous data, log_NO2NO3 vs COG0115
2025-03-11 19:16:31.444841 DEBUG::`geom_smooth()` using formula = 'y ~ x'
2025-03-11 19:16:31.471483 INFO::Creating scatter plot for continuous data, log_NO2NO3 vs COG3975
2025-03-11 19:16:31.760525 DEBUG::`geom_smooth()` using formula = 'y ~ x'
2025-03-11 19:16:31.776225 INFO::Creating scatter plot for continuous data, log_NO2NO3 vs COG4314
2025-03-11 19:16:32.079467 DEBUG::`geom_smooth()` using formula = 'y ~ x'
2025-03-11 19:16:32.094849 INFO::Creating scatter plot for continuous data, log_NO2NO3 vs COG3545
2025-03-11 19:16:32.37996 DEBUG::`geom_smooth()` using formula = 'y ~ x'
2025-03-11 19:16:32.392974 INFO::Creating scatter plot for continuous data, log_NO2NO3 vs COG2235
2025-03-11 19:16:32.676538 DEBUG::`geom_smooth()` using formula = 'y ~ x'
2025-03-11 19:16:32.691031 INFO::Creating scatter plot for continuous data, log_NO2NO3 vs COG4960
2025-03-11 19:16:33.005635 DEBUG::`geom_smooth()` using formula = 'y ~ x'
2025-03-11 19:16:33.028048 INFO::Creating scatter plot for continuous data, log_NO2NO3 vs COG5274
2025-03-11 19:16:33.307184 DEBUG::`geom_smooth()` using formula = 'y ~ x'
2025-03-11 19:16:33.322063 INFO::Creating scatter plot for continuous data, log_NO2NO3 vs COG3758
2025-03-11 19:16:33.725172 DEBUG::`geom_smooth()` using formula = 'y ~ x'
2025-03-11 19:16:33.744509 INFO::Creating scatter plot for continuous data, log_NO2NO3 vs COG3764
2025-03-11 19:16:34.040091 DEBUG::`geom_smooth()` using formula = 'y ~ x'
2025-03-11 19:16:34.055759 INFO::Creating scatter plot for continuous data, log_NO2NO3 vs COG4386
2025-03-11 19:16:34.358086 DEBUG::`geom_smooth()` using formula = 'y ~ x'
2025-03-11 19:16:34.383867 INFO::Creating scatter plot for continuous data, log_NO2NO3 vs COG4455
2025-03-11 19:16:34.661465 DEBUG::`geom_smooth()` using formula = 'y ~ x'
2025-03-11 19:16:34.676917 INFO::Creating scatter plot for continuous data, log_NO2NO3 vs COG0076
2025-03-11 19:16:34.959052 DEBUG::`geom_smooth()` using formula = 'y ~ x'
2025-03-11 19:16:34.973144 INFO::Creating scatter plot for continuous data, log_NO2NO3 vs COG4894
2025-03-11 19:16:35.2726 DEBUG::`geom_smooth()` using formula = 'y ~ x'
2025-03-11 19:16:35.287467 INFO::Creating scatter plot for continuous data, log_NO2NO3 vs COG1155
2025-03-11 19:16:35.579435 DEBUG::`geom_smooth()` using formula = 'y ~ x'
2025-03-11 19:16:35.603261 INFO::Creating scatter plot for continuous data, log_NO2NO3 vs COG4133
2025-03-11 19:16:35.902717 DEBUG::`geom_smooth()` using formula = 'y ~ x'
2025-03-11 19:16:35.917668 INFO::Creating scatter plot for continuous data, log_NO2NO3 vs COG3782
2025-03-11 19:16:36.228708 DEBUG::`geom_smooth()` using formula = 'y ~ x'
2025-03-11 19:16:36.244761 INFO::Creating scatter plot for continuous data, log_NO2NO3 vs COG2161
2025-03-11 19:16:36.6554 DEBUG::`geom_smooth()` using formula = 'y ~ x'
2025-03-11 19:16:36.678174 INFO::Creating scatter plot for continuous data, log_NO2NO3 vs COG0551
2025-03-11 19:16:36.969251 DEBUG::`geom_smooth()` using formula = 'y ~ x'
2025-03-11 19:16:36.984842 INFO::Creating scatter plot for continuous data, log_NO2NO3 vs COG3452
2025-03-11 19:16:37.293499 DEBUG::`geom_smooth()` using formula = 'y ~ x'
2025-03-11 19:16:37.310894 INFO::Creating scatter plot for continuous data, log_NO2NO3 vs COG2197
2025-03-11 19:16:37.581495 DEBUG::`geom_smooth()` using formula = 'y ~ x'
2025-03-11 19:16:37.596706 INFO::Creating scatter plot for continuous data, log_NO2NO3 vs COG5380
2025-03-11 19:16:37.872093 DEBUG::`geom_smooth()` using formula = 'y ~ x'
2025-03-11 19:16:37.886405 INFO::Creating scatter plot for continuous data, log_NO2NO3 vs COG4130
2025-03-11 19:16:38.202001 DEBUG::`geom_smooth()` using formula = 'y ~ x'
2025-03-11 19:16:38.216498 INFO::Creating scatter plot for continuous data, log_NO2NO3 vs COG3404
2025-03-11 19:16:38.500987 DEBUG::`geom_smooth()` using formula = 'y ~ x'
2025-03-11 19:16:38.515203 INFO::Creating scatter plot for continuous data, log_NO2NO3 vs COG3793
2025-03-11 19:16:38.790745 DEBUG::`geom_smooth()` using formula = 'y ~ x'
2025-03-11 19:16:38.80525 INFO::Creating scatter plot for continuous data, log_NO2NO3 vs COG4330
2025-03-11 19:16:39.103346 DEBUG::`geom_smooth()` using formula = 'y ~ x'
2025-03-11 19:16:39.118297 INFO::Creating scatter plot for continuous data, log_NO2NO3 vs COG1389
2025-03-11 19:16:39.413853 DEBUG::`geom_smooth()` using formula = 'y ~ x'
2025-03-11 19:16:39.428615 INFO::Creating scatter plot for continuous data, log_NO2NO3 vs COG3809
2025-03-11 19:16:39.707735 DEBUG::`geom_smooth()` using formula = 'y ~ x'
2025-03-11 19:16:39.723127 INFO::Creating scatter plot for continuous data, log_NO2NO3 vs COG0190
2025-03-11 19:16:40.017702 DEBUG::`geom_smooth()` using formula = 'y ~ x'
2025-03-11 19:16:40.030154 INFO::Creating scatter plot for continuous data, log_NO2NO3 vs COG0488
2025-03-11 19:16:40.347495 DEBUG::`geom_smooth()` using formula = 'y ~ x'
2025-03-11 19:16:40.360061 INFO::Creating scatter plot for continuous data, log_NO2NO3 vs COG4143
2025-03-11 19:16:40.637298 DEBUG::`geom_smooth()` using formula = 'y ~ x'
2025-03-11 19:16:40.654716 INFO::Creating scatter plot for continuous data, log_NO2NO3 vs COG4875
2025-03-11 19:16:40.957261 DEBUG::`geom_smooth()` using formula = 'y ~ x'
2025-03-11 19:16:40.978323 INFO::Creating scatter plot for continuous data, log_NO2NO3 vs COG1106
2025-03-11 19:16:41.287642 DEBUG::`geom_smooth()` using formula = 'y ~ x'
2025-03-11 19:16:41.293479 INFO::Creating scatter plot for continuous data, log_NO2NO3 vs COG4948
2025-03-11 19:16:41.601955 DEBUG::`geom_smooth()` using formula = 'y ~ x'
2025-03-11 19:16:41.628383 INFO::Creating scatter plot for continuous data, log_NO2NO3 vs COG5401
2025-03-11 19:16:41.919395 DEBUG::`geom_smooth()` using formula = 'y ~ x'
2025-03-11 19:16:41.934629 INFO::Creating scatter plot for continuous data, log_NO2NO3 vs COG4784
2025-03-11 19:16:42.255906 DEBUG::`geom_smooth()` using formula = 'y ~ x'
2025-03-11 19:16:42.270231 INFO::Creating scatter plot for continuous data, log_NO2NO3 vs COG1298
2025-03-11 19:16:42.561013 DEBUG::`geom_smooth()` using formula = 'y ~ x'
2025-03-11 19:16:42.576093 INFO::Creating scatter plot for continuous data, log_NO2NO3 vs COG2975
2025-03-11 19:16:42.857548 DEBUG::`geom_smooth()` using formula = 'y ~ x'
2025-03-11 19:16:42.873482 INFO::Creating scatter plot for continuous data, log_NO2NO3 vs COG1723
2025-03-11 19:16:43.222871 DEBUG::`geom_smooth()` using formula = 'y ~ x'
2025-03-11 19:16:43.244504 INFO::Creating scatter plot for continuous data, log_NO2NO3 vs COG2153
2025-03-11 19:16:43.533225 DEBUG::`geom_smooth()` using formula = 'y ~ x'
2025-03-11 19:16:43.54893 INFO::Creating scatter plot for continuous data, log_NO2NO3 vs COG4941
2025-03-11 19:16:44.007262 DEBUG::`geom_smooth()` using formula = 'y ~ x'
2025-03-11 19:16:44.020158 INFO::Creating scatter plot for continuous data, log_NO2NO3 vs COG2854
2025-03-11 19:16:44.345048 DEBUG::`geom_smooth()` using formula = 'y ~ x'
2025-03-11 19:16:44.361218 INFO::Creating scatter plot for continuous data, log_NO2NO3 vs COG4856
2025-03-11 19:16:44.646144 DEBUG::`geom_smooth()` using formula = 'y ~ x'
2025-03-11 19:16:44.661783 INFO::Creating scatter plot for continuous data, log_NO2NO3 vs COG1805
2025-03-11 19:16:44.943591 DEBUG::`geom_smooth()` using formula = 'y ~ x'
2025-03-11 19:16:44.958473 INFO::Creating scatter plot for continuous data, log_NO2NO3 vs COG1096
2025-03-11 19:16:45.250548 DEBUG::`geom_smooth()` using formula = 'y ~ x'
2025-03-11 19:16:45.270273 INFO::Creating scatter plot for continuous data, log_NO2NO3 vs COG3742
2025-03-11 19:16:45.599457 DEBUG::`geom_smooth()` using formula = 'y ~ x'
2025-03-11 19:16:45.614249 INFO::Creating scatter plot for continuous data, log_NO2NO3 vs COG2219
2025-03-11 19:16:45.909623 DEBUG::`geom_smooth()` using formula = 'y ~ x'
2025-03-11 19:16:45.920257 INFO::Creating scatter plot for continuous data, log_NO2NO3 vs COG1087
2025-03-11 19:16:46.21339 DEBUG::`geom_smooth()` using formula = 'y ~ x'
2025-03-11 19:16:46.236994 INFO::Creating scatter plot for continuous data, log_NO2NO3 vs COG1038
2025-03-11 19:16:46.560647 DEBUG::`geom_smooth()` using formula = 'y ~ x'
2025-03-11 19:16:46.715637 INFO::Creating scatter plot for continuous data, log_NO2NO3 vs COG3136
2025-03-11 19:16:47.096658 DEBUG::`geom_smooth()` using formula = 'y ~ x'
2025-03-11 19:16:47.125132 INFO::Creating scatter plot for continuous data, log_NO2NO3 vs COG3178
2025-03-11 19:16:47.406625 DEBUG::`geom_smooth()` using formula = 'y ~ x'
2025-03-11 19:16:47.426904 INFO::Creating scatter plot for continuous data, log_NO2NO3 vs COG4721
2025-03-11 19:16:47.746693 DEBUG::`geom_smooth()` using formula = 'y ~ x'
2025-03-11 19:16:47.762081 INFO::Creating scatter plot for continuous data, log_NO2NO3 vs COG4399
2025-03-11 19:16:48.038009 DEBUG::`geom_smooth()` using formula = 'y ~ x'
2025-03-11 19:16:48.051876 INFO::Creating scatter plot for continuous data, log_NO2NO3 vs COG0089
2025-03-11 19:16:48.344248 DEBUG::`geom_smooth()` using formula = 'y ~ x'
2025-03-11 19:16:48.358742 INFO::Creating scatter plot for continuous data, log_NO2NO3 vs COG1148
2025-03-11 19:16:48.651529 DEBUG::`geom_smooth()` using formula = 'y ~ x'
2025-03-11 19:16:48.665723 INFO::Creating scatter plot for continuous data, log_NO2NO3 vs COG3747
2025-03-11 19:16:48.994812 DEBUG::`geom_smooth()` using formula = 'y ~ x'
2025-03-11 19:16:49.009479 INFO::Creating scatter plot for continuous data, log_NO2NO3 vs COG5339
2025-03-11 19:16:49.297471 DEBUG::`geom_smooth()` using formula = 'y ~ x'
2025-03-11 19:16:49.325493 INFO::Creating scatter plot for continuous data, log_NO2NO3 vs COG3839
2025-03-11 19:16:49.610254 DEBUG::`geom_smooth()` using formula = 'y ~ x'
2025-03-11 19:16:49.625643 INFO::Creating scatter plot for continuous data, log_NO2NO3 vs COG0499
2025-03-11 19:16:49.960646 DEBUG::`geom_smooth()` using formula = 'y ~ x'
2025-03-11 19:16:49.976119 INFO::Creating scatter plot for continuous data, log_NO2NO3 vs COG2508
2025-03-11 19:16:50.258877 DEBUG::`geom_smooth()` using formula = 'y ~ x'
2025-03-11 19:16:50.274234 INFO::Creating scatter plot for continuous data, log_NO2NO3 vs COG3130
2025-03-11 19:16:50.563695 DEBUG::`geom_smooth()` using formula = 'y ~ x'
2025-03-11 19:16:50.578902 INFO::Creating scatter plot for continuous data, log_NO2NO3 vs COG4260
2025-03-11 19:16:50.896778 DEBUG::`geom_smooth()` using formula = 'y ~ x'
2025-03-11 19:16:50.911689 INFO::Creating scatter plot for continuous data, log_NO2NO3 vs COG1034
2025-03-11 19:16:51.196781 DEBUG::`geom_smooth()` using formula = 'y ~ x'
2025-03-11 19:16:51.212023 INFO::Creating scatter plot for continuous data, log_NO2NO3 vs COG1862
2025-03-11 19:16:51.500049 DEBUG::`geom_smooth()` using formula = 'y ~ x'
2025-03-11 19:16:51.511994 INFO::Creating scatter plot for continuous data, log_NO2NO3 vs COG0645
2025-03-11 19:16:51.892081 DEBUG::`geom_smooth()` using formula = 'y ~ x'
2025-03-11 19:16:51.897877 INFO::Creating scatter plot for continuous data, log_NO2NO3 vs COG4877
2025-03-11 19:16:52.194349 DEBUG::`geom_smooth()` using formula = 'y ~ x'
2025-03-11 19:16:52.21855 INFO::Creating scatter plot for continuous data, log_NO2NO3 vs COG0050
2025-03-11 19:16:52.508333 DEBUG::`geom_smooth()` using formula = 'y ~ x'
2025-03-11 19:16:52.5237 INFO::Creating scatter plot for continuous data, log_NO2NO3 vs COG2844
2025-03-11 19:16:52.823408 DEBUG::`geom_smooth()` using formula = 'y ~ x'
2025-03-11 19:16:52.84429 INFO::Creating scatter plot for continuous data, log_NO2NO3 vs COG2604
2025-03-11 19:16:53.15286 DEBUG::`geom_smooth()` using formula = 'y ~ x'
2025-03-11 19:16:53.163922 INFO::Creating scatter plot for continuous data, log_NO2NO3 vs COG4925
2025-03-11 19:16:53.45497 DEBUG::`geom_smooth()` using formula = 'y ~ x'
2025-03-11 19:16:53.469127 INFO::Creating scatter plot for continuous data, log_NO2NO3 vs COG4292
2025-03-11 19:16:53.764221 DEBUG::`geom_smooth()` using formula = 'y ~ x'
2025-03-11 19:16:53.778848 INFO::Creating scatter plot for continuous data, log_NO2NO3 vs COG0406
2025-03-11 19:16:54.099239 DEBUG::`geom_smooth()` using formula = 'y ~ x'
2025-03-11 19:16:54.11233 INFO::Creating scatter plot for continuous data, log_NO2NO3 vs COG3968
2025-03-11 19:16:54.396239 DEBUG::`geom_smooth()` using formula = 'y ~ x'
2025-03-11 19:16:54.411371 INFO::Creating scatter plot for continuous data, log_NO2NO3 vs COG4552
2025-03-11 19:16:54.7039 DEBUG::`geom_smooth()` using formula = 'y ~ x'
2025-03-11 19:16:54.726388 INFO::Creating scatter plot for continuous data, log_NO2NO3 vs COG1095
2025-03-11 19:16:55.048185 DEBUG::`geom_smooth()` using formula = 'y ~ x'
2025-03-11 19:16:55.063528 INFO::Creating scatter plot for continuous data, log_NO2NO3 vs COG5518
2025-03-11 19:16:55.354536 DEBUG::`geom_smooth()` using formula = 'y ~ x'
2025-03-11 19:16:55.370888 INFO::Creating scatter plot for continuous data, log_NO2NO3 vs COG3235
2025-03-11 19:16:55.65197 DEBUG::`geom_smooth()` using formula = 'y ~ x'
2025-03-11 19:16:55.666714 INFO::Creating scatter plot for continuous data, log_NO2NO3 vs COG4263
2025-03-11 19:16:55.987021 DEBUG::`geom_smooth()` using formula = 'y ~ x'
2025-03-11 19:16:55.999093 INFO::Creating scatter plot for continuous data, log_NO2NO3 vs COG1105
2025-03-11 19:16:56.281043 DEBUG::`geom_smooth()` using formula = 'y ~ x'
2025-03-11 19:16:56.295487 INFO::Creating scatter plot for continuous data, log_NO2NO3 vs COG4588
2025-03-11 19:16:56.590068 DEBUG::`geom_smooth()` using formula = 'y ~ x'
2025-03-11 19:16:56.604763 INFO::Creating scatter plot for continuous data, log_NO2NO3 vs COG1330
2025-03-11 19:16:56.894268 DEBUG::`geom_smooth()` using formula = 'y ~ x'
2025-03-11 19:16:56.95355 INFO::Creating scatter plot for continuous data, log_NO2NO3 vs COG0733
2025-03-11 19:16:57.287254 DEBUG::`geom_smooth()` using formula = 'y ~ x'
2025-03-11 19:16:57.303108 INFO::Creating scatter plot for continuous data, log_NO2NO3 vs COG1944
2025-03-11 19:16:57.595444 DEBUG::`geom_smooth()` using formula = 'y ~ x'
2025-03-11 19:16:57.620476 INFO::Creating scatter plot for continuous data, log_NO2NO3 vs COG1744
2025-03-11 19:16:57.926307 DEBUG::`geom_smooth()` using formula = 'y ~ x'
2025-03-11 19:16:57.941932 INFO::Creating scatter plot for continuous data, log_NO2NO3 vs COG1101
2025-03-11 19:16:58.251364 DEBUG::`geom_smooth()` using formula = 'y ~ x'
2025-03-11 19:16:58.262461 INFO::Creating scatter plot for continuous data, log_NO2NO3 vs COG2139
2025-03-11 19:16:58.553333 DEBUG::`geom_smooth()` using formula = 'y ~ x'
2025-03-11 19:16:58.567203 INFO::Creating scatter plot for continuous data, log_NO2NO3 vs COG0214
2025-03-11 19:16:58.854661 DEBUG::`geom_smooth()` using formula = 'y ~ x'
2025-03-11 19:16:58.990978 INFO::Creating scatter plot for continuous data, log_NO2NO3 vs COG3469
2025-03-11 19:16:59.320184 DEBUG::`geom_smooth()` using formula = 'y ~ x'
2025-03-11 19:16:59.335427 INFO::Creating scatter plot for continuous data, log_NO2NO3 vs COG1976
2025-03-11 19:16:59.614198 DEBUG::`geom_smooth()` using formula = 'y ~ x'
2025-03-11 19:16:59.633196 INFO::Creating scatter plot for continuous data, log_NO2NO3 vs COG3114
2025-03-11 19:16:59.929953 DEBUG::`geom_smooth()` using formula = 'y ~ x'
2025-03-11 19:16:59.964421 INFO::Creating scatter plot for continuous data, log_NO2NO3 vs COG4097
2025-03-11 19:17:00.285861 DEBUG::`geom_smooth()` using formula = 'y ~ x'
2025-03-11 19:17:00.299593 INFO::Creating scatter plot for continuous data, log_NO2NO3 vs COG1536
2025-03-11 19:17:00.579211 DEBUG::`geom_smooth()` using formula = 'y ~ x'
2025-03-11 19:17:00.605986 INFO::Creating scatter plot for continuous data, log_NO2NO3 vs COG4115
2025-03-11 19:17:00.900151 DEBUG::`geom_smooth()` using formula = 'y ~ x'
2025-03-11 19:17:00.914897 INFO::Creating scatter plot for continuous data, log_NO2NO3 vs COG2261
2025-03-11 19:17:01.248654 DEBUG::`geom_smooth()` using formula = 'y ~ x'
2025-03-11 19:17:01.263834 INFO::Creating scatter plot for continuous data, log_NO2NO3 vs COG0806
2025-03-11 19:17:01.542219 DEBUG::`geom_smooth()` using formula = 'y ~ x'
2025-03-11 19:17:01.557528 INFO::Creating scatter plot for continuous data, log_NO2NO3 vs COG3711
2025-03-11 19:17:01.837286 DEBUG::`geom_smooth()` using formula = 'y ~ x'
2025-03-11 19:17:01.852485 INFO::Creating scatter plot for continuous data, log_NO2NO3 vs COG1473
2025-03-11 19:17:02.161371 DEBUG::`geom_smooth()` using formula = 'y ~ x'
2025-03-11 19:17:02.204489 INFO::Creating scatter plot for continuous data, log_NO2NO3 vs COG1936
2025-03-11 19:17:02.481511 DEBUG::`geom_smooth()` using formula = 'y ~ x'
2025-03-11 19:17:02.496328 INFO::Creating scatter plot for continuous data, log_NO2NO3 vs COG4232
2025-03-11 19:17:02.776336 DEBUG::`geom_smooth()` using formula = 'y ~ x'
2025-03-11 19:17:02.793454 INFO::Creating scatter plot for continuous data, log_NO2NO3 vs COG1069
2025-03-11 19:17:03.082316 DEBUG::`geom_smooth()` using formula = 'y ~ x'
2025-03-11 19:17:03.097306 INFO::Creating scatter plot for continuous data, log_NO2NO3 vs COG5500
2025-03-11 19:17:03.408303 DEBUG::`geom_smooth()` using formula = 'y ~ x'
2025-03-11 19:17:03.428635 INFO::Creating scatter plot for continuous data, log_NO2NO3 vs COG0741
2025-03-11 19:17:03.706482 DEBUG::`geom_smooth()` using formula = 'y ~ x'
2025-03-11 19:17:03.720928 INFO::Creating scatter plot for continuous data, log_NO2NO3 vs COG0060
2025-03-11 19:17:04.165216 DEBUG::`geom_smooth()` using formula = 'y ~ x'
2025-03-11 19:17:04.181421 INFO::Creating scatter plot for continuous data, log_NO2NO3 vs COG5608
2025-03-11 19:17:04.571456 DEBUG::`geom_smooth()` using formula = 'y ~ x'
2025-03-11 19:17:04.587591 INFO::Creating scatter plot for continuous data, log_NO2NO3 vs COG2156
2025-03-11 19:17:04.872685 DEBUG::`geom_smooth()` using formula = 'y ~ x'
2025-03-11 19:17:04.888235 INFO::Creating scatter plot for continuous data, log_NO2NO3 vs COG3157
2025-03-11 19:17:05.172314 DEBUG::`geom_smooth()` using formula = 'y ~ x'
2025-03-11 19:17:05.18772 INFO::Creating scatter plot for continuous data, log_NO2NO3 vs COG2996
2025-03-11 19:17:05.580145 DEBUG::`geom_smooth()` using formula = 'y ~ x'
2025-03-11 19:17:05.595066 INFO::Creating scatter plot for continuous data, log_NO2NO3 vs COG3098
2025-03-11 19:17:05.88234 DEBUG::`geom_smooth()` using formula = 'y ~ x'
2025-03-11 19:17:05.896139 INFO::Creating scatter plot for continuous data, log_NO2NO3 vs COG1347
2025-03-11 19:17:06.194041 DEBUG::`geom_smooth()` using formula = 'y ~ x'
2025-03-11 19:17:06.212598 INFO::Creating scatter plot for continuous data, log_NO2NO3 vs COG0456
2025-03-11 19:17:06.542133 DEBUG::`geom_smooth()` using formula = 'y ~ x'
2025-03-11 19:17:06.691392 INFO::Creating scatter plot for continuous data, log_NO2NO3 vs COG0859
2025-03-11 19:17:06.981054 DEBUG::`geom_smooth()` using formula = 'y ~ x'
2025-03-11 19:17:06.99649 INFO::Creating scatter plot for continuous data, log_NO2NO3 vs COG1737
2025-03-11 19:17:07.285835 DEBUG::`geom_smooth()` using formula = 'y ~ x'
2025-03-11 19:17:07.300033 INFO::Creating scatter plot for continuous data, log_NO2NO3 vs COG1258
2025-03-11 19:17:07.622362 DEBUG::`geom_smooth()` using formula = 'y ~ x'
2025-03-11 19:17:07.642613 INFO::Creating scatter plot for continuous data, log_NO2NO3 vs COG0045
2025-03-11 19:17:07.930875 DEBUG::`geom_smooth()` using formula = 'y ~ x'
2025-03-11 19:17:07.953254 INFO::Creating scatter plot for continuous data, log_NO2NO3 vs COG3675
2025-03-11 19:17:08.239877 DEBUG::`geom_smooth()` using formula = 'y ~ x'
2025-03-11 19:17:08.254339 INFO::Creating scatter plot for continuous data, log_NO2NO3 vs COG3720
2025-03-11 19:17:08.542377 DEBUG::`geom_smooth()` using formula = 'y ~ x'
2025-03-11 19:17:08.557869 INFO::Creating scatter plot for continuous data, log_NO2NO3 vs COG3480
2025-03-11 19:17:08.875009 DEBUG::`geom_smooth()` using formula = 'y ~ x'
2025-03-11 19:17:08.890292 INFO::Creating scatter plot for continuous data, log_NO2NO3 vs COG1971
2025-03-11 19:17:09.17058 DEBUG::`geom_smooth()` using formula = 'y ~ x'
2025-03-11 19:17:09.18777 INFO::Creating scatter plot for continuous data, log_NO2NO3 vs COG3025
2025-03-11 19:17:09.482483 DEBUG::`geom_smooth()` using formula = 'y ~ x'
2025-03-11 19:17:09.497709 INFO::Creating scatter plot for continuous data, log_NO2NO3 vs COG0428
2025-03-11 19:17:09.822475 DEBUG::`geom_smooth()` using formula = 'y ~ x'
2025-03-11 19:17:09.838217 INFO::Creating scatter plot for continuous data, log_NO2NO3 vs COG5504
2025-03-11 19:17:10.132437 DEBUG::`geom_smooth()` using formula = 'y ~ x'
2025-03-11 19:17:10.147912 INFO::Creating scatter plot for continuous data, log_NO2NO3 vs COG0610
2025-03-11 19:17:10.45082 DEBUG::`geom_smooth()` using formula = 'y ~ x'
2025-03-11 19:17:10.463115 INFO::Creating scatter plot for continuous data, log_NO2NO3 vs COG0361
2025-03-11 19:17:10.78822 DEBUG::`geom_smooth()` using formula = 'y ~ x'
2025-03-11 19:17:10.803269 INFO::Creating scatter plot for continuous data, log_NO2NO3 vs COG1516
2025-03-11 19:17:11.168693 DEBUG::`geom_smooth()` using formula = 'y ~ x'
2025-03-11 19:17:11.183824 INFO::Creating scatter plot for continuous data, log_NO2NO3 vs COG3309
2025-03-11 19:17:11.487467 DEBUG::`geom_smooth()` using formula = 'y ~ x'
2025-03-11 19:17:11.59638 INFO::Creating scatter plot for continuous data, log_NO2NO3 vs COG1770
2025-03-11 19:17:12.032035 DEBUG::`geom_smooth()` using formula = 'y ~ x'
2025-03-11 19:17:12.048996 INFO::Creating scatter plot for continuous data, log_NO2NO3 vs COG2026
2025-03-11 19:17:12.37247 DEBUG::`geom_smooth()` using formula = 'y ~ x'
2025-03-11 19:17:12.39614 INFO::Creating scatter plot for continuous data, log_NO2NO3 vs COG1783
2025-03-11 19:17:12.676995 DEBUG::`geom_smooth()` using formula = 'y ~ x'
2025-03-11 19:17:12.692356 INFO::Creating scatter plot for continuous data, log_NO2NO3 vs COG1362
2025-03-11 19:17:12.987891 DEBUG::`geom_smooth()` using formula = 'y ~ x'
2025-03-11 19:17:13.01271 INFO::Creating scatter plot for continuous data, log_NO2NO3 vs COG3683
2025-03-11 19:17:13.326885 DEBUG::`geom_smooth()` using formula = 'y ~ x'
2025-03-11 19:17:13.34192 INFO::Creating scatter plot for continuous data, log_NO2NO3 vs COG2821
2025-03-11 19:17:13.630247 DEBUG::`geom_smooth()` using formula = 'y ~ x'
2025-03-11 19:17:13.644451 INFO::Creating scatter plot for continuous data, log_NO2NO3 vs COG0421
2025-03-11 19:17:14.082178 DEBUG::`geom_smooth()` using formula = 'y ~ x'
2025-03-11 19:17:14.098076 INFO::Creating scatter plot for continuous data, log_NO2NO3 vs COG0607
2025-03-11 19:17:14.415507 DEBUG::`geom_smooth()` using formula = 'y ~ x'
2025-03-11 19:17:14.433493 INFO::Creating scatter plot for continuous data, log_NO2NO3 vs COG1726
2025-03-11 19:17:14.72667 DEBUG::`geom_smooth()` using formula = 'y ~ x'
2025-03-11 19:17:14.742869 INFO::Creating scatter plot for continuous data, log_NO2NO3 vs COG3281
2025-03-11 19:17:15.031204 DEBUG::`geom_smooth()` using formula = 'y ~ x'
2025-03-11 19:17:15.045162 INFO::Creating scatter plot for continuous data, log_NO2NO3 vs COG0170
2025-03-11 19:17:15.362406 DEBUG::`geom_smooth()` using formula = 'y ~ x'
2025-03-11 19:17:15.381651 INFO::Creating scatter plot for continuous data, log_NO2NO3 vs COG2010
2025-03-11 19:17:15.664334 DEBUG::`geom_smooth()` using formula = 'y ~ x'
2025-03-11 19:17:15.683626 INFO::Creating scatter plot for continuous data, log_NO2NO3 vs COG4287
2025-03-11 19:17:15.973733 DEBUG::`geom_smooth()` using formula = 'y ~ x'
2025-03-11 19:17:15.99294 INFO::Creating scatter plot for continuous data, log_NO2NO3 vs COG1146
2025-03-11 19:17:16.282145 DEBUG::`geom_smooth()` using formula = 'y ~ x'
2025-03-11 19:17:16.296742 INFO::Creating scatter plot for continuous data, log_NO2NO3 vs COG2231
2025-03-11 19:17:16.612177 DEBUG::`geom_smooth()` using formula = 'y ~ x'
2025-03-11 19:17:16.627356 INFO::Creating scatter plot for continuous data, log_NO2NO3 vs COG3665
2025-03-11 19:17:16.910244 DEBUG::`geom_smooth()` using formula = 'y ~ x'
2025-03-11 19:17:16.925004 INFO::Creating scatter plot for continuous data, log_NO2NO3 vs COG4171
2025-03-11 19:17:17.215535 DEBUG::`geom_smooth()` using formula = 'y ~ x'
2025-03-11 19:17:17.228883 INFO::Creating scatter plot for continuous data, log_NO2NO3 vs COG4453
2025-03-11 19:17:17.549877 DEBUG::`geom_smooth()` using formula = 'y ~ x'
2025-03-11 19:17:17.575138 INFO::Creating scatter plot for continuous data, log_NO2NO3 vs COG4991
2025-03-11 19:17:17.863486 DEBUG::`geom_smooth()` using formula = 'y ~ x'
2025-03-11 19:17:17.878656 INFO::Creating scatter plot for continuous data, log_NO2NO3 vs COG2103
2025-03-11 19:17:18.183573 DEBUG::`geom_smooth()` using formula = 'y ~ x'
2025-03-11 19:17:18.204297 INFO::Creating scatter plot for continuous data, log_NO2NO3 vs COG3405
2025-03-11 19:17:18.521076 DEBUG::`geom_smooth()` using formula = 'y ~ x'
2025-03-11 19:17:18.536464 INFO::Creating scatter plot for continuous data, log_NO2NO3 vs COG2932
2025-03-11 19:17:18.819998 DEBUG::`geom_smooth()` using formula = 'y ~ x'
2025-03-11 19:17:18.836158 INFO::Creating scatter plot for continuous data, log_NO2NO3 vs COG2895
2025-03-11 19:17:19.131322 DEBUG::`geom_smooth()` using formula = 'y ~ x'
2025-03-11 19:17:19.146689 INFO::Creating scatter plot for continuous data, log_NO2NO3 vs COG5455
2025-03-11 19:17:19.463239 DEBUG::`geom_smooth()` using formula = 'y ~ x'
2025-03-11 19:17:19.478452 INFO::Creating scatter plot for continuous data, log_NO2NO3 vs COG3458
2025-03-11 19:17:19.777889 DEBUG::`geom_smooth()` using formula = 'y ~ x'
2025-03-11 19:17:19.788319 INFO::Creating scatter plot for continuous data, log_NO2NO3 vs COG1025
2025-03-11 19:17:20.078647 DEBUG::`geom_smooth()` using formula = 'y ~ x'
2025-03-11 19:17:20.09367 INFO::Creating scatter plot for continuous data, log_NO2NO3 vs COG2605
2025-03-11 19:17:20.420609 DEBUG::`geom_smooth()` using formula = 'y ~ x'
2025-03-11 19:17:20.438468 INFO::Creating scatter plot for continuous data, log_NO2NO3 vs COG2086
2025-03-11 19:17:20.723526 DEBUG::`geom_smooth()` using formula = 'y ~ x'
2025-03-11 19:17:20.738713 INFO::Creating scatter plot for continuous data, log_NO2NO3 vs COG1138
2025-03-11 19:17:21.036274 DEBUG::`geom_smooth()` using formula = 'y ~ x'
2025-03-11 19:17:21.046629 INFO::Creating scatter plot for continuous data, log_NO2NO3 vs COG2520
2025-03-11 19:17:21.422018 DEBUG::`geom_smooth()` using formula = 'y ~ x'
2025-03-11 19:17:21.443436 INFO::Creating scatter plot for continuous data, log_NO2NO3 vs COG2016
2025-03-11 19:17:21.752545 DEBUG::`geom_smooth()` using formula = 'y ~ x'
2025-03-11 19:17:21.801111 INFO::Creating scatter plot for continuous data, log_NO2NO3 vs COG0583
2025-03-11 19:17:22.099863 DEBUG::`geom_smooth()` using formula = 'y ~ x'
2025-03-11 19:17:22.115062 INFO::Creating scatter plot for continuous data, log_NO2NO3 vs COG5018
2025-03-11 19:17:22.40454 DEBUG::`geom_smooth()` using formula = 'y ~ x'
2025-03-11 19:17:22.420349 INFO::Creating scatter plot for continuous data, log_NO2NO3 vs COG0249
2025-03-11 19:17:22.747656 DEBUG::`geom_smooth()` using formula = 'y ~ x'
2025-03-11 19:17:22.765309 INFO::Creating scatter plot for continuous data, log_NO2NO3 vs COG1701
2025-03-11 19:17:23.05561 DEBUG::`geom_smooth()` using formula = 'y ~ x'
2025-03-11 19:17:23.070474 INFO::Creating scatter plot for continuous data, log_NO2NO3 vs COG5595
2025-03-11 19:17:23.352291 DEBUG::`geom_smooth()` using formula = 'y ~ x'
2025-03-11 19:17:23.365277 INFO::Creating scatter plot for continuous data, log_NO2NO3 vs COG3223
2025-03-11 19:17:23.67711 DEBUG::`geom_smooth()` using formula = 'y ~ x'
2025-03-11 19:17:23.699464 INFO::Creating scatter plot for continuous data, log_NO2NO3 vs COG0532
2025-03-11 19:17:23.985408 DEBUG::`geom_smooth()` using formula = 'y ~ x'
2025-03-11 19:17:24.000501 INFO::Creating scatter plot for continuous data, log_NO2NO3 vs COG4108
2025-03-11 19:17:24.288547 DEBUG::`geom_smooth()` using formula = 'y ~ x'
2025-03-11 19:17:24.305043 INFO::Creating scatter plot for continuous data, log_NO2NO3 vs COG1487
2025-03-11 19:17:24.630359 DEBUG::`geom_smooth()` using formula = 'y ~ x'
2025-03-11 19:17:24.645147 INFO::Creating scatter plot for continuous data, log_NO2NO3 vs COG3870
2025-03-11 19:17:24.929855 DEBUG::`geom_smooth()` using formula = 'y ~ x'
2025-03-11 19:17:24.952616 INFO::Creating scatter plot for continuous data, log_NO2NO3 vs COG1434
2025-03-11 19:17:25.243422 DEBUG::`geom_smooth()` using formula = 'y ~ x'
2025-03-11 19:17:25.258671 INFO::Creating scatter plot for continuous data, log_NO2NO3 vs COG1727
2025-03-11 19:17:25.585336 DEBUG::`geom_smooth()` using formula = 'y ~ x'
2025-03-11 19:17:25.605532 INFO::Creating scatter plot for continuous data, log_NO2NO3 vs COG1910
2025-03-11 19:17:25.896981 DEBUG::`geom_smooth()` using formula = 'y ~ x'
2025-03-11 19:17:25.911701 INFO::Creating scatter plot for continuous data, log_NO2NO3 vs COG1075
2025-03-11 19:17:26.194155 DEBUG::`geom_smooth()` using formula = 'y ~ x'
2025-03-11 19:17:26.20853 INFO::Creating scatter plot for continuous data, log_NO2NO3 vs COG1606
2025-03-11 19:17:26.522244 DEBUG::`geom_smooth()` using formula = 'y ~ x'
2025-03-11 19:17:26.538411 INFO::Creating scatter plot for continuous data, log_NO2NO3 vs COG2943
2025-03-11 19:17:26.983001 DEBUG::`geom_smooth()` using formula = 'y ~ x'
2025-03-11 19:17:26.999678 INFO::Creating scatter plot for continuous data, log_NO2NO3 vs COG3437
2025-03-11 19:17:27.300055 DEBUG::`geom_smooth()` using formula = 'y ~ x'
2025-03-11 19:17:27.313779 INFO::Creating scatter plot for continuous data, log_NO2NO3 vs COG3558
2025-03-11 19:17:27.68224 DEBUG::`geom_smooth()` using formula = 'y ~ x'
2025-03-11 19:17:27.698635 INFO::Creating scatter plot for continuous data, log_NO2NO3 vs COG2043
2025-03-11 19:17:27.991846 DEBUG::`geom_smooth()` using formula = 'y ~ x'
2025-03-11 19:17:28.019045 INFO::Creating scatter plot for continuous data, log_NO2NO3 vs COG3269
2025-03-11 19:17:28.305112 DEBUG::`geom_smooth()` using formula = 'y ~ x'
2025-03-11 19:17:28.320501 INFO::Creating scatter plot for continuous data, log_NO2NO3 vs COG0002
2025-03-11 19:17:28.619398 DEBUG::`geom_smooth()` using formula = 'y ~ x'
2025-03-11 19:17:28.630601 INFO::Creating scatter plot for continuous data, log_NO2NO3 vs COG5272
2025-03-11 19:17:28.965467 DEBUG::`geom_smooth()` using formula = 'y ~ x'
2025-03-11 19:17:28.980698 INFO::Creating scatter plot for continuous data, log_NO2NO3 vs COG3965
2025-03-11 19:17:29.351449 DEBUG::`geom_smooth()` using formula = 'y ~ x'
2025-03-11 19:17:29.409935 INFO::Creating scatter plot for continuous data, log_NO2NO3 vs COG3325
2025-03-11 19:17:29.713655 DEBUG::`geom_smooth()` using formula = 'y ~ x'
2025-03-11 19:17:29.735408 INFO::Creating scatter plot for continuous data, log_NO2NO3 vs COG0429
2025-03-11 19:17:30.062189 DEBUG::`geom_smooth()` using formula = 'y ~ x'
2025-03-11 19:17:30.076481 INFO::Creating scatter plot for continuous data, log_NO2NO3 vs COG4267
2025-03-11 19:17:30.378903 DEBUG::`geom_smooth()` using formula = 'y ~ x'
2025-03-11 19:17:30.393633 INFO::Creating scatter plot for continuous data, log_NO2NO3 vs COG3738
2025-03-11 19:17:30.692314 DEBUG::`geom_smooth()` using formula = 'y ~ x'
2025-03-11 19:17:30.709598 INFO::Creating scatter plot for continuous data, log_NO2NO3 vs COG1390
2025-03-11 19:17:31.045977 DEBUG::`geom_smooth()` using formula = 'y ~ x'
2025-03-11 19:17:31.071778 INFO::Creating scatter plot for continuous data, log_NO2NO3 vs COG2253
2025-03-11 19:17:31.364067 DEBUG::`geom_smooth()` using formula = 'y ~ x'
2025-03-11 19:17:31.379096 INFO::Creating scatter plot for continuous data, log_NO2NO3 vs COG3536
2025-03-11 19:17:31.68705 DEBUG::`geom_smooth()` using formula = 'y ~ x'
2025-03-11 19:17:31.701781 INFO::Creating scatter plot for continuous data, log_NO2NO3 vs COG0582
2025-03-11 19:17:32.003698 DEBUG::`geom_smooth()` using formula = 'y ~ x'
2025-03-11 19:17:32.017355 INFO::Creating scatter plot for continuous data, log_NO2NO3 vs COG1582
2025-03-11 19:17:32.338367 DEBUG::`geom_smooth()` using formula = 'y ~ x'
2025-03-11 19:17:32.353465 INFO::Creating scatter plot for continuous data, log_NO2NO3 vs COG2899
2025-03-11 19:17:32.720991 DEBUG::`geom_smooth()` using formula = 'y ~ x'
2025-03-11 19:17:32.74762 INFO::Creating scatter plot for continuous data, log_NO2NO3 vs COG3053
2025-03-11 19:17:33.047103 DEBUG::`geom_smooth()` using formula = 'y ~ x'
2025-03-11 19:17:33.062587 INFO::Creating scatter plot for continuous data, log_NO2NO3 vs COG4181
2025-03-11 19:17:33.391405 DEBUG::`geom_smooth()` using formula = 'y ~ x'
2025-03-11 19:17:33.40588 INFO::Creating scatter plot for continuous data, log_NO2NO3 vs COG3759
2025-03-11 19:17:33.687879 DEBUG::`geom_smooth()` using formula = 'y ~ x'
2025-03-11 19:17:33.703048 INFO::Creating scatter plot for continuous data, log_NO2NO3 vs COG4254
2025-03-11 19:17:33.989137 DEBUG::`geom_smooth()` using formula = 'y ~ x'
2025-03-11 19:17:34.005406 INFO::Creating scatter plot for continuous data, log_NO2NO3 vs COG4798
2025-03-11 19:17:34.330894 DEBUG::`geom_smooth()` using formula = 'y ~ x'
2025-03-11 19:17:34.346314 INFO::Creating scatter plot for continuous data, log_NO2NO3 vs COG3248
2025-03-11 19:17:34.70225 DEBUG::`geom_smooth()` using formula = 'y ~ x'
2025-03-11 19:17:34.719784 INFO::Creating scatter plot for continuous data, log_NO2NO3 vs COG5349
2025-03-11 19:17:35.02449 DEBUG::`geom_smooth()` using formula = 'y ~ x'
2025-03-11 19:17:35.047424 INFO::Creating scatter plot for continuous data, log_NO2NO3 vs COG4646
2025-03-11 19:17:35.412285 DEBUG::`geom_smooth()` using formula = 'y ~ x'
2025-03-11 19:17:35.428054 INFO::Creating scatter plot for continuous data, log_NO2NO3 vs COG2110
2025-03-11 19:17:35.720698 DEBUG::`geom_smooth()` using formula = 'y ~ x'
2025-03-11 19:17:35.736839 INFO::Creating scatter plot for continuous data, log_NO2NO3 vs COG4870
2025-03-11 19:17:36.034977 DEBUG::`geom_smooth()` using formula = 'y ~ x'
2025-03-11 19:17:36.050329 INFO::Creating scatter plot for continuous data, log_NO2NO3 vs COG1956
2025-03-11 19:17:36.344172 DEBUG::`geom_smooth()` using formula = 'y ~ x'
2025-03-11 19:17:36.356125 INFO::Creating scatter plot for continuous data, log_NO2NO3 vs COG0201
2025-03-11 19:17:36.677917 DEBUG::`geom_smooth()` using formula = 'y ~ x'
2025-03-11 19:17:36.693202 INFO::Creating scatter plot for continuous data, log_NO2NO3 vs COG3424
2025-03-11 19:17:36.988165 DEBUG::`geom_smooth()` using formula = 'y ~ x'
2025-03-11 19:17:36.997828 INFO::Creating scatter plot for continuous data, log_NO2NO3 vs COG4985
2025-03-11 19:17:37.305299 DEBUG::`geom_smooth()` using formula = 'y ~ x'
2025-03-11 19:17:37.31978 INFO::Creating scatter plot for continuous data, log_NO2NO3 vs COG4961
2025-03-11 19:17:37.64589 DEBUG::`geom_smooth()` using formula = 'y ~ x'
2025-03-11 19:17:37.662779 INFO::Creating scatter plot for continuous data, log_NO2NO3 vs COG0401
2025-03-11 19:17:37.956766 DEBUG::`geom_smooth()` using formula = 'y ~ x'
2025-03-11 19:17:37.974238 INFO::Creating scatter plot for continuous data, log_NO2NO3 vs COG3575
2025-03-11 19:17:38.277498 DEBUG::`geom_smooth()` using formula = 'y ~ x'
2025-03-11 19:17:38.293249 INFO::Creating scatter plot for continuous data, log_NO2NO3 vs COG0509
2025-03-11 19:17:38.620964 DEBUG::`geom_smooth()` using formula = 'y ~ x'
2025-03-11 19:17:38.635707 INFO::Creating scatter plot for continuous data, log_NO2NO3 vs COG0577
2025-03-11 19:17:38.922458 DEBUG::`geom_smooth()` using formula = 'y ~ x'
2025-03-11 19:17:38.94149 INFO::Creating scatter plot for continuous data, log_NO2NO3 vs COG2384
2025-03-11 19:17:39.244078 DEBUG::`geom_smooth()` using formula = 'y ~ x'
2025-03-11 19:17:39.265984 INFO::Creating scatter plot for continuous data, log_NO2NO3 vs COG3238
2025-03-11 19:17:39.600511 DEBUG::`geom_smooth()` using formula = 'y ~ x'
2025-03-11 19:17:39.614508 INFO::Creating scatter plot for continuous data, log_NO2NO3 vs COG3399
2025-03-11 19:17:39.907927 DEBUG::`geom_smooth()` using formula = 'y ~ x'
2025-03-11 19:17:39.923175 INFO::Creating scatter plot for continuous data, log_NO2NO3 vs COG2256
2025-03-11 19:17:40.221175 DEBUG::`geom_smooth()` using formula = 'y ~ x'
2025-03-11 19:17:40.236643 INFO::Creating scatter plot for continuous data, log_NO2NO3 vs COG4675
2025-03-11 19:17:40.562914 DEBUG::`geom_smooth()` using formula = 'y ~ x'
2025-03-11 19:17:40.578179 INFO::Creating scatter plot for continuous data, log_NO2NO3 vs COG5304
2025-03-11 19:17:40.887585 DEBUG::`geom_smooth()` using formula = 'y ~ x'
2025-03-11 19:17:40.903428 INFO::Creating scatter plot for continuous data, log_NO2NO3 vs COG3048
2025-03-11 19:17:41.18257 DEBUG::`geom_smooth()` using formula = 'y ~ x'
2025-03-11 19:17:41.198036 INFO::Creating scatter plot for continuous data, log_NO2NO3 vs COG3853
2025-03-11 19:17:41.489452 DEBUG::`geom_smooth()` using formula = 'y ~ x'
2025-03-11 19:17:41.500891 INFO::Creating scatter plot for continuous data, log_NO2NO3 vs COG1225
2025-03-11 19:17:41.82279 DEBUG::`geom_smooth()` using formula = 'y ~ x'
2025-03-11 19:17:41.838204 INFO::Creating scatter plot for continuous data, log_NO2NO3 vs COG2944
2025-03-11 19:17:42.122898 DEBUG::`geom_smooth()` using formula = 'y ~ x'
2025-03-11 19:17:42.139606 INFO::Creating scatter plot for continuous data, log_NO2NO3 vs COG1162
2025-03-11 19:17:42.438287 DEBUG::`geom_smooth()` using formula = 'y ~ x'
2025-03-11 19:17:42.453611 INFO::Creating scatter plot for continuous data, log_NO2NO3 vs COG2342
2025-03-11 19:17:42.870367 DEBUG::`geom_smooth()` using formula = 'y ~ x'
2025-03-11 19:17:42.885674 INFO::Creating scatter plot for continuous data, log_NO2NO3 vs COG5478
2025-03-11 19:17:43.180983 DEBUG::`geom_smooth()` using formula = 'y ~ x'
2025-03-11 19:17:43.198003 INFO::Creating scatter plot for continuous data, log_NO2NO3 vs COG2984
2025-03-11 19:17:43.504925 DEBUG::`geom_smooth()` using formula = 'y ~ x'
2025-03-11 19:17:43.520538 INFO::Creating scatter plot for continuous data, log_NO2NO3 vs COG1316
2025-03-11 19:17:43.848603 DEBUG::`geom_smooth()` using formula = 'y ~ x'
2025-03-11 19:17:43.864496 INFO::Creating scatter plot for continuous data, log_NO2NO3 vs COG2071
2025-03-11 19:17:44.155946 DEBUG::`geom_smooth()` using formula = 'y ~ x'
2025-03-11 19:17:44.171004 INFO::Creating scatter plot for continuous data, log_NO2NO3 vs COG1420
2025-03-11 19:17:44.469613 DEBUG::`geom_smooth()` using formula = 'y ~ x'
2025-03-11 19:17:44.489935 INFO::Creating scatter plot for continuous data, log_NO2NO3 vs COG1287
2025-03-11 19:17:44.832403 DEBUG::`geom_smooth()` using formula = 'y ~ x'
2025-03-11 19:17:44.847471 INFO::Creating scatter plot for continuous data, log_NO2NO3 vs COG4539
2025-03-11 19:17:45.132971 DEBUG::`geom_smooth()` using formula = 'y ~ x'
2025-03-11 19:17:45.147937 INFO::Creating scatter plot for continuous data, log_NO2NO3 vs COG3249
2025-03-11 19:17:45.563116 DEBUG::`geom_smooth()` using formula = 'y ~ x'
2025-03-11 19:17:45.608023 INFO::Creating scatter plot for continuous data, log_NO2NO3 vs COG2990
2025-03-11 19:17:45.943408 DEBUG::`geom_smooth()` using formula = 'y ~ x'
2025-03-11 19:17:46.085482 INFO::Creating scatter plot for continuous data, log_NO2NO3 vs COG2074
2025-03-11 19:17:46.371448 DEBUG::`geom_smooth()` using formula = 'y ~ x'
2025-03-11 19:17:46.394224 INFO::Creating scatter plot for continuous data, log_NO2NO3 vs COG0686
2025-03-11 19:17:46.701654 DEBUG::`geom_smooth()` using formula = 'y ~ x'
2025-03-11 19:17:46.717709 INFO::Creating scatter plot for continuous data, log_NO2NO3 vs COG1914
2025-03-11 19:17:47.042042 DEBUG::`geom_smooth()` using formula = 'y ~ x'
2025-03-11 19:17:47.058167 INFO::Creating scatter plot for continuous data, log_NO2NO3 vs COG5342
2025-03-11 19:17:47.356377 DEBUG::`geom_smooth()` using formula = 'y ~ x'
2025-03-11 19:17:47.371513 INFO::Creating scatter plot for continuous data, log_NO2NO3 vs COG4719
2025-03-11 19:17:47.652692 DEBUG::`geom_smooth()` using formula = 'y ~ x'
2025-03-11 19:17:47.680571 INFO::Creating scatter plot for continuous data, log_NO2NO3 vs COG0427
2025-03-11 19:17:47.988094 DEBUG::`geom_smooth()` using formula = 'y ~ x'
2025-03-11 19:17:48.005003 INFO::Creating scatter plot for continuous data, log_NO2NO3 vs COG3078
2025-03-11 19:17:48.317722 DEBUG::`geom_smooth()` using formula = 'y ~ x'
2025-03-11 19:17:48.341415 INFO::Creating scatter plot for continuous data, log_NO2NO3 vs COG0642
2025-03-11 19:17:48.633695 DEBUG::`geom_smooth()` using formula = 'y ~ x'
2025-03-11 19:17:48.75245 INFO::Creating scatter plot for continuous data, log_NO2NO3 vs COG3805
2025-03-11 19:17:49.05419 DEBUG::`geom_smooth()` using formula = 'y ~ x'
2025-03-11 19:17:49.069857 INFO::Creating scatter plot for continuous data, log_NO2NO3 vs COG2151
2025-03-11 19:17:49.398821 DEBUG::`geom_smooth()` using formula = 'y ~ x'
2025-03-11 19:17:49.414857 INFO::Creating scatter plot for continuous data, log_NO2NO3 vs COG5630
2025-03-11 19:17:49.701146 DEBUG::`geom_smooth()` using formula = 'y ~ x'
2025-03-11 19:17:49.717348 INFO::Creating scatter plot for continuous data, log_NO2NO3 vs COG5483
2025-03-11 19:17:50.01133 DEBUG::`geom_smooth()` using formula = 'y ~ x'
2025-03-11 19:17:50.02877 INFO::Creating scatter plot for continuous data, log_NO2NO3 vs COG2215
2025-03-11 19:17:50.427505 DEBUG::`geom_smooth()` using formula = 'y ~ x'
2025-03-11 19:17:50.443054 INFO::Creating scatter plot for continuous data, log_NO2NO3 vs COG4645
2025-03-11 19:17:50.729413 DEBUG::`geom_smooth()` using formula = 'y ~ x'
2025-03-11 19:17:50.748237 INFO::Creating scatter plot for continuous data, log_NO2NO3 vs COG1747
2025-03-11 19:17:51.062493 DEBUG::`geom_smooth()` using formula = 'y ~ x'
2025-03-11 19:17:51.077873 INFO::Creating scatter plot for continuous data, log_NO2NO3 vs COG1302
2025-03-11 19:17:51.405731 DEBUG::`geom_smooth()` using formula = 'y ~ x'
2025-03-11 19:17:51.420863 INFO::Creating scatter plot for continuous data, log_NO2NO3 vs COG3173
2025-03-11 19:17:51.716915 DEBUG::`geom_smooth()` using formula = 'y ~ x'
2025-03-11 19:17:51.731744 INFO::Creating scatter plot for continuous data, log_NO2NO3 vs COG0237
2025-03-11 19:17:52.020413 DEBUG::`geom_smooth()` using formula = 'y ~ x'
2025-03-11 19:17:52.035427 INFO::Creating scatter plot for continuous data, log_NO2NO3 vs COG3108
2025-03-11 19:17:52.366814 DEBUG::`geom_smooth()` using formula = 'y ~ x'
2025-03-11 19:17:52.38191 INFO::Creating scatter plot for continuous data, log_NO2NO3 vs COG4220
2025-03-11 19:17:52.659855 DEBUG::`geom_smooth()` using formula = 'y ~ x'
2025-03-11 19:17:52.675354 INFO::Creating scatter plot for continuous data, log_NO2NO3 vs COG4737
2025-03-11 19:17:53.013186 DEBUG::`geom_smooth()` using formula = 'y ~ x'
2025-03-11 19:17:53.033722 INFO::Creating scatter plot for continuous data, log_NO2NO3 vs COG3900
2025-03-11 19:17:53.329202 DEBUG::`geom_smooth()` using formula = 'y ~ x'
2025-03-11 19:17:53.344057 INFO::Creating scatter plot for continuous data, log_NO2NO3 vs COG4752
2025-03-11 19:17:53.673688 DEBUG::`geom_smooth()` using formula = 'y ~ x'
2025-03-11 19:17:53.702095 INFO::Creating scatter plot for continuous data, log_NO2NO3 vs COG5626
2025-03-11 19:17:53.993191 DEBUG::`geom_smooth()` using formula = 'y ~ x'
2025-03-11 19:17:54.008145 INFO::Creating scatter plot for continuous data, log_NO2NO3 vs COG3628
2025-03-11 19:17:54.312574 DEBUG::`geom_smooth()` using formula = 'y ~ x'
2025-03-11 19:17:54.331234 INFO::Creating scatter plot for continuous data, log_NO2NO3 vs COG2273
2025-03-11 19:17:54.65427 DEBUG::`geom_smooth()` using formula = 'y ~ x'
2025-03-11 19:17:54.669889 INFO::Creating scatter plot for continuous data, log_NO2NO3 vs COG5464
2025-03-11 19:17:54.965597 DEBUG::`geom_smooth()` using formula = 'y ~ x'
2025-03-11 19:17:54.987237 INFO::Creating scatter plot for continuous data, log_NO2NO3 vs COG2037
2025-03-11 19:17:55.29051 DEBUG::`geom_smooth()` using formula = 'y ~ x'
2025-03-11 19:17:55.305852 INFO::Creating scatter plot for continuous data, log_NO2NO3 vs COG0795
2025-03-11 19:17:55.627432 DEBUG::`geom_smooth()` using formula = 'y ~ x'
2025-03-11 19:17:55.645589 INFO::Creating scatter plot for continuous data, log_NO2NO3 vs COG1698
2025-03-11 19:17:55.932211 DEBUG::`geom_smooth()` using formula = 'y ~ x'
2025-03-11 19:17:55.947423 INFO::Creating scatter plot for continuous data, log_NO2NO3 vs COG4983
2025-03-11 19:17:56.238937 DEBUG::`geom_smooth()` using formula = 'y ~ x'
2025-03-11 19:17:56.256749 INFO::Creating scatter plot for continuous data, log_NO2NO3 vs COG3521
2025-03-11 19:17:56.587889 DEBUG::`geom_smooth()` using formula = 'y ~ x'
2025-03-11 19:17:56.598787 INFO::Creating scatter plot for continuous data, log_NO2NO3 vs COG1989
2025-03-11 19:17:56.967997 DEBUG::`geom_smooth()` using formula = 'y ~ x'
2025-03-11 19:17:56.983451 INFO::Creating scatter plot for continuous data, log_NO2NO3 vs COG3402
2025-03-11 19:17:57.283101 DEBUG::`geom_smooth()` using formula = 'y ~ x'
2025-03-11 19:17:57.298774 INFO::Creating scatter plot for continuous data, log_NO2NO3 vs COG2828
2025-03-11 19:17:57.588831 DEBUG::`geom_smooth()` using formula = 'y ~ x'
2025-03-11 19:17:57.604451 INFO::Creating scatter plot for continuous data, log_NO2NO3 vs COG3001
2025-03-11 19:17:57.93008 DEBUG::`geom_smooth()` using formula = 'y ~ x'
2025-03-11 19:17:57.948454 INFO::Creating scatter plot for continuous data, log_NO2NO3 vs COG2904
2025-03-11 19:17:58.240433 DEBUG::`geom_smooth()` using formula = 'y ~ x'
2025-03-11 19:17:58.256016 INFO::Creating scatter plot for continuous data, log_NO2NO3 vs COG0217
2025-03-11 19:17:58.556719 DEBUG::`geom_smooth()` using formula = 'y ~ x'
2025-03-11 19:17:58.579615 INFO::Creating scatter plot for continuous data, log_NO2NO3 vs COG1548
2025-03-11 19:17:58.900852 DEBUG::`geom_smooth()` using formula = 'y ~ x'
2025-03-11 19:17:58.916854 INFO::Creating scatter plot for continuous data, log_NO2NO3 vs COG2376
2025-03-11 19:17:59.208633 DEBUG::`geom_smooth()` using formula = 'y ~ x'
2025-03-11 19:17:59.318284 INFO::Creating scatter plot for continuous data, log_NO2NO3 vs COG0281
2025-03-11 19:17:59.612844 DEBUG::`geom_smooth()` using formula = 'y ~ x'
2025-03-11 19:17:59.628339 INFO::Creating scatter plot for continuous data, log_NO2NO3 vs COG0286
2025-03-11 19:17:59.961234 DEBUG::`geom_smooth()` using formula = 'y ~ x'
2025-03-11 19:17:59.977927 INFO::Creating scatter plot for continuous data, log_NO2NO3 vs COG4102
2025-03-11 19:18:00.270949 DEBUG::`geom_smooth()` using formula = 'y ~ x'
2025-03-11 19:18:00.286524 INFO::Creating scatter plot for continuous data, log_NO2NO3 vs COG0513
2025-03-11 19:18:00.611235 DEBUG::`geom_smooth()` using formula = 'y ~ x'
2025-03-11 19:18:00.628069 INFO::Creating scatter plot for continuous data, log_NO2NO3 vs COG5323
2025-03-11 19:18:00.946912 DEBUG::`geom_smooth()` using formula = 'y ~ x'
2025-03-11 19:18:00.966375 INFO::Creating scatter plot for continuous data, log_NO2NO3 vs COG3215
2025-03-11 19:18:01.250634 DEBUG::`geom_smooth()` using formula = 'y ~ x'
2025-03-11 19:18:01.273791 INFO::Creating scatter plot for continuous data, log_NO2NO3 vs COG3723
2025-03-11 19:18:01.561373 DEBUG::`geom_smooth()` using formula = 'y ~ x'
2025-03-11 19:18:01.576212 INFO::Creating scatter plot for continuous data, log_NO2NO3 vs COG1012
2025-03-11 19:18:01.900822 DEBUG::`geom_smooth()` using formula = 'y ~ x'
2025-03-11 19:18:01.915369 INFO::Creating scatter plot for continuous data, log_NO2NO3 vs COG0765
2025-03-11 19:18:02.214601 DEBUG::`geom_smooth()` using formula = 'y ~ x'
2025-03-11 19:18:02.229875 INFO::Creating scatter plot for continuous data, log_NO2NO3 vs COG2365
2025-03-11 19:18:02.517071 DEBUG::`geom_smooth()` using formula = 'y ~ x'
2025-03-11 19:18:02.532026 INFO::Creating scatter plot for continuous data, log_NO2NO3 vs COG2209
2025-03-11 19:18:02.823378 DEBUG::`geom_smooth()` using formula = 'y ~ x'
2025-03-11 19:18:02.838733 INFO::Creating scatter plot for continuous data, log_NO2NO3 vs COG3376
2025-03-11 19:18:03.158144 DEBUG::`geom_smooth()` using formula = 'y ~ x'
2025-03-11 19:18:03.17207 INFO::Creating scatter plot for continuous data, log_NO2NO3 vs COG3856
2025-03-11 19:18:03.474055 DEBUG::`geom_smooth()` using formula = 'y ~ x'
2025-03-11 19:18:03.48938 INFO::Creating scatter plot for continuous data, log_NO2NO3 vs COG1708
2025-03-11 19:18:03.805763 DEBUG::`geom_smooth()` using formula = 'y ~ x'
2025-03-11 19:18:03.831726 INFO::Creating scatter plot for continuous data, log_NO2NO3 vs COG3678
2025-03-11 19:18:04.162868 DEBUG::`geom_smooth()` using formula = 'y ~ x'
2025-03-11 19:18:04.178389 INFO::Creating scatter plot for continuous data, log_NO2NO3 vs COG5523
2025-03-11 19:18:04.479714 DEBUG::`geom_smooth()` using formula = 'y ~ x'
2025-03-11 19:18:04.498472 INFO::Creating scatter plot for continuous data, log_NO2NO3 vs COG3443
2025-03-11 19:18:04.793286 DEBUG::`geom_smooth()` using formula = 'y ~ x'
2025-03-11 19:18:04.808669 INFO::Creating scatter plot for continuous data, log_NO2NO3 vs COG1439
2025-03-11 19:18:05.144785 DEBUG::`geom_smooth()` using formula = 'y ~ x'
2025-03-11 19:18:05.157181 INFO::Creating scatter plot for continuous data, log_NO2NO3 vs COG1134
2025-03-11 19:18:05.438207 DEBUG::`geom_smooth()` using formula = 'y ~ x'
2025-03-11 19:18:05.453929 INFO::Creating scatter plot for continuous data, log_NO2NO3 vs COG0727
2025-03-11 19:18:05.752499 DEBUG::`geom_smooth()` using formula = 'y ~ x'
2025-03-11 19:18:05.771091 INFO::Creating scatter plot for continuous data, log_NO2NO3 vs COG1256
2025-03-11 19:18:06.107178 DEBUG::`geom_smooth()` using formula = 'y ~ x'
2025-03-11 19:18:06.122645 INFO::Creating scatter plot for continuous data, log_NO2NO3 vs COG2983
2025-03-11 19:18:06.402971 DEBUG::`geom_smooth()` using formula = 'y ~ x'
2025-03-11 19:18:06.415504 INFO::Creating scatter plot for continuous data, log_NO2NO3 vs COG0039
2025-03-11 19:18:06.705477 DEBUG::`geom_smooth()` using formula = 'y ~ x'
2025-03-11 19:18:06.723833 INFO::Creating scatter plot for continuous data, log_NO2NO3 vs COG2924
2025-03-11 19:18:07.050068 DEBUG::`geom_smooth()` using formula = 'y ~ x'
2025-03-11 19:18:07.065624 INFO::Creating scatter plot for continuous data, log_NO2NO3 vs COG3212
2025-03-11 19:18:07.346065 DEBUG::`geom_smooth()` using formula = 'y ~ x'
2025-03-11 19:18:07.357607 INFO::Creating scatter plot for continuous data, log_NO2NO3 vs COG2898
2025-03-11 19:18:07.658987 DEBUG::`geom_smooth()` using formula = 'y ~ x'
2025-03-11 19:18:07.673923 INFO::Creating scatter plot for continuous data, log_NO2NO3 vs COG4944
2025-03-11 19:18:07.995862 DEBUG::`geom_smooth()` using formula = 'y ~ x'
2025-03-11 19:18:08.057375 INFO::Creating scatter plot for continuous data, log_NO2NO3 vs COG0490
2025-03-11 19:18:08.388906 DEBUG::`geom_smooth()` using formula = 'y ~ x'
2025-03-11 19:18:08.405112 INFO::Creating scatter plot for continuous data, log_NO2NO3 vs COG3537
2025-03-11 19:18:08.701761 DEBUG::`geom_smooth()` using formula = 'y ~ x'
2025-03-11 19:18:08.715989 INFO::Creating scatter plot for continuous data, log_NO2NO3 vs COG0484
2025-03-11 19:18:09.02829 DEBUG::`geom_smooth()` using formula = 'y ~ x'
2025-03-11 19:18:09.043657 INFO::Creating scatter plot for continuous data, log_NO2NO3 vs COG1868
2025-03-11 19:18:09.36977 DEBUG::`geom_smooth()` using formula = 'y ~ x'
2025-03-11 19:18:09.382221 INFO::Creating scatter plot for continuous data, log_NO2NO3 vs COG1600
2025-03-11 19:18:09.676872 DEBUG::`geom_smooth()` using formula = 'y ~ x'
2025-03-11 19:18:09.700163 INFO::Creating scatter plot for continuous data, log_NO2NO3 vs COG1208
2025-03-11 19:18:09.992175 DEBUG::`geom_smooth()` using formula = 'y ~ x'
2025-03-11 19:18:10.067823 INFO::Creating scatter plot for continuous data, log_NO2NO3 vs COG1181
2025-03-11 19:18:10.392729 DEBUG::`geom_smooth()` using formula = 'y ~ x'
2025-03-11 19:18:10.40888 INFO::Creating scatter plot for continuous data, log_NO2NO3 vs COG2706
2025-03-11 19:18:10.698007 DEBUG::`geom_smooth()` using formula = 'y ~ x'
2025-03-11 19:18:10.711512 INFO::Creating scatter plot for continuous data, log_NO2NO3 vs COG5545
2025-03-11 19:18:11.009629 DEBUG::`geom_smooth()` using formula = 'y ~ x'
2025-03-11 19:18:11.025192 INFO::Creating scatter plot for continuous data, log_NO2NO3 vs COG3331
2025-03-11 19:18:11.345571 DEBUG::`geom_smooth()` using formula = 'y ~ x'
2025-03-11 19:18:11.360409 INFO::Creating scatter plot for continuous data, log_NO2NO3 vs COG3817
2025-03-11 19:18:11.643403 DEBUG::`geom_smooth()` using formula = 'y ~ x'
2025-03-11 19:18:11.664358 INFO::Creating scatter plot for continuous data, log_NO2NO3 vs COG1168
2025-03-11 19:18:11.958531 DEBUG::`geom_smooth()` using formula = 'y ~ x'
2025-03-11 19:18:11.977015 INFO::Creating scatter plot for continuous data, log_NO2NO3 vs COG4525
2025-03-11 19:18:13.141198 DEBUG::`geom_smooth()` using formula = 'y ~ x'
2025-03-11 19:18:13.156379 INFO::Creating scatter plot for continuous data, log_NO2NO3 vs COG4623
2025-03-11 19:18:13.489546 DEBUG::`geom_smooth()` using formula = 'y ~ x'
2025-03-11 19:18:13.512942 INFO::Creating scatter plot for continuous data, log_NO2NO3 vs COG3224
2025-03-11 19:18:13.811294 DEBUG::`geom_smooth()` using formula = 'y ~ x'
2025-03-11 19:18:13.827009 INFO::Creating scatter plot for continuous data, log_NO2NO3 vs COG3089
2025-03-11 19:18:14.126753 DEBUG::`geom_smooth()` using formula = 'y ~ x'
2025-03-11 19:18:14.140899 INFO::Creating scatter plot for continuous data, log_NO2NO3 vs COG3514
2025-03-11 19:18:14.413913 DEBUG::`geom_smooth()` using formula = 'y ~ x'
2025-03-11 19:18:14.429141 INFO::Creating scatter plot for continuous data, log_NO2NO3 vs COG4150
2025-03-11 19:18:14.715708 DEBUG::`geom_smooth()` using formula = 'y ~ x'
2025-03-11 19:18:14.732196 INFO::Creating scatter plot for continuous data, log_NO2NO3 vs COG5000
2025-03-11 19:18:15.03221 DEBUG::`geom_smooth()` using formula = 'y ~ x'
2025-03-11 19:18:15.047387 INFO::Creating scatter plot for continuous data, log_NO2NO3 vs COG1052
2025-03-11 19:18:15.312271 DEBUG::`geom_smooth()` using formula = 'y ~ x'
2025-03-11 19:18:15.32769 INFO::Creating scatter plot for continuous data, log_NO2NO3 vs COG4801
2025-03-11 19:18:15.599579 DEBUG::`geom_smooth()` using formula = 'y ~ x'
2025-03-11 19:18:15.622047 INFO::Creating scatter plot for continuous data, log_NO2NO3 vs COG0062
2025-03-11 19:18:15.902963 DEBUG::`geom_smooth()` using formula = 'y ~ x'
2025-03-11 19:18:15.917678 INFO::Creating scatter plot for continuous data, log_NO2NO3 vs COG1938
2025-03-11 19:18:16.22277 DEBUG::`geom_smooth()` using formula = 'y ~ x'
2025-03-11 19:18:16.233097 INFO::Creating scatter plot for continuous data, log_NO2NO3 vs COG2445
2025-03-11 19:18:16.510627 DEBUG::`geom_smooth()` using formula = 'y ~ x'
2025-03-11 19:18:16.52548 INFO::Creating scatter plot for continuous data, log_NO2NO3 vs COG0172
2025-03-11 19:18:16.804714 DEBUG::`geom_smooth()` using formula = 'y ~ x'
2025-03-11 19:18:16.816358 INFO::Creating scatter plot for continuous data, log_NO2NO3 vs COG3779
2025-03-11 19:18:17.113876 DEBUG::`geom_smooth()` using formula = 'y ~ x'
2025-03-11 19:18:17.128721 INFO::Creating scatter plot for continuous data, log_NO2NO3 vs COG4405
2025-03-11 19:18:17.409121 DEBUG::`geom_smooth()` using formula = 'y ~ x'
2025-03-11 19:18:17.424371 INFO::Creating scatter plot for continuous data, log_NO2NO3 vs COG4605
2025-03-11 19:18:17.696523 DEBUG::`geom_smooth()` using formula = 'y ~ x'
2025-03-11 19:18:17.711614 INFO::Creating scatter plot for continuous data, log_NO2NO3 vs COG1544
2025-03-11 19:18:18.002474 DEBUG::`geom_smooth()` using formula = 'y ~ x'
2025-03-11 19:18:18.041422 INFO::Creating scatter plot for continuous data, log_NO2NO3 vs COG1474
2025-03-11 19:18:18.39044 DEBUG::`geom_smooth()` using formula = 'y ~ x'
2025-03-11 19:18:18.405139 INFO::Creating scatter plot for continuous data, log_NO2NO3 vs COG3619
2025-03-11 19:18:18.693609 DEBUG::`geom_smooth()` using formula = 'y ~ x'
2025-03-11 19:18:18.714447 INFO::Creating scatter plot for continuous data, log_NO2NO3 vs COG0722
2025-03-11 19:18:18.994133 DEBUG::`geom_smooth()` using formula = 'y ~ x'
2025-03-11 19:18:19.017164 INFO::Creating scatter plot for continuous data, log_NO2NO3 vs COG0612
2025-03-11 19:18:19.314328 DEBUG::`geom_smooth()` using formula = 'y ~ x'
2025-03-11 19:18:19.328637 INFO::Creating scatter plot for continuous data, log_NO2NO3 vs COG4231
2025-03-11 19:18:19.603514 DEBUG::`geom_smooth()` using formula = 'y ~ x'
2025-03-11 19:18:19.617519 INFO::Creating scatter plot for continuous data, log_NO2NO3 vs COG3009
2025-03-11 19:18:19.888021 DEBUG::`geom_smooth()` using formula = 'y ~ x'
2025-03-11 19:18:19.926527 INFO::Creating scatter plot for continuous data, log_NO2NO3 vs COG2761
2025-03-11 19:18:20.212298 DEBUG::`geom_smooth()` using formula = 'y ~ x'
2025-03-11 19:18:20.227212 INFO::Creating scatter plot for continuous data, log_NO2NO3 vs COG4519
2025-03-11 19:18:20.504599 DEBUG::`geom_smooth()` using formula = 'y ~ x'
2025-03-11 19:18:20.519061 INFO::Creating scatter plot for continuous data, log_NO2NO3 vs COG5525
2025-03-11 19:18:20.796611 DEBUG::`geom_smooth()` using formula = 'y ~ x'
2025-03-11 19:18:20.822898 INFO::Creating scatter plot for continuous data, log_NO2NO3 vs COG0489
2025-03-11 19:18:21.109523 DEBUG::`geom_smooth()` using formula = 'y ~ x'
2025-03-11 19:18:21.124554 INFO::Creating scatter plot for continuous data, log_NO2NO3 vs COG0586
2025-03-11 19:18:21.40159 DEBUG::`geom_smooth()` using formula = 'y ~ x'
2025-03-11 19:18:21.41714 INFO::Creating scatter plot for continuous data, log_NO2NO3 vs COG5440
2025-03-11 19:18:21.684314 DEBUG::`geom_smooth()` using formula = 'y ~ x'
2025-03-11 19:18:21.699239 INFO::Creating scatter plot for continuous data, log_NO2NO3 vs COG1637
2025-03-11 19:18:21.974874 DEBUG::`geom_smooth()` using formula = 'y ~ x'
2025-03-11 19:18:21.989733 INFO::Creating scatter plot for continuous data, log_NO2NO3 vs COG1407
2025-03-11 19:18:22.29317 DEBUG::`geom_smooth()` using formula = 'y ~ x'
2025-03-11 19:18:22.311421 INFO::Creating scatter plot for continuous data, log_NO2NO3 vs COG4253
2025-03-11 19:18:22.593932 DEBUG::`geom_smooth()` using formula = 'y ~ x'
2025-03-11 19:18:22.609221 INFO::Creating scatter plot for continuous data, log_NO2NO3 vs COG3629
2025-03-11 19:18:22.87755 DEBUG::`geom_smooth()` using formula = 'y ~ x'
2025-03-11 19:18:22.899638 INFO::Creating scatter plot for continuous data, log_NO2NO3 vs COG4326
2025-03-11 19:18:23.191082 DEBUG::`geom_smooth()` using formula = 'y ~ x'
2025-03-11 19:18:23.249725 INFO::Creating scatter plot for continuous data, log_NO2NO3 vs COG3703
2025-03-11 19:18:23.533896 DEBUG::`geom_smooth()` using formula = 'y ~ x'
2025-03-11 19:18:23.549235 INFO::Creating scatter plot for continuous data, log_NO2NO3 vs COG1959
2025-03-11 19:18:23.832775 DEBUG::`geom_smooth()` using formula = 'y ~ x'
2025-03-11 19:18:23.849398 INFO::Creating scatter plot for continuous data, log_NO2NO3 vs COG3798
2025-03-11 19:18:24.144118 DEBUG::`geom_smooth()` using formula = 'y ~ x'
2025-03-11 19:18:24.150942 INFO::Creating scatter plot for continuous data, log_NO2NO3 vs COG3475
2025-03-11 19:18:24.42635 DEBUG::`geom_smooth()` using formula = 'y ~ x'
2025-03-11 19:18:24.441828 INFO::Creating scatter plot for continuous data, log_NO2NO3 vs COG1921
2025-03-11 19:18:24.724433 DEBUG::`geom_smooth()` using formula = 'y ~ x'
2025-03-11 19:18:24.739479 INFO::Creating scatter plot for continuous data, log_NO2NO3 vs COG0299
2025-03-11 19:18:25.026842 DEBUG::`geom_smooth()` using formula = 'y ~ x'
2025-03-11 19:18:25.041893 INFO::Creating scatter plot for continuous data, log_NO2NO3 vs COG1842
2025-03-11 19:18:25.318392 DEBUG::`geom_smooth()` using formula = 'y ~ x'
2025-03-11 19:18:25.333421 INFO::Creating scatter plot for continuous data, log_NO2NO3 vs COG5566
2025-03-11 19:18:25.770043 DEBUG::`geom_smooth()` using formula = 'y ~ x'
2025-03-11 19:18:25.854317 INFO::Creating scatter plot for continuous data, log_NO2NO3 vs COG2267
2025-03-11 19:18:26.140248 DEBUG::`geom_smooth()` using formula = 'y ~ x'
2025-03-11 19:18:26.164841 INFO::Creating scatter plot for continuous data, log_NO2NO3 vs COG4273
2025-03-11 19:18:26.455648 DEBUG::`geom_smooth()` using formula = 'y ~ x'
2025-03-11 19:18:26.470692 INFO::Creating scatter plot for continuous data, log_NO2NO3 vs COG4430
2025-03-11 19:18:26.768513 DEBUG::`geom_smooth()` using formula = 'y ~ x'
2025-03-11 19:18:26.787539 INFO::Creating scatter plot for continuous data, log_NO2NO3 vs COG5591
2025-03-11 19:18:27.060838 DEBUG::`geom_smooth()` using formula = 'y ~ x'
2025-03-11 19:18:27.077709 INFO::Creating scatter plot for continuous data, log_NO2NO3 vs COG2401
2025-03-11 19:18:27.369198 DEBUG::`geom_smooth()` using formula = 'y ~ x'
2025-03-11 19:18:27.384609 INFO::Creating scatter plot for continuous data, log_NO2NO3 vs COG3617
2025-03-11 19:18:27.661101 DEBUG::`geom_smooth()` using formula = 'y ~ x'
2025-03-11 19:18:27.673168 INFO::Creating scatter plot for continuous data, log_NO2NO3 vs COG1048
2025-03-11 19:18:27.94911 DEBUG::`geom_smooth()` using formula = 'y ~ x'
2025-03-11 19:18:27.963488 INFO::Creating scatter plot for continuous data, log_NO2NO3 vs COG5340
2025-03-11 19:18:28.257197 DEBUG::`geom_smooth()` using formula = 'y ~ x'
2025-03-11 19:18:28.270846 INFO::Creating scatter plot for continuous data, log_NO2NO3 vs COG5484
2025-03-11 19:18:28.54729 DEBUG::`geom_smooth()` using formula = 'y ~ x'
2025-03-11 19:18:28.601342 INFO::Creating scatter plot for continuous data, log_NO2NO3 vs COG3783
2025-03-11 19:18:28.874694 DEBUG::`geom_smooth()` using formula = 'y ~ x'
2025-03-11 19:18:28.900344 INFO::Creating scatter plot for continuous data, log_NO2NO3 vs COG4270
2025-03-11 19:18:29.183343 DEBUG::`geom_smooth()` using formula = 'y ~ x'
2025-03-11 19:18:29.204339 INFO::Creating scatter plot for continuous data, log_NO2NO3 vs COG4834
2025-03-11 19:18:29.478692 DEBUG::`geom_smooth()` using formula = 'y ~ x'
2025-03-11 19:18:29.494391 INFO::Creating scatter plot for continuous data, log_NO2NO3 vs COG3919
2025-03-11 19:18:29.768054 DEBUG::`geom_smooth()` using formula = 'y ~ x'
2025-03-11 19:18:29.78416 INFO::Creating scatter plot for continuous data, log_NO2NO3 vs COG2122
2025-03-11 19:18:30.07373 DEBUG::`geom_smooth()` using formula = 'y ~ x'
2025-03-11 19:18:30.08758 INFO::Creating scatter plot for continuous data, log_NO2NO3 vs COG3684
2025-03-11 19:18:30.359211 DEBUG::`geom_smooth()` using formula = 'y ~ x'
2025-03-11 19:18:30.373847 INFO::Creating scatter plot for continuous data, log_NO2NO3 vs COG0709
2025-03-11 19:18:30.643786 DEBUG::`geom_smooth()` using formula = 'y ~ x'
2025-03-11 19:18:30.662774 INFO::Creating scatter plot for continuous data, log_NO2NO3 vs COG1217
2025-03-11 19:18:30.936244 DEBUG::`geom_smooth()` using formula = 'y ~ x'
2025-03-11 19:18:30.951414 INFO::Creating scatter plot for continuous data, log_NO2NO3 vs COG4208
2025-03-11 19:18:31.248281 DEBUG::`geom_smooth()` using formula = 'y ~ x'
2025-03-11 19:18:31.262657 INFO::Creating scatter plot for continuous data, log_NO2NO3 vs COG4533
2025-03-11 19:18:31.532476 DEBUG::`geom_smooth()` using formula = 'y ~ x'
2025-03-11 19:18:31.554415 INFO::Creating scatter plot for continuous data, log_NO2NO3 vs COG1722
2025-03-11 19:18:31.832904 DEBUG::`geom_smooth()` using formula = 'y ~ x'
2025-03-11 19:18:31.848193 INFO::Creating scatter plot for continuous data, log_NO2NO3 vs COG4457
2025-03-11 19:18:32.146137 DEBUG::`geom_smooth()` using formula = 'y ~ x'
2025-03-11 19:18:32.160704 INFO::Creating scatter plot for continuous data, log_NO2NO3 vs COG3788
2025-03-11 19:18:32.431588 DEBUG::`geom_smooth()` using formula = 'y ~ x'
2025-03-11 19:18:32.453428 INFO::Creating scatter plot for continuous data, log_NO2NO3 vs COG2516
2025-03-11 19:18:32.723991 DEBUG::`geom_smooth()` using formula = 'y ~ x'
2025-03-11 19:18:32.747928 INFO::Creating scatter plot for continuous data, log_NO2NO3 vs COG4300
2025-03-11 19:18:33.046022 DEBUG::`geom_smooth()` using formula = 'y ~ x'
2025-03-11 19:18:33.063924 INFO::Creating scatter plot for continuous data, log_NO2NO3 vs COG1370
2025-03-11 19:18:33.334554 DEBUG::`geom_smooth()` using formula = 'y ~ x'
2025-03-11 19:18:33.349814 INFO::Creating scatter plot for continuous data, log_NO2NO3 vs COG3618
2025-03-11 19:18:33.640949 DEBUG::`geom_smooth()` using formula = 'y ~ x'
2025-03-11 19:18:33.666425 INFO::Creating scatter plot for continuous data, log_NO2NO3 vs COG0363
2025-03-11 19:18:34.038169 DEBUG::`geom_smooth()` using formula = 'y ~ x'
2025-03-11 19:18:34.053595 INFO::Creating scatter plot for continuous data, log_NO2NO3 vs COG1545
2025-03-11 19:18:34.338814 DEBUG::`geom_smooth()` using formula = 'y ~ x'
2025-03-11 19:18:34.35376 INFO::Creating scatter plot for continuous data, log_NO2NO3 vs COG3551
2025-03-11 19:18:34.655682 DEBUG::`geom_smooth()` using formula = 'y ~ x'
2025-03-11 19:18:34.67567 INFO::Creating scatter plot for continuous data, log_NO2NO3 vs COG3513
2025-03-11 19:18:35.052011 DEBUG::`geom_smooth()` using formula = 'y ~ x'
2025-03-11 19:18:35.067614 INFO::Creating scatter plot for continuous data, log_NO2NO3 vs COG0085
2025-03-11 19:18:35.357675 DEBUG::`geom_smooth()` using formula = 'y ~ x'
2025-03-11 19:18:35.37324 INFO::Creating scatter plot for continuous data, log_NO2NO3 vs COG4763
2025-03-11 19:18:35.660416 DEBUG::`geom_smooth()` using formula = 'y ~ x'
2025-03-11 19:18:35.675536 INFO::Creating scatter plot for continuous data, log_NO2NO3 vs COG5661
2025-03-11 19:18:35.968218 DEBUG::`geom_smooth()` using formula = 'y ~ x'
2025-03-11 19:18:35.983575 INFO::Creating scatter plot for continuous data, log_NO2NO3 vs COG0618
2025-03-11 19:18:36.284462 DEBUG::`geom_smooth()` using formula = 'y ~ x'
2025-03-11 19:18:36.299401 INFO::Creating scatter plot for continuous data, log_NO2NO3 vs COG3772
2025-03-11 19:18:36.590355 DEBUG::`geom_smooth()` using formula = 'y ~ x'
2025-03-11 19:18:36.687921 INFO::Creating scatter plot for continuous data, log_NO2NO3 vs COG3539
2025-03-11 19:18:36.969077 DEBUG::`geom_smooth()` using formula = 'y ~ x'
2025-03-11 19:18:36.988129 INFO::Creating scatter plot for continuous data, log_NO2NO3 vs COG0270
2025-03-11 19:18:37.304969 DEBUG::`geom_smooth()` using formula = 'y ~ x'
2025-03-11 19:18:37.328092 INFO::Creating scatter plot for continuous data, log_NO2NO3 vs COG0530
2025-03-11 19:18:37.605237 DEBUG::`geom_smooth()` using formula = 'y ~ x'
2025-03-11 19:18:37.620211 INFO::Creating scatter plot for continuous data, log_NO2NO3 vs COG3640
2025-03-11 19:18:37.900336 DEBUG::`geom_smooth()` using formula = 'y ~ x'
2025-03-11 19:18:37.915411 INFO::Creating scatter plot for continuous data, log_NO2NO3 vs COG3014
2025-03-11 19:18:38.239653 DEBUG::`geom_smooth()` using formula = 'y ~ x'
2025-03-11 19:18:38.25466 INFO::Creating scatter plot for continuous data, log_NO2NO3 vs COG3486
2025-03-11 19:18:38.531672 DEBUG::`geom_smooth()` using formula = 'y ~ x'
2025-03-11 19:18:38.579607 INFO::Creating scatter plot for continuous data, log_NO2NO3 vs COG1928
2025-03-11 19:18:38.9421 DEBUG::`geom_smooth()` using formula = 'y ~ x'
2025-03-11 19:18:38.968936 INFO::Creating scatter plot for continuous data, log_NO2NO3 vs COG5385
2025-03-11 19:18:39.251168 DEBUG::`geom_smooth()` using formula = 'y ~ x'
2025-03-11 19:18:39.276035 INFO::Creating scatter plot for continuous data, log_NO2NO3 vs COG2001
2025-03-11 19:18:39.5845 DEBUG::`geom_smooth()` using formula = 'y ~ x'
2025-03-11 19:18:39.59996 INFO::Creating scatter plot for continuous data, log_NO2NO3 vs COG3719
2025-03-11 19:18:39.881991 DEBUG::`geom_smooth()` using formula = 'y ~ x'
2025-03-11 19:18:39.901099 INFO::Creating scatter plot for continuous data, log_NO2NO3 vs COG2931
2025-03-11 19:18:40.191722 DEBUG::`geom_smooth()` using formula = 'y ~ x'
2025-03-11 19:18:40.2069 INFO::Creating scatter plot for continuous data, log_NO2NO3 vs COG4729
2025-03-11 19:18:40.504496 DEBUG::`geom_smooth()` using formula = 'y ~ x'
2025-03-11 19:18:40.517724 INFO::Creating scatter plot for continuous data, log_NO2NO3 vs COG1533
2025-03-11 19:18:40.800584 DEBUG::`geom_smooth()` using formula = 'y ~ x'
2025-03-11 19:18:40.81575 INFO::Creating scatter plot for continuous data, log_NO2NO3 vs COG3631
2025-03-11 19:18:41.100532 DEBUG::`geom_smooth()` using formula = 'y ~ x'
2025-03-11 19:18:41.116044 INFO::Creating scatter plot for continuous data, log_NO2NO3 vs COG0470
2025-03-11 19:18:41.435131 DEBUG::`geom_smooth()` using formula = 'y ~ x'
2025-03-11 19:18:41.450419 INFO::Creating scatter plot for continuous data, log_NO2NO3 vs COG0071
2025-03-11 19:18:41.735483 DEBUG::`geom_smooth()` using formula = 'y ~ x'
2025-03-11 19:18:41.752306 INFO::Creating scatter plot for continuous data, log_NO2NO3 vs COG0783
2025-03-11 19:18:42.037912 DEBUG::`geom_smooth()` using formula = 'y ~ x'
2025-03-11 19:18:42.184489 INFO::Creating scatter plot for continuous data, log_NO2NO3 vs COG3976
2025-03-11 19:18:42.498552 DEBUG::`geom_smooth()` using formula = 'y ~ x'
2025-03-11 19:18:42.515123 INFO::Creating scatter plot for continuous data, log_NO2NO3 vs COG0151
2025-03-11 19:18:42.799849 DEBUG::`geom_smooth()` using formula = 'y ~ x'
2025-03-11 19:18:42.817467 INFO::Creating scatter plot for continuous data, log_NO2NO3 vs COG2006
2025-03-11 19:18:43.097816 DEBUG::`geom_smooth()` using formula = 'y ~ x'
2025-03-11 19:18:43.113435 INFO::Creating scatter plot for continuous data, log_NO2NO3 vs COG0464
2025-03-11 19:18:43.408733 DEBUG::`geom_smooth()` using formula = 'y ~ x'
2025-03-11 19:18:43.425666 INFO::Creating scatter plot for continuous data, log_NO2NO3 vs COG2039
2025-03-11 19:18:43.732353 DEBUG::`geom_smooth()` using formula = 'y ~ x'
2025-03-11 19:18:43.747191 INFO::Creating scatter plot for continuous data, log_NO2NO3 vs COG4813
2025-03-11 19:18:44.027431 DEBUG::`geom_smooth()` using formula = 'y ~ x'
2025-03-11 19:18:44.048683 INFO::Creating scatter plot for continuous data, log_NO2NO3 vs COG3885
2025-03-11 19:18:44.35234 DEBUG::`geom_smooth()` using formula = 'y ~ x'
2025-03-11 19:18:44.379976 INFO::Creating scatter plot for continuous data, log_NO2NO3 vs COG3101
2025-03-11 19:18:44.697381 DEBUG::`geom_smooth()` using formula = 'y ~ x'
2025-03-11 19:18:44.709544 INFO::Creating scatter plot for continuous data, log_NO2NO3 vs COG4575
2025-03-11 19:18:44.991628 DEBUG::`geom_smooth()` using formula = 'y ~ x'
2025-03-11 19:18:45.006757 INFO::Creating scatter plot for continuous data, log_NO2NO3 vs COG5530
2025-03-11 19:18:45.287704 DEBUG::`geom_smooth()` using formula = 'y ~ x'
2025-03-11 19:18:45.30141 INFO::Creating scatter plot for continuous data, log_NO2NO3 vs COG1358
2025-03-11 19:18:45.618817 DEBUG::`geom_smooth()` using formula = 'y ~ x'
2025-03-11 19:18:45.63409 INFO::Creating scatter plot for continuous data, log_NO2NO3 vs COG2916
2025-03-11 19:18:45.925463 DEBUG::`geom_smooth()` using formula = 'y ~ x'
2025-03-11 19:18:45.948643 INFO::Creating scatter plot for continuous data, log_NO2NO3 vs COG5569
2025-03-11 19:18:46.232193 DEBUG::`geom_smooth()` using formula = 'y ~ x'
2025-03-11 19:18:46.247405 INFO::Creating scatter plot for continuous data, log_NO2NO3 vs COG4782
2025-03-11 19:18:46.557752 DEBUG::`geom_smooth()` using formula = 'y ~ x'
2025-03-11 19:18:46.575722 INFO::Creating scatter plot for continuous data, log_NO2NO3 vs COG3381
2025-03-11 19:18:46.863522 DEBUG::`geom_smooth()` using formula = 'y ~ x'
2025-03-11 19:18:46.878391 INFO::Creating scatter plot for continuous data, log_NO2NO3 vs COG3973
2025-03-11 19:18:47.161106 DEBUG::`geom_smooth()` using formula = 'y ~ x'
2025-03-11 19:18:47.17842 INFO::Creating scatter plot for continuous data, log_NO2NO3 vs COG3435
2025-03-11 19:18:47.472003 DEBUG::`geom_smooth()` using formula = 'y ~ x'
2025-03-11 19:18:47.486736 INFO::Creating scatter plot for continuous data, log_NO2NO3 vs COG2055
2025-03-11 19:18:47.784993 DEBUG::`geom_smooth()` using formula = 'y ~ x'
2025-03-11 19:18:47.803575 INFO::Creating scatter plot for continuous data, log_NO2NO3 vs COG5650
2025-03-11 19:18:48.080964 DEBUG::`geom_smooth()` using formula = 'y ~ x'
2025-03-11 19:18:48.095836 INFO::Creating scatter plot for continuous data, log_NO2NO3 vs COG2164
2025-03-11 19:18:48.38046 DEBUG::`geom_smooth()` using formula = 'y ~ x'
2025-03-11 19:18:48.395195 INFO::Creating scatter plot for continuous data, log_NO2NO3 vs COG2060
2025-03-11 19:18:48.71287 DEBUG::`geom_smooth()` using formula = 'y ~ x'
2025-03-11 19:18:48.727833 INFO::Creating scatter plot for continuous data, log_NO2NO3 vs COG5652
2025-03-11 19:18:49.013988 DEBUG::`geom_smooth()` using formula = 'y ~ x'
2025-03-11 19:18:49.074001 INFO::Creating scatter plot for continuous data, log_NO2NO3 vs COG3233
2025-03-11 19:18:49.364429 DEBUG::`geom_smooth()` using formula = 'y ~ x'
2025-03-11 19:18:49.390672 INFO::Creating scatter plot for continuous data, log_NO2NO3 vs COG1297
2025-03-11 19:18:49.705294 DEBUG::`geom_smooth()` using formula = 'y ~ x'
2025-03-11 19:18:49.725479 INFO::Creating scatter plot for continuous data, log_NO2NO3 vs COG5266
2025-03-11 19:18:50.00024 DEBUG::`geom_smooth()` using formula = 'y ~ x'
2025-03-11 19:18:50.015671 INFO::Creating scatter plot for continuous data, log_NO2NO3 vs COG4520
2025-03-11 19:18:50.307462 DEBUG::`geom_smooth()` using formula = 'y ~ x'
2025-03-11 19:18:50.320957 INFO::Creating scatter plot for continuous data, log_NO2NO3 vs COG2049
2025-03-11 19:18:50.624207 DEBUG::`geom_smooth()` using formula = 'y ~ x'
2025-03-11 19:18:50.639425 INFO::Creating scatter plot for continuous data, log_NO2NO3 vs COG2882
2025-03-11 19:18:50.913437 DEBUG::`geom_smooth()` using formula = 'y ~ x'
2025-03-11 19:18:50.926349 INFO::Creating scatter plot for continuous data, log_NO2NO3 vs COG1030
2025-03-11 19:18:51.209658 DEBUG::`geom_smooth()` using formula = 'y ~ x'
2025-03-11 19:18:51.224878 INFO::Creating scatter plot for continuous data, log_NO2NO3 vs COG1433
2025-03-11 19:18:51.535295 DEBUG::`geom_smooth()` using formula = 'y ~ x'
2025-03-11 19:18:51.550474 INFO::Creating scatter plot for continuous data, log_NO2NO3 vs COG0079
2025-03-11 19:18:51.830513 DEBUG::`geom_smooth()` using formula = 'y ~ x'
2025-03-11 19:18:51.845665 INFO::Creating scatter plot for continuous data, log_NO2NO3 vs COG0644
2025-03-11 19:18:52.283556 DEBUG::`geom_smooth()` using formula = 'y ~ x'
2025-03-11 19:18:52.299456 INFO::Creating scatter plot for continuous data, log_NO2NO3 vs COG3378
2025-03-11 19:18:52.611132 DEBUG::`geom_smooth()` using formula = 'y ~ x'
2025-03-11 19:18:52.626608 INFO::Creating scatter plot for continuous data, log_NO2NO3 vs COG2519
2025-03-11 19:18:52.915753 DEBUG::`geom_smooth()` using formula = 'y ~ x'
2025-03-11 19:18:52.930424 INFO::Creating scatter plot for continuous data, log_NO2NO3 vs COG0526
2025-03-11 19:18:53.206078 DEBUG::`geom_smooth()` using formula = 'y ~ x'
2025-03-11 19:18:53.220206 INFO::Creating scatter plot for continuous data, log_NO2NO3 vs COG4738
2025-03-11 19:18:53.514674 DEBUG::`geom_smooth()` using formula = 'y ~ x'
2025-03-11 19:18:53.529231 INFO::Creating scatter plot for continuous data, log_NO2NO3 vs COG2353
2025-03-11 19:18:53.832051 DEBUG::`geom_smooth()` using formula = 'y ~ x'
2025-03-11 19:18:53.849069 INFO::Creating scatter plot for continuous data, log_NO2NO3 vs COG0182
2025-03-11 19:18:54.195767 DEBUG::`geom_smooth()` using formula = 'y ~ x'
2025-03-11 19:18:54.219485 INFO::Creating scatter plot for continuous data, log_NO2NO3 vs COG4848
2025-03-11 19:18:54.508211 DEBUG::`geom_smooth()` using formula = 'y ~ x'
2025-03-11 19:18:54.535166 INFO::Creating scatter plot for continuous data, log_NO2NO3 vs COG2840
2025-03-11 19:18:54.85013 DEBUG::`geom_smooth()` using formula = 'y ~ x'
2025-03-11 19:18:54.868651 INFO::Creating scatter plot for continuous data, log_NO2NO3 vs COG4632
2025-03-11 19:18:55.14592 DEBUG::`geom_smooth()` using formula = 'y ~ x'
2025-03-11 19:18:55.161091 INFO::Creating scatter plot for continuous data, log_NO2NO3 vs COG5628
2025-03-11 19:18:55.462425 DEBUG::`geom_smooth()` using formula = 'y ~ x'
2025-03-11 19:18:55.477949 INFO::Creating scatter plot for continuous data, log_NO2NO3 vs COG2881
2025-03-11 19:18:55.82702 DEBUG::`geom_smooth()` using formula = 'y ~ x'
2025-03-11 19:18:55.847283 INFO::Creating scatter plot for continuous data, log_NO2NO3 vs COG1651
2025-03-11 19:18:56.13499 DEBUG::`geom_smooth()` using formula = 'y ~ x'
2025-03-11 19:18:56.157427 INFO::Creating scatter plot for continuous data, log_NO2NO3 vs COG1709
2025-03-11 19:18:56.442491 DEBUG::`geom_smooth()` using formula = 'y ~ x'
2025-03-11 19:18:56.463743 INFO::Creating scatter plot for continuous data, log_NO2NO3 vs COG3969
2025-03-11 19:18:56.779297 DEBUG::`geom_smooth()` using formula = 'y ~ x'
2025-03-11 19:18:56.797248 INFO::Creating scatter plot for continuous data, log_NO2NO3 vs COG3110
2025-03-11 19:18:57.076228 DEBUG::`geom_smooth()` using formula = 'y ~ x'
2025-03-11 19:18:57.091117 INFO::Creating scatter plot for continuous data, log_NO2NO3 vs COG0473
2025-03-11 19:18:57.395082 DEBUG::`geom_smooth()` using formula = 'y ~ x'
2025-03-11 19:18:57.410314 INFO::Creating scatter plot for continuous data, log_NO2NO3 vs COG5662
2025-03-11 19:18:57.713036 DEBUG::`geom_smooth()` using formula = 'y ~ x'
2025-03-11 19:18:57.730393 INFO::Creating scatter plot for continuous data, log_NO2NO3 vs COG2216
2025-03-11 19:18:58.027266 DEBUG::`geom_smooth()` using formula = 'y ~ x'
2025-03-11 19:18:58.044839 INFO::Creating scatter plot for continuous data, log_NO2NO3 vs COG1597
2025-03-11 19:18:58.335996 DEBUG::`geom_smooth()` using formula = 'y ~ x'
2025-03-11 19:18:58.351711 INFO::Creating scatter plot for continuous data, log_NO2NO3 vs COG4819
2025-03-11 19:18:58.639302 DEBUG::`geom_smooth()` using formula = 'y ~ x'
2025-03-11 19:18:58.654446 INFO::Creating scatter plot for continuous data, log_NO2NO3 vs COG0689
2025-03-11 19:18:58.988909 DEBUG::`geom_smooth()` using formula = 'y ~ x'
2025-03-11 19:18:59.11851 INFO::Creating scatter plot for continuous data, log_NO2NO3 vs COG2032
2025-03-11 19:18:59.393013 DEBUG::`geom_smooth()` using formula = 'y ~ x'
2025-03-11 19:18:59.409053 INFO::Creating scatter plot for continuous data, log_NO2NO3 vs COG0559
2025-03-11 19:18:59.706962 DEBUG::`geom_smooth()` using formula = 'y ~ x'
2025-03-11 19:18:59.732257 INFO::Creating scatter plot for continuous data, log_NO2NO3 vs COG3393
2025-03-11 19:19:00.046325 DEBUG::`geom_smooth()` using formula = 'y ~ x'
2025-03-11 19:19:00.053922 INFO::Creating scatter plot for continuous data, log_NO2NO3 vs COG1022
2025-03-11 19:19:00.338279 DEBUG::`geom_smooth()` using formula = 'y ~ x'
2025-03-11 19:19:00.351585 INFO::Creating scatter plot for continuous data, log_NO2NO3 vs COG3319
2025-03-11 19:19:00.634971 DEBUG::`geom_smooth()` using formula = 'y ~ x'
2025-03-11 19:19:00.652207 INFO::Creating scatter plot for continuous data, log_NO2NO3 vs COG3750
2025-03-11 19:19:00.973085 DEBUG::`geom_smooth()` using formula = 'y ~ x'
2025-03-11 19:19:00.988912 INFO::Creating scatter plot for continuous data, log_NO2NO3 vs COG1448
2025-03-11 19:19:01.282955 DEBUG::`geom_smooth()` using formula = 'y ~ x'
2025-03-11 19:19:01.29365 INFO::Creating scatter plot for continuous data, log_NO2NO3 vs COG4174
2025-03-11 19:19:01.578663 DEBUG::`geom_smooth()` using formula = 'y ~ x'
2025-03-11 19:19:01.593596 INFO::Creating scatter plot for continuous data, log_NO2NO3 vs COG2845
2025-03-11 19:19:01.878253 DEBUG::`geom_smooth()` using formula = 'y ~ x'
2025-03-11 19:19:01.893827 INFO::Creating scatter plot for continuous data, log_NO2NO3 vs COG2768
2025-03-11 19:19:02.227217 DEBUG::`geom_smooth()` using formula = 'y ~ x'
2025-03-11 19:19:02.241828 INFO::Creating scatter plot for continuous data, log_NO2NO3 vs COG1916
2025-03-11 19:19:02.526045 DEBUG::`geom_smooth()` using formula = 'y ~ x'
2025-03-11 19:19:02.541007 INFO::Creating scatter plot for continuous data, log_NO2NO3 vs COG3599
2025-03-11 19:19:02.835137 DEBUG::`geom_smooth()` using formula = 'y ~ x'
2025-03-11 19:19:02.849531 INFO::Creating scatter plot for continuous data, log_NO2NO3 vs COG3766
2025-03-11 19:19:03.183449 DEBUG::`geom_smooth()` using formula = 'y ~ x'
2025-03-11 19:19:03.197462 INFO::Creating scatter plot for continuous data, log_NO2NO3 vs COG2358
2025-03-11 19:19:03.480934 DEBUG::`geom_smooth()` using formula = 'y ~ x'
2025-03-11 19:19:03.495497 INFO::Creating scatter plot for continuous data, log_NO2NO3 vs COG3944
2025-03-11 19:19:03.791459 DEBUG::`geom_smooth()` using formula = 'y ~ x'
2025-03-11 19:19:03.807953 INFO::Creating scatter plot for continuous data, log_NO2NO3 vs COG2908
2025-03-11 19:19:04.129774 DEBUG::`geom_smooth()` using formula = 'y ~ x'
2025-03-11 19:19:04.161605 INFO::Creating scatter plot for continuous data, log_NO2NO3 vs COG4112
2025-03-11 19:19:04.452329 DEBUG::`geom_smooth()` using formula = 'y ~ x'
2025-03-11 19:19:04.472687 INFO::Creating scatter plot for continuous data, log_NO2NO3 vs COG2040
2025-03-11 19:19:04.758632 DEBUG::`geom_smooth()` using formula = 'y ~ x'
2025-03-11 19:19:04.785655 INFO::Creating scatter plot for continuous data, log_NO2NO3 vs COG3553
2025-03-11 19:19:05.092825 DEBUG::`geom_smooth()` using formula = 'y ~ x'
2025-03-11 19:19:05.118357 INFO::Creating scatter plot for continuous data, log_NO2NO3 vs COG2978
2025-03-11 19:19:05.410705 DEBUG::`geom_smooth()` using formula = 'y ~ x'
2025-03-11 19:19:05.426121 INFO::Creating scatter plot for continuous data, log_NO2NO3 vs COG1984
2025-03-11 19:19:05.714234 DEBUG::`geom_smooth()` using formula = 'y ~ x'
2025-03-11 19:19:05.72705 INFO::Creating scatter plot for continuous data, log_NO2NO3 vs COG1515
2025-03-11 19:19:06.014644 DEBUG::`geom_smooth()` using formula = 'y ~ x'
2025-03-11 19:19:06.029693 INFO::Creating scatter plot for continuous data, log_NO2NO3 vs COG2247
2025-03-11 19:19:06.346214 DEBUG::`geom_smooth()` using formula = 'y ~ x'
2025-03-11 19:19:06.360422 INFO::Creating scatter plot for continuous data, log_NO2NO3 vs COG2893
2025-03-11 19:19:06.649359 DEBUG::`geom_smooth()` using formula = 'y ~ x'
2025-03-11 19:19:06.66471 INFO::Creating scatter plot for continuous data, log_NO2NO3 vs COG3867
2025-03-11 19:19:06.954996 DEBUG::`geom_smooth()` using formula = 'y ~ x'
2025-03-11 19:19:06.968939 INFO::Creating scatter plot for continuous data, log_NO2NO3 vs COG1437
2025-03-11 19:19:07.287697 DEBUG::`geom_smooth()` using formula = 'y ~ x'
2025-03-11 19:19:07.302403 INFO::Creating scatter plot for continuous data, log_NO2NO3 vs COG2318
2025-03-11 19:19:07.59149 DEBUG::`geom_smooth()` using formula = 'y ~ x'
2025-03-11 19:19:07.606933 INFO::Creating scatter plot for continuous data, log_NO2NO3 vs COG3795
2025-03-11 19:19:07.890388 DEBUG::`geom_smooth()` using formula = 'y ~ x'
2025-03-11 19:19:07.912392 INFO::Creating scatter plot for continuous data, log_NO2NO3 vs COG0580
2025-03-11 19:19:08.242079 DEBUG::`geom_smooth()` using formula = 'y ~ x'
2025-03-11 19:19:08.257091 INFO::Creating scatter plot for continuous data, log_NO2NO3 vs COG3700
2025-03-11 19:19:08.541993 DEBUG::`geom_smooth()` using formula = 'y ~ x'
2025-03-11 19:19:08.560506 INFO::Creating scatter plot for continuous data, log_NO2NO3 vs COG1118
2025-03-11 19:19:08.844739 DEBUG::`geom_smooth()` using formula = 'y ~ x'
2025-03-11 19:19:08.860007 INFO::Creating scatter plot for continuous data, log_NO2NO3 vs COG0545
2025-03-11 19:19:09.180454 DEBUG::`geom_smooth()` using formula = 'y ~ x'
2025-03-11 19:19:09.202407 INFO::Creating scatter plot for continuous data, log_NO2NO3 vs COG3511
2025-03-11 19:19:09.493901 DEBUG::`geom_smooth()` using formula = 'y ~ x'
2025-03-11 19:19:09.516068 INFO::Creating scatter plot for continuous data, log_NO2NO3 vs COG1126
2025-03-11 19:19:09.803202 DEBUG::`geom_smooth()` using formula = 'y ~ x'
2025-03-11 19:19:09.822783 INFO::Creating scatter plot for continuous data, log_NO2NO3 vs COG4496
2025-03-11 19:19:10.141412 DEBUG::`geom_smooth()` using formula = 'y ~ x'
2025-03-11 19:19:10.156941 INFO::Creating scatter plot for continuous data, log_NO2NO3 vs COG3412
2025-03-11 19:19:10.435902 DEBUG::`geom_smooth()` using formula = 'y ~ x'
2025-03-11 19:19:10.453366 INFO::Creating scatter plot for continuous data, log_NO2NO3 vs COG5512
2025-03-11 19:19:10.739111 DEBUG::`geom_smooth()` using formula = 'y ~ x'
2025-03-11 19:19:10.754289 INFO::Creating scatter plot for continuous data, log_NO2NO3 vs COG5573
2025-03-11 19:19:11.058523 DEBUG::`geom_smooth()` using formula = 'y ~ x'
2025-03-11 19:19:11.073 INFO::Creating scatter plot for continuous data, log_NO2NO3 vs COG4427
2025-03-11 19:19:11.383776 DEBUG::`geom_smooth()` using formula = 'y ~ x'
2025-03-11 19:19:11.406073 INFO::Creating scatter plot for continuous data, log_NO2NO3 vs COG1745
2025-03-11 19:19:11.680843 DEBUG::`geom_smooth()` using formula = 'y ~ x'
2025-03-11 19:19:11.694176 INFO::Creating scatter plot for continuous data, log_NO2NO3 vs COG3734
2025-03-11 19:19:12.061156 DEBUG::`geom_smooth()` using formula = 'y ~ x'
2025-03-11 19:19:12.078636 INFO::Creating scatter plot for continuous data, log_NO2NO3 vs COG2014
2025-03-11 19:19:12.391787 DEBUG::`geom_smooth()` using formula = 'y ~ x'
2025-03-11 19:19:12.4064 INFO::Creating scatter plot for continuous data, log_NO2NO3 vs COG1700
2025-03-11 19:19:12.701874 DEBUG::`geom_smooth()` using formula = 'y ~ x'
2025-03-11 19:19:12.717837 INFO::Creating scatter plot for continuous data, log_NO2NO3 vs COG3736
2025-03-11 19:19:13.007299 DEBUG::`geom_smooth()` using formula = 'y ~ x'
2025-03-11 19:19:13.022909 INFO::Creating scatter plot for continuous data, log_NO2NO3 vs COG1511
2025-03-11 19:19:13.344248 DEBUG::`geom_smooth()` using formula = 'y ~ x'
2025-03-11 19:19:13.358686 INFO::Creating scatter plot for continuous data, log_NO2NO3 vs COG1715
2025-03-11 19:19:13.640696 DEBUG::`geom_smooth()` using formula = 'y ~ x'
2025-03-11 19:19:13.656216 INFO::Creating scatter plot for continuous data, log_NO2NO3 vs COG5282
2025-03-11 19:19:13.946671 DEBUG::`geom_smooth()` using formula = 'y ~ x'
2025-03-11 19:19:13.962124 INFO::Creating scatter plot for continuous data, log_NO2NO3 vs COG4988
2025-03-11 19:19:14.287338 DEBUG::`geom_smooth()` using formula = 'y ~ x'
2025-03-11 19:19:14.306356 INFO::Creating scatter plot for continuous data, log_NO2NO3 vs COG1893
2025-03-11 19:19:14.598979 DEBUG::`geom_smooth()` using formula = 'y ~ x'
2025-03-11 19:19:14.614364 INFO::Creating scatter plot for continuous data, log_NO2NO3 vs COG0613
2025-03-11 19:19:14.898461 DEBUG::`geom_smooth()` using formula = 'y ~ x'
2025-03-11 19:19:14.918027 INFO::Creating scatter plot for continuous data, log_NO2NO3 vs COG3585
2025-03-11 19:19:15.241204 DEBUG::`geom_smooth()` using formula = 'y ~ x'
2025-03-11 19:19:15.256684 INFO::Creating scatter plot for continuous data, log_NO2NO3 vs COG2021
2025-03-11 19:19:15.540605 DEBUG::`geom_smooth()` using formula = 'y ~ x'
2025-03-11 19:19:15.555422 INFO::Creating scatter plot for continuous data, log_NO2NO3 vs COG2871
2025-03-11 19:19:15.848844 DEBUG::`geom_smooth()` using formula = 'y ~ x'
2025-03-11 19:19:15.863778 INFO::Creating scatter plot for continuous data, log_NO2NO3 vs COG2334
2025-03-11 19:19:16.18389 DEBUG::`geom_smooth()` using formula = 'y ~ x'
2025-03-11 19:19:16.1971 INFO::Creating scatter plot for continuous data, log_NO2NO3 vs COG0383
2025-03-11 19:19:16.474355 DEBUG::`geom_smooth()` using formula = 'y ~ x'
2025-03-11 19:19:16.489962 INFO::Creating scatter plot for continuous data, log_NO2NO3 vs COG2232
2025-03-11 19:19:16.768447 DEBUG::`geom_smooth()` using formula = 'y ~ x'
2025-03-11 19:19:16.783085 INFO::Creating scatter plot for continuous data, log_NO2NO3 vs COG0714
2025-03-11 19:19:17.18404 DEBUG::`geom_smooth()` using formula = 'y ~ x'
2025-03-11 19:19:17.203107 INFO::Creating scatter plot for continuous data, log_NO2NO3 vs COG3897
2025-03-11 19:19:17.547354 DEBUG::`geom_smooth()` using formula = 'y ~ x'
2025-03-11 19:19:17.563162 INFO::Creating scatter plot for continuous data, log_NO2NO3 vs COG4583
2025-03-11 19:19:17.848981 DEBUG::`geom_smooth()` using formula = 'y ~ x'
2025-03-11 19:19:17.861247 INFO::Creating scatter plot for continuous data, log_NO2NO3 vs COG5583
2025-03-11 19:19:18.166264 DEBUG::`geom_smooth()` using formula = 'y ~ x'
2025-03-11 19:19:18.181838 INFO::Creating scatter plot for continuous data, log_NO2NO3 vs COG1351
2025-03-11 19:19:18.500955 DEBUG::`geom_smooth()` using formula = 'y ~ x'
2025-03-11 19:19:18.519221 INFO::Creating scatter plot for continuous data, log_NO2NO3 vs COG3156
2025-03-11 19:19:18.799502 DEBUG::`geom_smooth()` using formula = 'y ~ x'
2025-03-11 19:19:18.815043 INFO::Creating scatter plot for continuous data, log_NO2NO3 vs COG0527
2025-03-11 19:19:19.107652 DEBUG::`geom_smooth()` using formula = 'y ~ x'
2025-03-11 19:19:19.119061 INFO::Creating scatter plot for continuous data, log_NO2NO3 vs COG2182
2025-03-11 19:19:19.43696 DEBUG::`geom_smooth()` using formula = 'y ~ x'
2025-03-11 19:19:19.464745 INFO::Creating scatter plot for continuous data, log_NO2NO3 vs COG5614
2025-03-11 19:19:19.755421 DEBUG::`geom_smooth()` using formula = 'y ~ x'
2025-03-11 19:19:19.781886 INFO::Creating scatter plot for continuous data, log_NO2NO3 vs COG0476
2025-03-11 19:19:20.086818 DEBUG::`geom_smooth()` using formula = 'y ~ x'
2025-03-11 19:19:20.114671 INFO::Creating scatter plot for continuous data, log_NO2NO3 vs COG2272
2025-03-11 19:19:20.423207 DEBUG::`geom_smooth()` using formula = 'y ~ x'
2025-03-11 19:19:20.438048 INFO::Creating scatter plot for continuous data, log_NO2NO3 vs COG2720
2025-03-11 19:19:20.726468 DEBUG::`geom_smooth()` using formula = 'y ~ x'
2025-03-11 19:19:20.741594 INFO::Creating scatter plot for continuous data, log_NO2NO3 vs COG3193
2025-03-11 19:19:21.02166 DEBUG::`geom_smooth()` using formula = 'y ~ x'
2025-03-11 19:19:21.040225 INFO::Creating scatter plot for continuous data, log_NO2NO3 vs COG2257
2025-03-11 19:19:21.33253 DEBUG::`geom_smooth()` using formula = 'y ~ x'
2025-03-11 19:19:21.358281 INFO::Creating scatter plot for continuous data, log_NO2NO3 vs COG2020
2025-03-11 19:19:21.6661 DEBUG::`geom_smooth()` using formula = 'y ~ x'
2025-03-11 19:19:21.681545 INFO::Creating scatter plot for continuous data, log_NO2NO3 vs COG1617
2025-03-11 19:19:21.970932 DEBUG::`geom_smooth()` using formula = 'y ~ x'
2025-03-11 19:19:21.985508 INFO::Creating scatter plot for continuous data, log_NO2NO3 vs COG3145
2025-03-11 19:19:22.268064 DEBUG::`geom_smooth()` using formula = 'y ~ x'
2025-03-11 19:19:22.289168 INFO::Creating scatter plot for continuous data, log_NO2NO3 vs COG3901
2025-03-11 19:19:22.615638 DEBUG::`geom_smooth()` using formula = 'y ~ x'
2025-03-11 19:19:22.631078 INFO::Creating scatter plot for continuous data, log_NO2NO3 vs COG1202
2025-03-11 19:19:22.911387 DEBUG::`geom_smooth()` using formula = 'y ~ x'
2025-03-11 19:19:22.927944 INFO::Creating scatter plot for continuous data, log_NO2NO3 vs COG3692
2025-03-11 19:19:23.228586 DEBUG::`geom_smooth()` using formula = 'y ~ x'
2025-03-11 19:19:23.243575 INFO::Creating scatter plot for continuous data, log_NO2NO3 vs COG1345
2025-03-11 19:19:23.563705 DEBUG::`geom_smooth()` using formula = 'y ~ x'
2025-03-11 19:19:23.578081 INFO::Creating scatter plot for continuous data, log_NO2NO3 vs COG4859
2025-03-11 19:19:23.868522 DEBUG::`geom_smooth()` using formula = 'y ~ x'
2025-03-11 19:19:23.883519 INFO::Creating scatter plot for continuous data, log_NO2NO3 vs COG2168
2025-03-11 19:19:24.173436 DEBUG::`geom_smooth()` using formula = 'y ~ x'
2025-03-11 19:19:24.186373 INFO::Creating scatter plot for continuous data, log_NO2NO3 vs COG3978
2025-03-11 19:19:24.659695 DEBUG::`geom_smooth()` using formula = 'y ~ x'
2025-03-11 19:19:24.676845 INFO::Creating scatter plot for continuous data, log_NO2NO3 vs COG0605
2025-03-11 19:19:24.980864 DEBUG::`geom_smooth()` using formula = 'y ~ x'
2025-03-11 19:19:25.005895 INFO::Creating scatter plot for continuous data, log_NO2NO3 vs COG4114
2025-03-11 19:19:25.292202 DEBUG::`geom_smooth()` using formula = 'y ~ x'
2025-03-11 19:19:25.307587 INFO::Creating scatter plot for continuous data, log_NO2NO3 vs COG1029
2025-03-11 19:19:25.598784 DEBUG::`geom_smooth()` using formula = 'y ~ x'
2025-03-11 19:19:25.616632 INFO::Creating scatter plot for continuous data, log_NO2NO3 vs COG0125
2025-03-11 19:19:25.935472 DEBUG::`geom_smooth()` using formula = 'y ~ x'
2025-03-11 19:19:25.950304 INFO::Creating scatter plot for continuous data, log_NO2NO3 vs COG2084
2025-03-11 19:19:26.24096 DEBUG::`geom_smooth()` using formula = 'y ~ x'
2025-03-11 19:19:26.255876 INFO::Creating scatter plot for continuous data, log_NO2NO3 vs COG2937
2025-03-11 19:19:26.548707 DEBUG::`geom_smooth()` using formula = 'y ~ x'
2025-03-11 19:19:26.561824 INFO::Creating scatter plot for continuous data, log_NO2NO3 vs COG4607
2025-03-11 19:19:26.877689 DEBUG::`geom_smooth()` using formula = 'y ~ x'
2025-03-11 19:19:26.89277 INFO::Creating scatter plot for continuous data, log_NO2NO3 vs COG4126
2025-03-11 19:19:27.191885 DEBUG::`geom_smooth()` using formula = 'y ~ x'
2025-03-11 19:19:27.211133 INFO::Creating scatter plot for continuous data, log_NO2NO3 vs COG3259
2025-03-11 19:19:27.504505 DEBUG::`geom_smooth()` using formula = 'y ~ x'
2025-03-11 19:19:27.519327 INFO::Creating scatter plot for continuous data, log_NO2NO3 vs COG1438
2025-03-11 19:19:27.838824 DEBUG::`geom_smooth()` using formula = 'y ~ x'
2025-03-11 19:19:27.853466 INFO::Creating scatter plot for continuous data, log_NO2NO3 vs COG4618
2025-03-11 19:19:28.142277 DEBUG::`geom_smooth()` using formula = 'y ~ x'
2025-03-11 19:19:28.15661 INFO::Creating scatter plot for continuous data, log_NO2NO3 vs COG0387
2025-03-11 19:19:28.460989 DEBUG::`geom_smooth()` using formula = 'y ~ x'
2025-03-11 19:19:28.475725 INFO::Creating scatter plot for continuous data, log_NO2NO3 vs COG3455
2025-03-11 19:19:28.78996 DEBUG::`geom_smooth()` using formula = 'y ~ x'
2025-03-11 19:19:28.804493 INFO::Creating scatter plot for continuous data, log_NO2NO3 vs COG3208
2025-03-11 19:19:29.092442 DEBUG::`geom_smooth()` using formula = 'y ~ x'
2025-03-11 19:19:29.107258 INFO::Creating scatter plot for continuous data, log_NO2NO3 vs COG4692
2025-03-11 19:19:29.407085 DEBUG::`geom_smooth()` using formula = 'y ~ x'
2025-03-11 19:19:29.461622 INFO::Creating scatter plot for continuous data, log_NO2NO3 vs COG4319
2025-03-11 19:19:29.764607 DEBUG::`geom_smooth()` using formula = 'y ~ x'
2025-03-11 19:19:29.790456 INFO::Creating scatter plot for continuous data, log_NO2NO3 vs COG3826
2025-03-11 19:19:30.122957 DEBUG::`geom_smooth()` using formula = 'y ~ x'
2025-03-11 19:19:30.144902 INFO::Creating scatter plot for continuous data, log_NO2NO3 vs COG0311
2025-03-11 19:19:30.427982 DEBUG::`geom_smooth()` using formula = 'y ~ x'
2025-03-11 19:19:30.44792 INFO::Creating scatter plot for continuous data, log_NO2NO3 vs COG3149
2025-03-11 19:19:30.749283 DEBUG::`geom_smooth()` using formula = 'y ~ x'
2025-03-11 19:19:30.764282 INFO::Creating scatter plot for continuous data, log_NO2NO3 vs COG1295
2025-03-11 19:19:31.090121 DEBUG::`geom_smooth()` using formula = 'y ~ x'
2025-03-11 19:19:31.103446 INFO::Creating scatter plot for continuous data, log_NO2NO3 vs COG0300
2025-03-11 19:19:31.389071 DEBUG::`geom_smooth()` using formula = 'y ~ x'
2025-03-11 19:19:31.404088 INFO::Creating scatter plot for continuous data, log_NO2NO3 vs COG1941
2025-03-11 19:19:31.687269 DEBUG::`geom_smooth()` using formula = 'y ~ x'
2025-03-11 19:19:31.7029 INFO::Creating scatter plot for continuous data, log_NO2NO3 vs COG4276
2025-03-11 19:19:32.023712 DEBUG::`geom_smooth()` using formula = 'y ~ x'
2025-03-11 19:19:32.038679 INFO::Creating scatter plot for continuous data, log_NO2NO3 vs COG3450
2025-03-11 19:19:32.323901 DEBUG::`geom_smooth()` using formula = 'y ~ x'
2025-03-11 19:19:32.336651 INFO::Creating scatter plot for continuous data, log_NO2NO3 vs COG5620
2025-03-11 19:19:32.634633 DEBUG::`geom_smooth()` using formula = 'y ~ x'
2025-03-11 19:19:32.64996 INFO::Creating scatter plot for continuous data, log_NO2NO3 vs COG5457
2025-03-11 19:19:32.981042 DEBUG::`geom_smooth()` using formula = 'y ~ x'
2025-03-11 19:19:33.003352 INFO::Creating scatter plot for continuous data, log_NO2NO3 vs COG2999
2025-03-11 19:19:33.280204 DEBUG::`geom_smooth()` using formula = 'y ~ x'
2025-03-11 19:19:33.29534 INFO::Creating scatter plot for continuous data, log_NO2NO3 vs COG2965
2025-03-11 19:19:33.592416 DEBUG::`geom_smooth()` using formula = 'y ~ x'
2025-03-11 19:19:33.607443 INFO::Creating scatter plot for continuous data, log_NO2NO3 vs COG0005
2025-03-11 19:19:33.929044 DEBUG::`geom_smooth()` using formula = 'y ~ x'
2025-03-11 19:19:33.945475 INFO::Creating scatter plot for continuous data, log_NO2NO3 vs COG3813
2025-03-11 19:19:34.226887 DEBUG::`geom_smooth()` using formula = 'y ~ x'
2025-03-11 19:19:34.241611 INFO::Creating scatter plot for continuous data, log_NO2NO3 vs COG3387
2025-03-11 19:19:34.539927 DEBUG::`geom_smooth()` using formula = 'y ~ x'
2025-03-11 19:19:34.602904 INFO::Creating scatter plot for continuous data, log_NO2NO3 vs COG4239
2025-03-11 19:19:34.932524 DEBUG::`geom_smooth()` using formula = 'y ~ x'
2025-03-11 19:19:34.948143 INFO::Creating scatter plot for continuous data, log_NO2NO3 vs COG2362
2025-03-11 19:19:35.244716 DEBUG::`geom_smooth()` using formula = 'y ~ x'
2025-03-11 19:19:35.269669 INFO::Creating scatter plot for continuous data, log_NO2NO3 vs COG1387
2025-03-11 19:19:35.553483 DEBUG::`geom_smooth()` using formula = 'y ~ x'
2025-03-11 19:19:35.568754 INFO::Creating scatter plot for continuous data, log_NO2NO3 vs COG3657
2025-03-11 19:19:35.884688 DEBUG::`geom_smooth()` using formula = 'y ~ x'
2025-03-11 19:19:35.929412 INFO::Creating scatter plot for continuous data, log_NO2NO3 vs COG2104
2025-03-11 19:19:36.235116 DEBUG::`geom_smooth()` using formula = 'y ~ x'
2025-03-11 19:19:36.258969 INFO::Creating scatter plot for continuous data, log_NO2NO3 vs COG1613
2025-03-11 19:19:36.54299 DEBUG::`geom_smooth()` using formula = 'y ~ x'
2025-03-11 19:19:36.557465 INFO::Creating scatter plot for continuous data, log_NO2NO3 vs COG4323
2025-03-11 19:19:36.841529 DEBUG::`geom_smooth()` using formula = 'y ~ x'
2025-03-11 19:19:36.857136 INFO::Creating scatter plot for continuous data, log_NO2NO3 vs COG4105
2025-03-11 19:19:37.182077 DEBUG::`geom_smooth()` using formula = 'y ~ x'
2025-03-11 19:19:37.197082 INFO::Creating scatter plot for continuous data, log_NO2NO3 vs COG1099
2025-03-11 19:19:37.481976 DEBUG::`geom_smooth()` using formula = 'y ~ x'
2025-03-11 19:19:37.496451 INFO::Creating scatter plot for continuous data, log_NO2NO3 vs COG5426
2025-03-11 19:19:37.792149 DEBUG::`geom_smooth()` using formula = 'y ~ x'
2025-03-11 19:19:37.807602 INFO::Creating scatter plot for continuous data, log_NO2NO3 vs COG0834
2025-03-11 19:19:38.120787 DEBUG::`geom_smooth()` using formula = 'y ~ x'
2025-03-11 19:19:38.136536 INFO::Creating scatter plot for continuous data, log_NO2NO3 vs COG2324
2025-03-11 19:19:38.428132 DEBUG::`geom_smooth()` using formula = 'y ~ x'
2025-03-11 19:19:38.45238 INFO::Creating scatter plot for continuous data, log_NO2NO3 vs COG0853
2025-03-11 19:19:38.753096 DEBUG::`geom_smooth()` using formula = 'y ~ x'
2025-03-11 19:19:38.768148 INFO::Creating scatter plot for continuous data, log_NO2NO3 vs COG3950
2025-03-11 19:19:39.132185 DEBUG::`geom_smooth()` using formula = 'y ~ x'
2025-03-11 19:19:39.150645 INFO::Creating scatter plot for continuous data, log_NO2NO3 vs COG3979
2025-03-11 19:19:39.436694 DEBUG::`geom_smooth()` using formula = 'y ~ x'
2025-03-11 19:19:39.452107 INFO::Creating scatter plot for continuous data, log_NO2NO3 vs COG4930
2025-03-11 19:19:39.74505 DEBUG::`geom_smooth()` using formula = 'y ~ x'
2025-03-11 19:19:39.789944 INFO::Creating scatter plot for continuous data, log_NO2NO3 vs COG3594
2025-03-11 19:19:40.123244 DEBUG::`geom_smooth()` using formula = 'y ~ x'
2025-03-11 19:19:40.13824 INFO::Creating scatter plot for continuous data, log_NO2NO3 vs COG3398
2025-03-11 19:19:40.435969 DEBUG::`geom_smooth()` using formula = 'y ~ x'
2025-03-11 19:19:40.450871 INFO::Creating scatter plot for continuous data, log_NO2NO3 vs COG3276
2025-03-11 19:19:40.745606 DEBUG::`geom_smooth()` using formula = 'y ~ x'
2025-03-11 19:19:40.762594 INFO::Creating scatter plot for continuous data, log_NO2NO3 vs COG2510
2025-03-11 19:19:41.09424 DEBUG::`geom_smooth()` using formula = 'y ~ x'
2025-03-11 19:19:41.109038 INFO::Creating scatter plot for continuous data, log_NO2NO3 vs COG3401
2025-03-11 19:19:41.410546 DEBUG::`geom_smooth()` using formula = 'y ~ x'
2025-03-11 19:19:41.425955 INFO::Creating scatter plot for continuous data, log_NO2NO3 vs COG1011
2025-03-11 19:19:41.710934 DEBUG::`geom_smooth()` using formula = 'y ~ x'
2025-03-11 19:19:41.725436 INFO::Creating scatter plot for continuous data, log_NO2NO3 vs COG3650
2025-03-11 19:19:42.022265 DEBUG::`geom_smooth()` using formula = 'y ~ x'
2025-03-11 19:19:42.037437 INFO::Creating scatter plot for continuous data, log_NO2NO3 vs COG4779
2025-03-11 19:19:42.376883 DEBUG::`geom_smooth()` using formula = 'y ~ x'
2025-03-11 19:19:42.392254 INFO::Creating scatter plot for continuous data, log_NO2NO3 vs COG2160
2025-03-11 19:19:42.679944 DEBUG::`geom_smooth()` using formula = 'y ~ x'
2025-03-11 19:19:42.695212 INFO::Creating scatter plot for continuous data, log_NO2NO3 vs COG3138
2025-03-11 19:19:42.993282 DEBUG::`geom_smooth()` using formula = 'y ~ x'
2025-03-11 19:19:43.01334 INFO::Creating scatter plot for continuous data, log_NO2NO3 vs COG3754
2025-03-11 19:19:43.343722 DEBUG::`geom_smooth()` using formula = 'y ~ x'
2025-03-11 19:19:43.357923 INFO::Creating scatter plot for continuous data, log_NO2NO3 vs COG4311
2025-03-11 19:19:43.653616 DEBUG::`geom_smooth()` using formula = 'y ~ x'
2025-03-11 19:19:43.668386 INFO::Creating scatter plot for continuous data, log_NO2NO3 vs COG1301
2025-03-11 19:19:43.96012 DEBUG::`geom_smooth()` using formula = 'y ~ x'
2025-03-11 19:19:43.976657 INFO::Creating scatter plot for continuous data, log_NO2NO3 vs COG3428
2025-03-11 19:19:44.315357 DEBUG::`geom_smooth()` using formula = 'y ~ x'
2025-03-11 19:19:44.33022 INFO::Creating scatter plot for continuous data, log_NO2NO3 vs COG4934
2025-03-11 19:19:44.61131 DEBUG::`geom_smooth()` using formula = 'y ~ x'
2025-03-11 19:19:44.626763 INFO::Creating scatter plot for continuous data, log_NO2NO3 vs COG4354
2025-03-11 19:19:44.927764 DEBUG::`geom_smooth()` using formula = 'y ~ x'
2025-03-11 19:19:44.931453 INFO::Creating scatter plot for continuous data, log_NO2NO3 vs COG4186
2025-03-11 19:19:45.214531 DEBUG::`geom_smooth()` using formula = 'y ~ x'
2025-03-11 19:19:45.232969 INFO::Creating scatter plot for continuous data, log_NO2NO3 vs COG3304
2025-03-11 19:19:45.582367 DEBUG::`geom_smooth()` using formula = 'y ~ x'
2025-03-11 19:19:45.597176 INFO::Creating scatter plot for continuous data, log_NO2NO3 vs COG1196
2025-03-11 19:19:45.888454 DEBUG::`geom_smooth()` using formula = 'y ~ x'
2025-03-11 19:19:45.912369 INFO::Creating scatter plot for continuous data, log_NO2NO3 vs COG1852
2025-03-11 19:19:46.198469 DEBUG::`geom_smooth()` using formula = 'y ~ x'
2025-03-11 19:19:46.21339 INFO::Creating scatter plot for continuous data, log_NO2NO3 vs COG2839
2025-03-11 19:19:46.539752 DEBUG::`geom_smooth()` using formula = 'y ~ x'
2025-03-11 19:19:46.554049 INFO::Creating scatter plot for continuous data, log_NO2NO3 vs COG1454
2025-03-11 19:19:46.847355 DEBUG::`geom_smooth()` using formula = 'y ~ x'
2025-03-11 19:19:46.862413 INFO::Creating scatter plot for continuous data, log_NO2NO3 vs COG4906
2025-03-11 19:19:47.151683 DEBUG::`geom_smooth()` using formula = 'y ~ x'
2025-03-11 19:19:47.165274 INFO::Creating scatter plot for continuous data, log_NO2NO3 vs COG0472
2025-03-11 19:19:47.498477 DEBUG::`geom_smooth()` using formula = 'y ~ x'
2025-03-11 19:19:47.513462 INFO::Creating scatter plot for continuous data, log_NO2NO3 vs COG3261
2025-03-11 19:19:47.804597 DEBUG::`geom_smooth()` using formula = 'y ~ x'
2025-03-11 19:19:47.819385 INFO::Creating scatter plot for continuous data, log_NO2NO3 vs COG4222
2025-03-11 19:19:48.112169 DEBUG::`geom_smooth()` using formula = 'y ~ x'
2025-03-11 19:19:48.126933 INFO::Creating scatter plot for continuous data, log_NO2NO3 vs COG5572
2025-03-11 19:19:48.458269 DEBUG::`geom_smooth()` using formula = 'y ~ x'
2025-03-11 19:19:48.473531 INFO::Creating scatter plot for continuous data, log_NO2NO3 vs COG1412
2025-03-11 19:19:48.756332 DEBUG::`geom_smooth()` using formula = 'y ~ x'
2025-03-11 19:19:48.771439 INFO::Creating scatter plot for continuous data, log_NO2NO3 vs COG2730
2025-03-11 19:19:49.05713 DEBUG::`geom_smooth()` using formula = 'y ~ x'
2025-03-11 19:19:49.070878 INFO::Creating scatter plot for continuous data, log_NO2NO3 vs COG1238
2025-03-11 19:19:49.387468 DEBUG::`geom_smooth()` using formula = 'y ~ x'
2025-03-11 19:19:49.402386 INFO::Creating scatter plot for continuous data, log_NO2NO3 vs COG1639
2025-03-11 19:19:49.697352 DEBUG::`geom_smooth()` using formula = 'y ~ x'
2025-03-11 19:19:49.712643 INFO::Creating scatter plot for continuous data, log_NO2NO3 vs COG3560
2025-03-11 19:19:50.004709 DEBUG::`geom_smooth()` using formula = 'y ~ x'
2025-03-11 19:19:50.018472 INFO::Creating scatter plot for continuous data, log_NO2NO3 vs COG4110
2025-03-11 19:19:50.341672 DEBUG::`geom_smooth()` using formula = 'y ~ x'
2025-03-11 19:19:50.367958 INFO::Creating scatter plot for continuous data, log_NO2NO3 vs COG3609
2025-03-11 19:19:50.705081 DEBUG::`geom_smooth()` using formula = 'y ~ x'
2025-03-11 19:19:50.72058 INFO::Creating scatter plot for continuous data, log_NO2NO3 vs COG1059
2025-03-11 19:19:51.003657 DEBUG::`geom_smooth()` using formula = 'y ~ x'
2025-03-11 19:19:51.027979 INFO::Creating scatter plot for continuous data, log_NO2NO3 vs COG0648
2025-03-11 19:19:51.324009 DEBUG::`geom_smooth()` using formula = 'y ~ x'
2025-03-11 19:19:51.338031 INFO::Creating scatter plot for continuous data, log_NO2NO3 vs COG2241
2025-03-11 19:19:51.676285 DEBUG::`geom_smooth()` using formula = 'y ~ x'
2025-03-11 19:19:51.692726 INFO::Creating scatter plot for continuous data, log_NO2NO3 vs COG4196
2025-03-11 19:19:52.078241 DEBUG::`geom_smooth()` using formula = 'y ~ x'
2025-03-11 19:19:52.103844 INFO::Creating scatter plot for continuous data, log_NO2NO3 vs COG1867
2025-03-11 19:19:52.39941 DEBUG::`geom_smooth()` using formula = 'y ~ x'
2025-03-11 19:19:52.415426 INFO::Creating scatter plot for continuous data, log_NO2NO3 vs COG1082
2025-03-11 19:19:52.757709 DEBUG::`geom_smooth()` using formula = 'y ~ x'
2025-03-11 19:19:52.771457 INFO::Creating scatter plot for continuous data, log_NO2NO3 vs COG1227
2025-03-11 19:19:53.061678 DEBUG::`geom_smooth()` using formula = 'y ~ x'
2025-03-11 19:19:53.088894 INFO::Creating scatter plot for continuous data, log_NO2NO3 vs COG3492
2025-03-11 19:19:53.392141 DEBUG::`geom_smooth()` using formula = 'y ~ x'
2025-03-11 19:19:53.406504 INFO::Creating scatter plot for continuous data, log_NO2NO3 vs COG1540
2025-03-11 19:19:53.747788 DEBUG::`geom_smooth()` using formula = 'y ~ x'
2025-03-11 19:19:53.762931 INFO::Creating scatter plot for continuous data, log_NO2NO3 vs COG3879
2025-03-11 19:19:54.064736 DEBUG::`geom_smooth()` using formula = 'y ~ x'
2025-03-11 19:19:54.079512 INFO::Creating scatter plot for continuous data, log_NO2NO3 vs COG3685
2025-03-11 19:19:54.371152 DEBUG::`geom_smooth()` using formula = 'y ~ x'
2025-03-11 19:19:54.386657 INFO::Creating scatter plot for continuous data, log_NO2NO3 vs COG4291
2025-03-11 19:19:54.727216 DEBUG::`geom_smooth()` using formula = 'y ~ x'
2025-03-11 19:19:54.740475 INFO::Creating scatter plot for continuous data, log_NO2NO3 vs COG1107
2025-03-11 19:19:55.054259 DEBUG::`geom_smooth()` using formula = 'y ~ x'
2025-03-11 19:19:55.069655 INFO::Creating scatter plot for continuous data, log_NO2NO3 vs COG4067
2025-03-11 19:19:55.419068 DEBUG::`geom_smooth()` using formula = 'y ~ x'
2025-03-11 19:19:55.445676 INFO::Creating scatter plot for continuous data, log_NO2NO3 vs COG1923
2025-03-11 19:19:55.767199 DEBUG::`geom_smooth()` using formula = 'y ~ x'
2025-03-11 19:19:55.782855 INFO::Creating scatter plot for continuous data, log_NO2NO3 vs COG2255
2025-03-11 19:19:56.10032 DEBUG::`geom_smooth()` using formula = 'y ~ x'
2025-03-11 19:19:56.115584 INFO::Creating scatter plot for continuous data, log_NO2NO3 vs COG0659
2025-03-11 19:19:56.402498 DEBUG::`geom_smooth()` using formula = 'y ~ x'
2025-03-11 19:19:56.41839 INFO::Creating scatter plot for continuous data, log_NO2NO3 vs COG1835
2025-03-11 19:19:56.723073 DEBUG::`geom_smooth()` using formula = 'y ~ x'
2025-03-11 19:19:56.80391 INFO::Creating scatter plot for continuous data, log_NO2NO3 vs COG4734
2025-03-11 19:19:57.149205 DEBUG::`geom_smooth()` using formula = 'y ~ x'
2025-03-11 19:19:57.170656 INFO::Creating scatter plot for continuous data, log_NO2NO3 vs COG5212
2025-03-11 19:19:57.467437 DEBUG::`geom_smooth()` using formula = 'y ~ x'
2025-03-11 19:19:57.482884 INFO::Creating scatter plot for continuous data, log_NO2NO3 vs COG4297
2025-03-11 19:19:57.795372 DEBUG::`geom_smooth()` using formula = 'y ~ x'
2025-03-11 19:19:57.810146 INFO::Creating scatter plot for continuous data, log_NO2NO3 vs COG3099
2025-03-11 19:19:58.151468 DEBUG::`geom_smooth()` using formula = 'y ~ x'
2025-03-11 19:19:58.166586 INFO::Creating scatter plot for continuous data, log_NO2NO3 vs COG3579
2025-03-11 19:19:58.466728 DEBUG::`geom_smooth()` using formula = 'y ~ x'
2025-03-11 19:19:58.504463 INFO::Creating scatter plot for continuous data, log_NO2NO3 vs COG4540
2025-03-11 19:19:58.805944 DEBUG::`geom_smooth()` using formula = 'y ~ x'
2025-03-11 19:19:58.821279 INFO::Creating scatter plot for continuous data, log_NO2NO3 vs COG1622
2025-03-11 19:19:59.160298 DEBUG::`geom_smooth()` using formula = 'y ~ x'
2025-03-11 19:19:59.180148 INFO::Creating scatter plot for continuous data, log_NO2NO3 vs COG3848
2025-03-11 19:19:59.474145 DEBUG::`geom_smooth()` using formula = 'y ~ x'
2025-03-11 19:19:59.489076 INFO::Creating scatter plot for continuous data, log_NO2NO3 vs COG5451
2025-03-11 19:19:59.791065 DEBUG::`geom_smooth()` using formula = 'y ~ x'
2025-03-11 19:19:59.813596 INFO::Creating scatter plot for continuous data, log_NO2NO3 vs COG3433
2025-03-11 19:20:00.150749 DEBUG::`geom_smooth()` using formula = 'y ~ x'
2025-03-11 19:20:00.207712 INFO::Creating scatter plot for continuous data, log_NO2NO3 vs COG4689
2025-03-11 19:20:00.495229 DEBUG::`geom_smooth()` using formula = 'y ~ x'
2025-03-11 19:20:00.530765 INFO::Creating scatter plot for continuous data, log_NO2NO3 vs COG3271
2025-03-11 19:20:00.837336 DEBUG::`geom_smooth()` using formula = 'y ~ x'
2025-03-11 19:20:00.859684 INFO::Creating scatter plot for continuous data, log_NO2NO3 vs COG1039
2025-03-11 19:20:01.273531 DEBUG::`geom_smooth()` using formula = 'y ~ x'
2025-03-11 19:20:01.302401 INFO::Creating scatter plot for continuous data, log_NO2NO3 vs COG0288
2025-03-11 19:20:01.593224 DEBUG::`geom_smooth()` using formula = 'y ~ x'
2025-03-11 19:20:01.61644 INFO::Creating scatter plot for continuous data, log_NO2NO3 vs COG3507
2025-03-11 19:20:01.93077 DEBUG::`geom_smooth()` using formula = 'y ~ x'
2025-03-11 19:20:01.944216 INFO::Creating scatter plot for continuous data, log_NO2NO3 vs COG4909
2025-03-11 19:20:02.30235 DEBUG::`geom_smooth()` using formula = 'y ~ x'
2025-03-11 19:20:02.318099 INFO::Creating scatter plot for continuous data, log_NO2NO3 vs COG0789
2025-03-11 19:20:02.614588 DEBUG::`geom_smooth()` using formula = 'y ~ x'
2025-03-11 19:20:02.730684 INFO::Creating scatter plot for continuous data, log_NO2NO3 vs COG4655
2025-03-11 19:20:03.033475 DEBUG::`geom_smooth()` using formula = 'y ~ x'
2025-03-11 19:20:03.049974 INFO::Creating scatter plot for continuous data, log_NO2NO3 vs COG1067
2025-03-11 19:20:03.350753 DEBUG::`geom_smooth()` using formula = 'y ~ x'
2025-03-11 19:20:03.371521 INFO::Creating scatter plot for continuous data, log_NO2NO3 vs COG0668
2025-03-11 19:20:03.706158 DEBUG::`geom_smooth()` using formula = 'y ~ x'
2025-03-11 19:20:03.721777 INFO::Creating scatter plot for continuous data, log_NO2NO3 vs COG5502
2025-03-11 19:20:04.011017 DEBUG::`geom_smooth()` using formula = 'y ~ x'
2025-03-11 19:20:04.026674 INFO::Creating scatter plot for continuous data, log_NO2NO3 vs COG5450
2025-03-11 19:20:04.336789 DEBUG::`geom_smooth()` using formula = 'y ~ x'
2025-03-11 19:20:04.351688 INFO::Creating scatter plot for continuous data, log_NO2NO3 vs COG3956
2025-03-11 19:20:04.687163 DEBUG::`geom_smooth()` using formula = 'y ~ x'
2025-03-11 19:20:04.701714 INFO::Creating scatter plot for continuous data, log_NO2NO3 vs COG3951
2025-03-11 19:20:04.995676 DEBUG::`geom_smooth()` using formula = 'y ~ x'
2025-03-11 19:20:05.010522 INFO::Creating scatter plot for continuous data, log_NO2NO3 vs COG2816
2025-03-11 19:20:05.31796 DEBUG::`geom_smooth()` using formula = 'y ~ x'
2025-03-11 19:20:05.396476 INFO::Creating scatter plot for continuous data, log_NO2NO3 vs COG0432
2025-03-11 19:20:05.732253 DEBUG::`geom_smooth()` using formula = 'y ~ x'
2025-03-11 19:20:05.748193 INFO::Creating scatter plot for continuous data, log_NO2NO3 vs COG2205
2025-03-11 19:20:06.047037 DEBUG::`geom_smooth()` using formula = 'y ~ x'
2025-03-11 19:20:06.062184 INFO::Creating scatter plot for continuous data, log_NO2NO3 vs COG2064
2025-03-11 19:20:06.384148 DEBUG::`geom_smooth()` using formula = 'y ~ x'
2025-03-11 19:20:06.404363 INFO::Creating scatter plot for continuous data, log_NO2NO3 vs COG2807
2025-03-11 19:20:06.768744 DEBUG::`geom_smooth()` using formula = 'y ~ x'
2025-03-11 19:20:06.78412 INFO::Creating scatter plot for continuous data, log_NO2NO3 vs COG3417
2025-03-11 19:20:07.099751 DEBUG::`geom_smooth()` using formula = 'y ~ x'
2025-03-11 19:20:07.114195 INFO::Creating scatter plot for continuous data, log_NO2NO3 vs COG4189
2025-03-11 19:20:07.406657 DEBUG::`geom_smooth()` using formula = 'y ~ x'
2025-03-11 19:20:07.421962 INFO::Creating scatter plot for continuous data, log_NO2NO3 vs COG4654
2025-03-11 19:20:07.722673 DEBUG::`geom_smooth()` using formula = 'y ~ x'
2025-03-11 19:20:07.738242 INFO::Creating scatter plot for continuous data, log_NO2NO3 vs COG1080
2025-03-11 19:20:08.071001 DEBUG::`geom_smooth()` using formula = 'y ~ x'
2025-03-11 19:20:08.085756 INFO::Creating scatter plot for continuous data, log_NO2NO3 vs COG0212
2025-03-11 19:20:08.386986 DEBUG::`geom_smooth()` using formula = 'y ~ x'
2025-03-11 19:20:08.402174 INFO::Creating scatter plot for continuous data, log_NO2NO3 vs COG3049
2025-03-11 19:20:08.710859 DEBUG::`geom_smooth()` using formula = 'y ~ x'
2025-03-11 19:20:08.726753 INFO::Creating scatter plot for continuous data, log_NO2NO3 vs COG0597
2025-03-11 19:20:09.066748 DEBUG::`geom_smooth()` using formula = 'y ~ x'
2025-03-11 19:20:09.114332 INFO::Creating scatter plot for continuous data, log_NO2NO3 vs COG3729
2025-03-11 19:20:09.411387 DEBUG::`geom_smooth()` using formula = 'y ~ x'
2025-03-11 19:20:09.426433 INFO::Creating scatter plot for continuous data, log_NO2NO3 vs COG2217
2025-03-11 19:20:09.727956 DEBUG::`geom_smooth()` using formula = 'y ~ x'
2025-03-11 19:20:09.74246 INFO::Creating scatter plot for continuous data, log_NO2NO3 vs COG2431
2025-03-11 19:20:10.08253 DEBUG::`geom_smooth()` using formula = 'y ~ x'
2025-03-11 19:20:10.104318 INFO::Creating scatter plot for continuous data, log_NO2NO3 vs COG1743
2025-03-11 19:20:10.40961 DEBUG::`geom_smooth()` using formula = 'y ~ x'
2025-03-11 19:20:10.423636 INFO::Creating scatter plot for continuous data, log_NO2NO3 vs COG3616
2025-03-11 19:20:10.716859 DEBUG::`geom_smooth()` using formula = 'y ~ x'
2025-03-11 19:20:10.734757 INFO::Creating scatter plot for continuous data, log_NO2NO3 vs COG5562
2025-03-11 19:20:11.065456 DEBUG::`geom_smooth()` using formula = 'y ~ x'
2025-03-11 19:20:11.086123 INFO::Creating scatter plot for continuous data, log_NO2NO3 vs COG4913
2025-03-11 19:20:11.395707 DEBUG::`geom_smooth()` using formula = 'y ~ x'
2025-03-11 19:20:11.413462 INFO::Creating scatter plot for continuous data, log_NO2NO3 vs COG3523
2025-03-11 19:20:11.721237 DEBUG::`geom_smooth()` using formula = 'y ~ x'
2025-03-11 19:20:11.743707 INFO::Creating scatter plot for continuous data, log_NO2NO3 vs COG5479
2025-03-11 19:20:12.053078 DEBUG::`geom_smooth()` using formula = 'y ~ x'
2025-03-11 19:20:12.091061 INFO::Creating scatter plot for continuous data, log_NO2NO3 vs COG3947
2025-03-11 19:20:12.428905 DEBUG::`geom_smooth()` using formula = 'y ~ x'
2025-03-11 19:20:12.457844 INFO::Creating scatter plot for continuous data, log_NO2NO3 vs COG1671
2025-03-11 19:20:12.755244 DEBUG::`geom_smooth()` using formula = 'y ~ x'
2025-03-11 19:20:12.770545 INFO::Creating scatter plot for continuous data, log_NO2NO3 vs COG5198
2025-03-11 19:20:13.072326 DEBUG::`geom_smooth()` using formula = 'y ~ x'
2025-03-11 19:20:13.087996 INFO::Creating scatter plot for continuous data, log_NO2NO3 vs COG0069
2025-03-11 19:20:13.433199 DEBUG::`geom_smooth()` using formula = 'y ~ x'
2025-03-11 19:20:13.448489 INFO::Creating scatter plot for continuous data, log_NO2NO3 vs COG4320
2025-03-11 19:20:13.745275 DEBUG::`geom_smooth()` using formula = 'y ~ x'
2025-03-11 19:20:13.763751 INFO::Creating scatter plot for continuous data, log_NO2NO3 vs COG0572
2025-03-11 19:20:14.076541 DEBUG::`geom_smooth()` using formula = 'y ~ x'
2025-03-11 19:20:14.091888 INFO::Creating scatter plot for continuous data, log_NO2NO3 vs COG1400
2025-03-11 19:20:14.429647 DEBUG::`geom_smooth()` using formula = 'y ~ x'
2025-03-11 19:20:14.445384 INFO::Creating scatter plot for continuous data, log_NO2NO3 vs COG3548
2025-03-11 19:20:14.739532 DEBUG::`geom_smooth()` using formula = 'y ~ x'
2025-03-11 19:20:14.755066 INFO::Creating scatter plot for continuous data, log_NO2NO3 vs COG2048
2025-03-11 19:20:15.091208 DEBUG::`geom_smooth()` using formula = 'y ~ x'
2025-03-11 19:20:15.129441 INFO::Creating scatter plot for continuous data, log_NO2NO3 vs COG0479
2025-03-11 19:20:15.467576 DEBUG::`geom_smooth()` using formula = 'y ~ x'
2025-03-11 19:20:15.485738 INFO::Creating scatter plot for continuous data, log_NO2NO3 vs COG5317
2025-03-11 19:20:15.79092 DEBUG::`geom_smooth()` using formula = 'y ~ x'
2025-03-11 19:20:15.806964 INFO::Creating scatter plot for continuous data, log_NO2NO3 vs COG3527
2025-03-11 19:20:16.15716 DEBUG::`geom_smooth()` using formula = 'y ~ x'
2025-03-11 19:20:16.180886 INFO::Creating scatter plot for continuous data, log_NO2NO3 vs COG4716
2025-03-11 19:20:16.526499 DEBUG::`geom_smooth()` using formula = 'y ~ x'
2025-03-11 19:20:16.542055 INFO::Creating scatter plot for continuous data, log_NO2NO3 vs COG4759
2025-03-11 19:20:16.841927 DEBUG::`geom_smooth()` using formula = 'y ~ x'
2025-03-11 19:20:16.86305 INFO::Creating scatter plot for continuous data, log_NO2NO3 vs COG5029
2025-03-11 19:20:17.173611 DEBUG::`geom_smooth()` using formula = 'y ~ x'
2025-03-11 19:20:17.192252 INFO::Creating scatter plot for continuous data, log_NO2NO3 vs COG3506
2025-03-11 19:20:17.559783 DEBUG::`geom_smooth()` using formula = 'y ~ x'
2025-03-11 19:20:17.609624 INFO::Creating scatter plot for continuous data, log_NO2NO3 vs COG4783
2025-03-11 19:20:17.926028 DEBUG::`geom_smooth()` using formula = 'y ~ x'
2025-03-11 19:20:17.942242 INFO::Creating scatter plot for continuous data, log_NO2NO3 vs COG0809
2025-03-11 19:20:18.242311 DEBUG::`geom_smooth()` using formula = 'y ~ x'
