feature	metadata	value	coef	stderr	N	N.not.0	pval	qval
COG2308	log_NO2NO3	log_NO2NO3	-1.26252714879057	0.0861493699551584	139	139	3.08735613466542e-29	1.26828590012056e-25
COG0573	log_NO2NO3	log_NO2NO3	-0.88508442187884	0.0616267378235096	139	139	1.56499339377267e-28	3.21449643080907e-25
COG3484	log_NO2NO3	log_NO2NO3	-1.48317645981572	0.105962508546277	139	139	1.19359547263113e-27	1.63443006718956e-24
COG0226	log_NO2NO3	log_NO2NO3	-0.807374220654502	0.0581375447817387	139	139	2.20579178922126e-27	2.26534816753023e-24
COG1117	log_NO2NO3	log_NO2NO3	-0.729526090512592	0.0534180374468209	139	139	8.02127874622841e-27	6.59028261790126e-24
COG0581	log_NO2NO3	log_NO2NO3	-0.802088146146211	0.0592800931168366	139	139	1.63208849004452e-26	1.11743658618382e-23
COG0633	log_NO2NO3	log_NO2NO3	-0.389977424681477	0.0294226007717043	139	139	7.73161721854789e-26	4.53735479054211e-23
COG2307	log_NO2NO3	log_NO2NO3	-1.06628031816854	0.0824161746125695	139	139	4.63036472703358e-25	2.37769228733174e-22
COG0306	log_NO2NO3	log_NO2NO3	0.271854918014966	0.0213676962253314	139	139	1.56742927195133e-24	6.52522137940738e-22
COG1392	log_NO2NO3	log_NO2NO3	0.579190263264428	0.0455325271695071	139	139	1.58841805730462e-24	6.52522137940738e-22
COG1828	log_NO2NO3	log_NO2NO3	-0.237802417144878	0.0187564829515274	139	139	2.01561667362531e-24	7.52741208659342e-22
COG5598	log_NO2NO3	log_NO2NO3	0.528107924224195	0.0424913821712953	139	139	8.34169167435095e-24	2.85563911651947e-21
COG3844	log_NO2NO3	log_NO2NO3	0.385325811296634	0.0312846930132742	139	139	1.57694893514601e-23	4.9831586350614e-21
COG1228	log_NO2NO3	log_NO2NO3	0.306185834792632	0.0250146822739283	139	139	2.43865723095159e-23	7.15571707482081e-21
COG0762	log_NO2NO3	log_NO2NO3	-0.279486050867761	0.0230170223065797	139	139	4.25588601697669e-23	1.15886216608454e-20
COG1001	log_NO2NO3	log_NO2NO3	0.812728432929995	0.0669889618221168	139	139	4.51358195164379e-23	1.15886216608454e-20
COG2515	log_NO2NO3	log_NO2NO3	0.45853985703405	0.0378423584465185	139	139	4.92150716211968e-23	1.18926773070516e-20
COG0855	log_NO2NO3	log_NO2NO3	-0.617051646473253	0.0513791768444976	139	139	9.08088332527923e-23	1.9633825631709e-20
COG1696	log_NO2NO3	log_NO2NO3	0.32633952282547	0.0271721785330876	139	139	9.06535587434014e-23	1.9633825631709e-20
COG3327	log_NO2NO3	log_NO2NO3	0.841134200577019	0.0709482466732341	139	139	2.19007738873387e-22	4.30294545358477e-20
COG3959	log_NO2NO3	log_NO2NO3	0.284928910974116	0.0240348201572161	139	139	2.1996556603038e-22	4.30294545358477e-20
COG0717	log_NO2NO3	log_NO2NO3	-0.190026428799547	0.0160567440360814	139	139	2.46815248047502e-22	4.60871381354153e-20
COG1574	log_NO2NO3	log_NO2NO3	0.461375792318471	0.0392577860318716	139	139	3.94829549676997e-22	7.05199908727436e-20
COG1522	log_NO2NO3	log_NO2NO3	0.497083877175567	0.0423319335668585	139	139	4.17907766982523e-22	7.15318794485085e-20
COG2234	log_NO2NO3	log_NO2NO3	0.344377322832452	0.0294410855384724	139	139	5.41609356076608e-22	8.89972493905082e-20
COG2022	log_NO2NO3	log_NO2NO3	-0.201284749285535	0.0173972335111342	139	139	1.12113668959367e-21	1.771395969558e-19
COG5146	log_NO2NO3	log_NO2NO3	-1.74688843493711	0.151703034921408	139	106	1.53334937293764e-21	2.33296267556586e-19
COG0523	log_NO2NO3	log_NO2NO3	-0.526446180331968	0.0462631577358985	139	139	3.33457396024429e-21	4.89229636738699e-19
COG1327	log_NO2NO3	log_NO2NO3	-0.207834381104386	0.0182968827529415	139	139	3.74693365486425e-21	5.30772532902839e-19
COG1586	log_NO2NO3	log_NO2NO3	-0.341225938142522	0.0300969327335483	139	139	4.23595708544987e-21	5.61332635710583e-19
COG2214	log_NO2NO3	log_NO2NO3	-0.236630412347131	0.0208708120894473	139	139	4.22874131973398e-21	5.61332635710583e-19
COG1368	log_NO2NO3	log_NO2NO3	0.514365867068466	0.0454427113103964	139	139	4.71080792280326e-21	6.04749967089869e-19
COG0506	log_NO2NO3	log_NO2NO3	0.275624674038385	0.0244148916538133	139	139	5.58638631266498e-21	6.76802031276292e-19
COG0745	log_NO2NO3	log_NO2NO3	-0.169203279909506	0.0149886921584122	139	139	5.60157474766162e-21	6.76802031276292e-19
COG3769	log_NO2NO3	log_NO2NO3	-1.22330884843063	0.108537096573578	139	139	6.20382566103315e-21	7.28151880443548e-19
COG1494	log_NO2NO3	log_NO2NO3	-0.245252021966729	0.0218787805343947	139	139	8.81037083419754e-21	1.00536120519121e-18
COG3958	log_NO2NO3	log_NO2NO3	0.261254366766172	0.0233644381219861	139	139	1.03339189118467e-20	1.14734429432071e-18
COG3938	log_NO2NO3	log_NO2NO3	0.308168914919817	0.0276113117490063	139	139	1.16363343759616e-20	1.25794898990658e-18
COG0334	log_NO2NO3	log_NO2NO3	0.219500667917585	0.01976187249301	139	139	1.58208804785121e-20	1.66646607706995e-18
COG0349	log_NO2NO3	log_NO2NO3	-0.203906710960131	0.0183917267176126	139	139	1.77807203096177e-20	1.82393422075415e-18
COG3894	log_NO2NO3	log_NO2NO3	0.52711347767775	0.0475615640748787	139	139	1.82038225537781e-20	1.82393422075415e-18
COG1055	log_NO2NO3	log_NO2NO3	0.304710329571276	0.0275627352693762	139	139	2.13188515675926e-20	2.08518671999215e-18
COG2313	log_NO2NO3	log_NO2NO3	0.295567289154891	0.0267695667937415	139	139	2.30952276161522e-20	2.20639988481752e-18
COG3460	log_NO2NO3	log_NO2NO3	0.428381890838722	0.0389630873210777	139	139	3.0153976171481e-20	2.81528486619191e-18
COG0531	log_NO2NO3	log_NO2NO3	0.404139328483589	0.0367719451698139	139	139	3.08752552945058e-20	2.81856774999622e-18
COG0726	log_NO2NO3	log_NO2NO3	0.155427201378142	0.0142144208367693	139	139	4.25239281718843e-20	3.79757167239349e-18
COG0400	log_NO2NO3	log_NO2NO3	-0.169525071082824	0.0156411954605666	139	139	7.36845134686857e-20	6.44034002828427e-18
COG3542	log_NO2NO3	log_NO2NO3	-0.459371112011257	0.0424169327202106	139	139	7.73424244946396e-20	6.6192224963329e-18
COG1207	log_NO2NO3	log_NO2NO3	-0.218032106990403	0.0202622602806118	139	139	1.15019761745717e-19	9.64288125002871e-18
COG1018	log_NO2NO3	log_NO2NO3	0.381293531566985	0.0354772481017793	139	139	1.23861206612251e-19	1.01764367352626e-17
COG3239	log_NO2NO3	log_NO2NO3	-0.333896166788504	0.0311070270902644	139	139	1.34003532100129e-19	1.07938531346535e-17
COG0366	log_NO2NO3	log_NO2NO3	-0.368894447548128	0.0345550597239343	139	139	1.86935577315213e-19	1.47679106079018e-17
COG3349	log_NO2NO3	log_NO2NO3	-1.11564411660116	0.104571322709163	139	139	1.9436310260928e-19	1.50649740663948e-17
COG0740	log_NO2NO3	log_NO2NO3	-0.217097797870989	0.0203869736957072	139	139	2.17764738049606e-19	1.63177908288095e-17
COG3535	log_NO2NO3	log_NO2NO3	0.55207471495399	0.0518463638762145	139	139	2.18470909343847e-19	1.63177908288095e-17
COG0140	log_NO2NO3	log_NO2NO3	-0.191182579507184	0.0179744696130106	139	139	2.3390245584685e-19	1.71584158681939e-17
COG2194	log_NO2NO3	log_NO2NO3	1.09557657325396	0.10321276372242	139	139	2.64635659164474e-19	1.90723383832923e-17
COG2304	log_NO2NO3	log_NO2NO3	0.351614137805421	0.0332254166845484	139	139	3.17829428549848e-19	2.2511091249703e-17
COG1884	log_NO2NO3	log_NO2NO3	0.262525829160628	0.0248717932049232	139	139	3.71950561235899e-19	2.58978458568995e-17
COG0681	log_NO2NO3	log_NO2NO3	-0.113813369690916	0.0108099595930175	139	139	4.32982710598656e-19	2.91589012317914e-17
COG1250	log_NO2NO3	log_NO2NO3	0.141633085729443	0.0134509759696615	139	139	4.30488975307454e-19	2.91589012317914e-17
COG3623	log_NO2NO3	log_NO2NO3	0.50231496560545	0.0477915669142471	139	139	4.79950077007207e-19	3.18005631668647e-17
COG2244	log_NO2NO3	log_NO2NO3	0.31341439187	0.0299469055370172	139	139	6.20115719376017e-19	4.0435482145979e-17
COG3288	log_NO2NO3	log_NO2NO3	-0.165773406394676	0.0158781687336077	139	139	7.16621457826801e-19	4.59981398242578e-17
COG0213	log_NO2NO3	log_NO2NO3	0.282929229348159	0.0271767084069863	139	139	8.48594239399422e-19	5.36311559300435e-17
COG3556	log_NO2NO3	log_NO2NO3	-1.15057466728352	0.110567198255343	139	139	8.71232544696567e-19	5.42276256608106e-17
COG2262	log_NO2NO3	log_NO2NO3	0.186999641779453	0.0179950340789111	139	139	9.45734402980355e-19	5.79862227976612e-17
COG0568	log_NO2NO3	log_NO2NO3	-0.188589641713234	0.0181550517789974	139	139	9.67646041299887e-19	5.84572049655873e-17
COG2873	log_NO2NO3	log_NO2NO3	-0.183765903318847	0.0177428337110164	139	139	1.1518203282507e-18	6.75953986921983e-17
COG4548	log_NO2NO3	log_NO2NO3	0.669880539009461	0.0646736717519534	139	139	1.14745690394645e-18	6.75953986921983e-17
COG1268	log_NO2NO3	log_NO2NO3	-0.236018538930095	0.0228207885478031	139	139	1.25423521554614e-18	7.25689896544163e-17
COG3568	log_NO2NO3	log_NO2NO3	0.423929032580431	0.0412676537932606	139	139	1.86534516470875e-18	1.06428304675327e-16
COG3185	log_NO2NO3	log_NO2NO3	0.379426324144872	0.0369500991290532	139	139	1.90899504384699e-18	1.07426734796212e-16
COG1121	log_NO2NO3	log_NO2NO3	-0.346525574789994	0.033855117567719	139	139	2.30507947125075e-18	1.27963060377001e-16
COG1963	log_NO2NO3	log_NO2NO3	-1.20130676199494	0.117537813920433	139	139	2.51007625520376e-18	1.37485243418361e-16
COG1807	log_NO2NO3	log_NO2NO3	-0.286534885256889	0.0280892417233757	139	139	2.80867289190346e-18	1.51816161051835e-16
COG1403	log_NO2NO3	log_NO2NO3	-0.19051001568754	0.0186816046624779	139	139	2.85944072155501e-18	1.52553019274649e-16
COG3620	log_NO2NO3	log_NO2NO3	1.15317265637465	0.113139694503232	139	139	2.94653940086699e-18	1.55184408445661e-16
COG1546	log_NO2NO3	log_NO2NO3	-0.133567722392192	0.0131079352852573	139	139	2.99104044068125e-18	1.55534102915425e-16
COG1231	log_NO2NO3	log_NO2NO3	0.578023969480797	0.0567798872535129	139	139	3.16197956212425e-18	1.6236765051508e-16
COG0006	log_NO2NO3	log_NO2NO3	0.120117836641524	0.01181062496491	139	139	3.34284628144523e-18	1.69535957088605e-16
COG1670	log_NO2NO3	log_NO2NO3	0.343286716063099	0.0338057964227476	139	139	3.65456511483193e-18	1.83084798679629e-16
COG4241	log_NO2NO3	log_NO2NO3	-1.66911455887184	0.164893161602917	139	135	4.39195303242703e-18	2.1737521755675e-16
COG3395	log_NO2NO3	log_NO2NO3	-0.778359654851002	0.076920541484921	139	139	4.47758969881045e-18	2.1897545812754e-16
COG1042	log_NO2NO3	log_NO2NO3	0.577166314202307	0.0570564519464463	139	139	4.56259596332228e-18	2.20507579027387e-16
COG2302	log_NO2NO3	log_NO2NO3	-1.90153271254517	0.188079414229402	139	135	4.70617809983736e-18	2.24802088768975e-16
COG0057	log_NO2NO3	log_NO2NO3	-0.0881116467318483	0.00872339709136374	139	139	4.97208707907696e-18	2.34773950814346e-16
COG4360	log_NO2NO3	log_NO2NO3	-1.71849959146472	0.170207365439871	139	136	5.08969674751924e-18	2.37596298168285e-16
COG1446	log_NO2NO3	log_NO2NO3	0.273106141970854	0.0270769791734797	139	139	5.39461080939172e-18	2.4623401338868e-16
COG4953	log_NO2NO3	log_NO2NO3	0.455300223381867	0.045132393518477	139	139	5.33908965692368e-18	2.4623401338868e-16
COG0821	log_NO2NO3	log_NO2NO3	-0.159989225841353	0.0158934061550388	139	139	6.04147457920276e-18	2.69764973601793e-16
COG2366	log_NO2NO3	log_NO2NO3	0.244167657257496	0.0242511914808978	139	139	5.97701667470908e-18	2.69764973601793e-16
COG1463	log_NO2NO3	log_NO2NO3	-0.381280176595455	0.037886409819998	139	139	6.1321837145431e-18	2.70871082788635e-16
COG2986	log_NO2NO3	log_NO2NO3	0.401797521773008	0.0400134024467991	139	139	6.95788650220048e-18	3.04074444159996e-16
COG0320	log_NO2NO3	log_NO2NO3	-0.190713524242061	0.0190175121900817	139	139	7.50325379650508e-18	3.24456490484662e-16
COG0248	log_NO2NO3	log_NO2NO3	-0.339525358623495	0.0338650636955852	139	139	7.60992490669058e-18	3.25641369965468e-16
COG3075	log_NO2NO3	log_NO2NO3	1.7210723050296	0.172052321536036	139	101	8.65581402737327e-18	3.66578185819066e-16
COG0615	log_NO2NO3	log_NO2NO3	0.332151963317488	0.0332209798149161	139	139	8.90207801956877e-18	3.73160576575393e-16
COG0014	log_NO2NO3	log_NO2NO3	-0.161347379190585	0.0161421228807218	139	139	9.04672885865923e-18	3.75393557084567e-16
COG0629	log_NO2NO3	log_NO2NO3	-0.12809152079139	0.0128217590970561	139	139	9.32131753720856e-18	3.82919724428528e-16
COG1451	log_NO2NO3	log_NO2NO3	0.249455078529825	0.0249889452205499	139	139	9.73025373726413e-18	3.95761211412684e-16
COG4178	log_NO2NO3	log_NO2NO3	-1.5658103684578	0.157043749768944	139	139	1.04221837527452e-17	4.19748341728207e-16
COG0465	log_NO2NO3	log_NO2NO3	-0.226240332256031	0.0227115430529041	139	139	1.09735455632988e-17	4.37663351204189e-16
COG0219	log_NO2NO3	log_NO2NO3	-0.123191956431725	0.0123706167838172	139	139	1.11646044306905e-17	4.41001875012275e-16
COG0752	log_NO2NO3	log_NO2NO3	-0.170272562275716	0.017108868133563	139	139	1.15608147333485e-17	4.52303113567579e-16
COG4370	log_NO2NO3	log_NO2NO3	-2.01415298451349	0.202430635848962	139	137	1.17233357747651e-17	4.54334560025803e-16
COG4531	log_NO2NO3	log_NO2NO3	-0.475055220541901	0.0477704116858986	139	139	1.20814349055166e-17	4.63836771886562e-16
COG1364	log_NO2NO3	log_NO2NO3	-0.183936351665444	0.01852986366356	139	139	1.33880067584892e-17	5.04568181319943e-16
COG1703	log_NO2NO3	log_NO2NO3	0.342458034511696	0.034498774392853	139	139	1.33734953702131e-17	5.04568181319943e-16
COG0620	log_NO2NO3	log_NO2NO3	0.304443697223449	0.0307003342694592	139	139	1.41593059743622e-17	5.28785717660727e-16
COG1321	log_NO2NO3	log_NO2NO3	0.302923594427836	0.0305688635676727	139	139	1.47403427046864e-17	5.45525475953621e-16
COG4372	log_NO2NO3	log_NO2NO3	-1.80265270620596	0.18197731379493	139	135	1.50472721091998e-17	5.51912444862434e-16
COG2967	log_NO2NO3	log_NO2NO3	0.239014612885121	0.024141040540436	139	139	1.54950575772133e-17	5.60635675769454e-16
COG5470	log_NO2NO3	log_NO2NO3	-0.218929478226806	0.0221139895105281	139	139	1.55580494249556e-17	5.60635675769454e-16
COG0160	log_NO2NO3	log_NO2NO3	0.270124640198361	0.0273368461762796	139	139	1.73022492201843e-17	6.18066433013191e-16
COG4642	log_NO2NO3	log_NO2NO3	0.771460292827255	0.0781271369222341	139	139	1.79955429022971e-17	6.37290433126177e-16
COG1186	log_NO2NO3	log_NO2NO3	-0.135135623142907	0.0137024156784559	139	139	1.92916552714059e-17	6.77351451751584e-16
COG1058	log_NO2NO3	log_NO2NO3	-0.169873220212974	0.0172301235061981	139	139	1.96333669465703e-17	6.79720767574878e-16
COG1778	log_NO2NO3	log_NO2NO3	0.219048096785536	0.0222190417149878	139	139	1.96900611834008e-17	6.79720767574878e-16
COG0591	log_NO2NO3	log_NO2NO3	0.348329809733287	0.0353546947774201	139	139	2.03887525020161e-17	6.97974960652351e-16
COG3291	log_NO2NO3	log_NO2NO3	0.323887819888267	0.0328974453121466	139	139	2.12220573840483e-17	7.20497617633638e-16
COG1524	log_NO2NO3	log_NO2NO3	0.255660604745522	0.0259838122503184	139	139	2.19764774200412e-17	7.399948298486e-16
COG0785	log_NO2NO3	log_NO2NO3	-0.239053048652557	0.0243133721070265	139	139	2.28754844648882e-17	7.64003985217566e-16
COG3232	log_NO2NO3	log_NO2NO3	0.397889916814096	0.0404866708257995	139	139	2.34655496919098e-17	7.77390952696496e-16
COG0252	log_NO2NO3	log_NO2NO3	0.474160295239746	0.0483171898626495	139	139	2.54330341998983e-17	8.29197654707796e-16
COG2185	log_NO2NO3	log_NO2NO3	0.258462658756724	0.0263350206335223	139	139	2.53008656758253e-17	8.29197654707796e-16
COG0565	log_NO2NO3	log_NO2NO3	-0.21235240903316	0.0216545016945689	139	139	2.64793649869792e-17	8.56513632807168e-16
COG0271	log_NO2NO3	log_NO2NO3	-0.16328559764561	0.0166620527818988	139	139	2.74801050712585e-17	8.81939622130703e-16
COG4206	log_NO2NO3	log_NO2NO3	0.22401947029668	0.0228696281479443	139	139	2.81664165377963e-17	8.96958442924551e-16
COG0861	log_NO2NO3	log_NO2NO3	-0.242066008975322	0.0247246009510022	139	139	2.8978397269105e-17	9.15717353703717e-16
COG1283	log_NO2NO3	log_NO2NO3	0.449339728937688	0.0459133392034829	139	139	2.96098514354786e-17	9.28528776312565e-16
COG1064	log_NO2NO3	log_NO2NO3	0.315908665424135	0.0322957249714926	139	139	3.04520381184371e-17	9.47704337807119e-16
COG2423	log_NO2NO3	log_NO2NO3	0.413564497098896	0.0422972965062102	139	139	3.11836774297724e-17	9.63177044221843e-16
COG1543	log_NO2NO3	log_NO2NO3	-1.81682922153061	0.186229599800058	139	136	3.52692068207251e-17	1.0812380717876e-15
COG5542	log_NO2NO3	log_NO2NO3	1.73797470054495	0.17820210688457	139	74	3.58798815841142e-17	1.09181150775956e-15
COG2922	log_NO2NO3	log_NO2NO3	0.802622347709898	0.0823830418349505	139	139	3.80295140166194e-17	1.14871502632553e-15
COG3315	log_NO2NO3	log_NO2NO3	0.471410746760251	0.0484097229935311	139	139	3.90415362649606e-17	1.17067613851429e-15
COG3638	log_NO2NO3	log_NO2NO3	-0.281480202664321	0.0289276319761917	139	139	4.07233419153054e-17	1.2122571636817e-15
COG2095	log_NO2NO3	log_NO2NO3	0.512496835007275	0.0526828405913136	139	139	4.13117802350032e-17	1.22092656982297e-15
COG0290	log_NO2NO3	log_NO2NO3	-0.143771068546012	0.0147862957399568	139	139	4.24272840190333e-17	1.24493773392992e-15
COG5398	log_NO2NO3	log_NO2NO3	-1.32999519836941	0.137103115076228	139	139	4.82172779928488e-17	1.40479842549378e-15
COG1757	log_NO2NO3	log_NO2NO3	0.345845187037143	0.0356643286067873	139	139	4.91727996263269e-17	1.42254831595036e-15
COG0379	log_NO2NO3	log_NO2NO3	-0.120059108538459	0.0123907338258831	139	139	5.13955520631911e-17	1.47645404108804e-15
COG1195	log_NO2NO3	log_NO2NO3	-0.181916097254981	0.0188118702169214	139	139	5.72829238407905e-17	1.63415452179144e-15
COG0440	log_NO2NO3	log_NO2NO3	-0.104102464917178	0.0107783464946203	139	139	6.12421623982101e-17	1.73505381470239e-15
COG2127	log_NO2NO3	log_NO2NO3	-0.278708231932538	0.0289037188441049	139	139	6.69888098977512e-17	1.88486322643809e-15
COG4649	log_NO2NO3	log_NO2NO3	-0.420058014757819	0.0436216571219095	139	139	7.21325710107622e-17	2.01578640620552e-15
COG0735	log_NO2NO3	log_NO2NO3	-0.251517958335014	0.0261370102694946	139	139	7.48432510930246e-17	2.07740591547395e-15
COG0443	log_NO2NO3	log_NO2NO3	-0.127873753047134	0.0133010784698535	139	139	7.8874551338634e-17	2.16948102563282e-15
COG1108	log_NO2NO3	log_NO2NO3	-0.303529615664293	0.0315748333437196	139	139	7.92166878882482e-17	2.16948102563282e-15
COG0278	log_NO2NO3	log_NO2NO3	-0.124576012119094	0.0129692763881873	139	139	8.26756424632422e-17	2.249215491649e-15
COG2802	log_NO2NO3	log_NO2NO3	-0.249683938713107	0.0260145043615671	139	139	8.63071478612491e-17	2.33256423298692e-15
COG3429	log_NO2NO3	log_NO2NO3	-1.568287797268	0.163684870673109	139	139	9.48766643507624e-17	2.5474074323721e-15
COG0661	log_NO2NO3	log_NO2NO3	-0.239720099751312	0.0250335505044426	139	139	9.77020614627506e-17	2.6062342109674e-15
COG3330	log_NO2NO3	log_NO2NO3	-1.9400305818305	0.202655324414925	139	134	9.93165818874362e-17	2.63220979608766e-15
COG2220	log_NO2NO3	log_NO2NO3	-0.139250566469679	0.0145926517667759	139	139	1.18038873606504e-16	3.10835700497126e-15
COG0017	log_NO2NO3	log_NO2NO3	0.417701264823808	0.0437807835591381	139	139	1.19224832719099e-16	3.11958989050993e-15
COG1070	log_NO2NO3	log_NO2NO3	-0.28945713638838	0.0303529926473412	139	139	1.22214994720808e-16	3.15760502083697e-15
COG1758	log_NO2NO3	log_NO2NO3	-0.144473934380313	0.0151497465715699	139	139	1.22193951357172e-16	3.15760502083697e-15
COG0585	log_NO2NO3	log_NO2NO3	0.648442224625841	0.0680377625195108	139	139	1.26245164267422e-16	3.24134459256605e-15
COG0595	log_NO2NO3	log_NO2NO3	-0.190389337132208	0.0199843404998173	139	139	1.28910247801259e-16	3.2892130308545e-15
COG1348	log_NO2NO3	log_NO2NO3	-1.43123982617336	0.150371370532556	139	138	1.3555383055808e-16	3.43737738229995e-15
COG0305	log_NO2NO3	log_NO2NO3	-0.123466992105661	0.0129748072434214	139	139	1.37196970790215e-16	3.43946746624392e-15
COG3934	log_NO2NO3	log_NO2NO3	1.17676236785067	0.1236646335352	139	139	1.37310775185979e-16	3.43946746624392e-15
COG0413	log_NO2NO3	log_NO2NO3	-0.174738561338429	0.0183673809892835	139	139	1.39051050394615e-16	3.46194978800654e-15
COG3525	log_NO2NO3	log_NO2NO3	0.271852843991767	0.0286171943489561	139	139	1.50405681477937e-16	3.72208758741785e-15
COG1045	log_NO2NO3	log_NO2NO3	-0.185159748609925	0.0194993423407557	139	139	1.53791722722305e-16	3.78309219726486e-15
COG5322	log_NO2NO3	log_NO2NO3	-1.24933256656124	0.131629787072349	139	138	1.57690222424894e-16	3.85590139119921e-15
COG1887	log_NO2NO3	log_NO2NO3	0.513449751623106	0.054135785193809	139	139	1.63846560270481e-16	3.98273177272861e-15
COG0139	log_NO2NO3	log_NO2NO3	-0.0896396481174804	0.00945267455031945	139	139	1.65227868600206e-16	3.99268284829204e-15
COG3882	log_NO2NO3	log_NO2NO3	0.600419527084098	0.063342234628765	139	139	1.69019134629316e-16	4.06041289507153e-15
COG0671	log_NO2NO3	log_NO2NO3	0.209765123587251	0.0221428189225281	139	139	1.74544178024706e-16	4.1687644379389e-15
COG0302	log_NO2NO3	log_NO2NO3	-0.100789562963854	0.0106617984583061	139	139	1.95347111343837e-16	4.63864701387561e-15
COG0761	log_NO2NO3	log_NO2NO3	-0.143467809647476	0.0151810057758736	139	139	1.98520521902646e-16	4.68690979296591e-15
COG0695	log_NO2NO3	log_NO2NO3	-0.167724530094109	0.0177569053099913	139	139	2.04072183301808e-16	4.79044873716472e-15
COG0807	log_NO2NO3	log_NO2NO3	-0.178596698560605	0.018915939939829	139	139	2.08727857380687e-16	4.87189794386286e-15
COG1974	log_NO2NO3	log_NO2NO3	-0.191284788026354	0.0202625988125404	139	139	2.10275460317852e-16	4.88029147449567e-15
COG2710	log_NO2NO3	log_NO2NO3	-1.27983997344968	0.135626779782275	139	139	2.14839214720434e-16	4.95819940489631e-15
COG0623	log_NO2NO3	log_NO2NO3	-0.196397355003162	0.02084133514864	139	139	2.31230874708958e-16	5.30668398494078e-15
COG3329	log_NO2NO3	log_NO2NO3	-1.04388564953098	0.110838706745933	139	139	2.38374461548277e-16	5.44023493355735e-15
COG0414	log_NO2NO3	log_NO2NO3	-0.250002798265359	0.0265552176746653	139	139	2.43277931781964e-16	5.52146819757077e-15
COG3396	log_NO2NO3	log_NO2NO3	0.311449885573913	0.0330997883386899	139	139	2.50277755171358e-16	5.6491264738678e-15
COG3472	log_NO2NO3	log_NO2NO3	0.546068488012023	0.0580619853949774	139	139	2.56710805984633e-16	5.76266661740367e-15
COG0562	log_NO2NO3	log_NO2NO3	-0.385221734396112	0.0410131190061049	139	139	2.7511294318565e-16	6.14219549242744e-15
COG4591	log_NO2NO3	log_NO2NO3	0.150917635677743	0.0160769252001079	139	139	2.83661021014356e-16	6.29880796933499e-15
COG0705	log_NO2NO3	log_NO2NO3	0.182182713525174	0.0194249690755002	139	139	2.97467877279501e-16	6.56988193475372e-15
COG0308	log_NO2NO3	log_NO2NO3	0.157403479504098	0.0168017373100117	139	139	3.1561394925096e-16	6.933380232743e-15
COG5637	log_NO2NO3	log_NO2NO3	-1.13000641079333	0.120815957053157	139	139	3.4377173400334e-16	7.51177810258362e-15
COG3508	log_NO2NO3	log_NO2NO3	0.288867494699508	0.0309596279172283	139	139	3.90592403173058e-16	8.48970154621653e-15
COG1489	log_NO2NO3	log_NO2NO3	-0.186307724390104	0.0199921040343574	139	139	4.16474448618964e-16	9.00461597329844e-15
COG2849	log_NO2NO3	log_NO2NO3	0.33098121289073	0.0355979992333254	139	139	4.69585001546854e-16	1.00997653735836e-14
COG5135	log_NO2NO3	log_NO2NO3	-1.19929423462451	0.129018528839402	139	138	4.75512018920413e-16	1.0173975904818e-14
COG2131	log_NO2NO3	log_NO2NO3	0.283056062566059	0.0304544285018275	139	139	4.78480219918555e-16	1.01844390851058e-14
COG0284	log_NO2NO3	log_NO2NO3	-0.109271690492465	0.0117628606346509	139	139	4.91758187917438e-16	1.04131063709528e-14
COG0260	log_NO2NO3	log_NO2NO3	-0.111908441272901	0.012048850971134	139	139	4.96367097545646e-16	1.0456800188295e-14
COG4100	log_NO2NO3	log_NO2NO3	-1.87235555521412	0.201908268909474	139	137	5.38855235747896e-16	1.12939658594508e-14
COG3686	log_NO2NO3	log_NO2NO3	-0.570258945793146	0.0616445185307347	139	139	6.11675682058597e-16	1.27244616164744e-14
COG4742	log_NO2NO3	log_NO2NO3	2.25995321723186	0.244311532865644	139	55	6.13301704007284e-16	1.27244616164744e-14
COG0110	log_NO2NO3	log_NO2NO3	0.176763000825616	0.0191230203246815	139	139	6.37302636209916e-16	1.31559760278911e-14
COG1866	log_NO2NO3	log_NO2NO3	0.208071111890011	0.022514188994664	139	139	6.4338697902037e-16	1.32151685490784e-14
COG3909	log_NO2NO3	log_NO2NO3	-0.840360345495282	0.0909602504243761	139	139	6.54377223318534e-16	1.33740379770773e-14
COG3876	log_NO2NO3	log_NO2NO3	0.294167347299602	0.031846876312581	139	139	6.61164705761631e-16	1.34458644122217e-14
COG0127	log_NO2NO3	log_NO2NO3	-0.105657556421561	0.0114418366693871	139	139	6.70944234315415e-16	1.35775315988558e-14
COG0253	log_NO2NO3	log_NO2NO3	-0.161110061716833	0.0174758587514431	139	139	7.31249503963791e-16	1.47253576582512e-14
COG0666	log_NO2NO3	log_NO2NO3	0.511344357372325	0.0554721932359802	139	139	7.35274214122567e-16	1.47341779103195e-14
COG0767	log_NO2NO3	log_NO2NO3	-0.30257629616589	0.0328710898877567	139	139	7.91417887374936e-16	1.57822557346419e-14
COG0492	log_NO2NO3	log_NO2NO3	-0.122963254320187	0.0133711466455643	139	139	8.31403608756949e-16	1.64290180102849e-14
COG3705	log_NO2NO3	log_NO2NO3	-0.238892872601264	0.0259777180131408	139	139	8.31849013178982e-16	1.64290180102849e-14
COG1240	log_NO2NO3	log_NO2NO3	-0.887780710347722	0.0965711353970051	139	139	8.46201103541118e-16	1.6632507815057e-14
COG0328	log_NO2NO3	log_NO2NO3	-0.123652589566693	0.0134589528770851	139	139	8.73428553731724e-16	1.70859261844282e-14
COG0117	log_NO2NO3	log_NO2NO3	-0.156786567098347	0.0170670022028508	139	139	8.77624719071747e-16	1.7086646189321e-14
COG4240	log_NO2NO3	log_NO2NO3	-0.3114211478072	0.0339305526000156	139	139	9.19709396408932e-16	1.7821538681358e-14
COG4243	log_NO2NO3	log_NO2NO3	-1.24048109412487	0.135225924743515	139	139	9.44813989418602e-16	1.82220463311343e-14
COG0760	log_NO2NO3	log_NO2NO3	0.138634876046793	0.0151385389273222	139	139	1.0316001105635e-15	1.98028656738078e-14
COG4766	log_NO2NO3	log_NO2NO3	1.35014085582442	0.147597456556335	139	137	1.09294502386107e-15	2.08828751535872e-14
COG0289	log_NO2NO3	log_NO2NO3	-0.180273265435738	0.0197133582761878	139	139	1.10980127572956e-15	2.1106776114338e-14
COG0027	log_NO2NO3	log_NO2NO3	-0.616367352769664	0.067423717989878	139	139	1.12881461176105e-15	2.13694489636607e-14
COG0398	log_NO2NO3	log_NO2NO3	-0.206415839507614	0.022592657225902	139	139	1.16280239567799e-15	2.19118910158035e-14
COG1209	log_NO2NO3	log_NO2NO3	0.105263062331003	0.0115344787803863	139	139	1.23311031596462e-15	2.31306720455828e-14
COG3949	log_NO2NO3	log_NO2NO3	0.755492738236316	0.082847627707695	139	139	1.28167063694765e-15	2.39322862571861e-14
COG3391	log_NO2NO3	log_NO2NO3	0.546665099863586	0.0600556734610964	139	139	1.40532919875189e-15	2.6122589812094e-14
COG2403	log_NO2NO3	log_NO2NO3	1.67606812637753	0.184453966712065	139	60	1.53713544479432e-15	2.844392976223e-14
COG1816	log_NO2NO3	log_NO2NO3	0.308794776187958	0.0340013802209341	139	139	1.57919717815938e-15	2.90912197662724e-14
COG1141	log_NO2NO3	log_NO2NO3	-1.38456595915502	0.152482888644225	139	138	1.59423205205617e-15	2.92370770975302e-14
COG4242	log_NO2NO3	log_NO2NO3	0.811587940628284	0.0894253959904746	139	139	1.63543336129419e-15	2.98593788808736e-14
COG0263	log_NO2NO3	log_NO2NO3	-0.116877040280238	0.0128805837100605	139	139	1.65102816049793e-15	2.98785184287466e-14
COG0291	log_NO2NO3	log_NO2NO3	-0.18712868436958	0.0206217870641909	139	139	1.64708848659365e-15	2.98785184287466e-14
COG1124	log_NO2NO3	log_NO2NO3	0.85844618615882	0.0946596792466651	139	138	1.69917714784776e-15	3.04899109643442e-14
COG1883	log_NO2NO3	log_NO2NO3	0.524774792303882	0.0578665153146826	139	139	1.69965667254986e-15	3.04899109643442e-14
COG0702	log_NO2NO3	log_NO2NO3	-0.135456291608709	0.0149458487937859	139	139	1.75357615503157e-15	3.13203949776944e-14
COG1432	log_NO2NO3	log_NO2NO3	0.526336922868063	0.0580794690080416	139	139	1.76125945642314e-15	3.13214452250487e-14
COG2102	log_NO2NO3	log_NO2NO3	0.876111819633477	0.0968934861425859	139	139	1.97387039187614e-15	3.49511188354619e-14
COG0335	log_NO2NO3	log_NO2NO3	-0.137321380618735	0.0152152023686834	139	139	2.16774300761207e-15	3.8219262983993e-14
COG1047	log_NO2NO3	log_NO2NO3	0.457141564060198	0.0507499227341362	139	139	2.39139569253212e-15	4.19822799355638e-14
COG1896	log_NO2NO3	log_NO2NO3	0.407820829615452	0.0453851148639927	139	139	2.70374259200641e-15	4.72637215657971e-14
COG1985	log_NO2NO3	log_NO2NO3	-0.122829624976185	0.0136765452343631	139	139	2.77639865034243e-15	4.83281595576555e-14
COG2317	log_NO2NO3	log_NO2NO3	-0.375135461325441	0.0417926924564666	139	139	2.85415847255429e-15	4.94720801909409e-14
COG0690	log_NO2NO3	log_NO2NO3	-0.366236701554141	0.0408343353120115	139	139	2.97238456703887e-15	5.13048563083853e-14
COG2987	log_NO2NO3	log_NO2NO3	0.378315547058489	0.0421937631814127	139	139	3.01747777886909e-15	5.18652665924445e-14
COG0539	log_NO2NO3	log_NO2NO3	-0.192615891206639	0.0214878970195956	139	139	3.05522060619555e-15	5.22951927093805e-14
COG4886	log_NO2NO3	log_NO2NO3	0.424501258829852	0.0473839104115823	139	139	3.14463519062696e-15	5.36023293074504e-14
COG4530	log_NO2NO3	log_NO2NO3	-0.973148744474007	0.108777005683165	139	139	3.37197955924465e-15	5.72400497081695e-14
COG3034	log_NO2NO3	log_NO2NO3	0.27041384832333	0.0302983178394414	139	139	3.79648414374111e-15	6.41808924382242e-14
COG5602	log_NO2NO3	log_NO2NO3	1.51175832337334	0.169432455077614	139	95	3.85117396630044e-15	6.4838617432632e-14
COG3186	log_NO2NO3	log_NO2NO3	0.383973772377403	0.0430482278473304	139	139	3.91328411698786e-15	6.56153924595353e-14
COG0538	log_NO2NO3	log_NO2NO3	-0.197780345304649	0.0221793133102821	139	139	3.96352157455662e-15	6.61875879198318e-14
COG2166	log_NO2NO3	log_NO2NO3	-0.264378019681244	0.0296986865989519	139	139	4.31749521225232e-15	7.18067624774596e-14
COG2385	log_NO2NO3	log_NO2NO3	-0.655139342903517	0.0736289500152942	139	139	4.41892453418064e-15	7.31973467194115e-14
COG0711	log_NO2NO3	log_NO2NO3	-0.192914004672156	0.0217067041019002	139	139	4.68685783173792e-15	7.73237428625677e-14
COG0446	log_NO2NO3	log_NO2NO3	0.141869555844834	0.0159788211627898	139	139	4.91997479882496e-15	8.08450258942918e-14
COG1982	log_NO2NO3	log_NO2NO3	-0.904451493632608	0.101890759137533	139	139	4.97298685255763e-15	8.13905577303058e-14
COG0719	log_NO2NO3	log_NO2NO3	-0.133924398125002	0.0150966369865018	139	139	5.1289678230203e-15	8.36103167339976e-14
COG3379	log_NO2NO3	log_NO2NO3	1.16071876138657	0.130879458738418	139	138	5.20190963168795e-15	8.4464208565115e-14
COG3651	log_NO2NO3	log_NO2NO3	-0.340006265616487	0.0383440080123681	139	139	5.24121227328413e-15	8.47673229080756e-14
COG0382	log_NO2NO3	log_NO2NO3	-0.127189102570299	0.0143585685461586	139	139	5.51699318249013e-15	8.88776784065469e-14
COG1942	log_NO2NO3	log_NO2NO3	-0.495079798997722	0.0559485855544446	139	139	5.80823179806599e-15	9.32039696345902e-14
COG1902	log_NO2NO3	log_NO2NO3	0.21736791652363	0.0245704290832789	139	139	5.87682781053804e-15	9.39377768314797e-14
COG0718	log_NO2NO3	log_NO2NO3	-0.118407156729996	0.0133862791365479	139	139	5.92010468193258e-15	9.42627520673606e-14
COG0266	log_NO2NO3	log_NO2NO3	-0.142697361129597	0.016154655861236	139	139	6.33690813952056e-15	9.97395350082394e-14
COG0292	log_NO2NO3	log_NO2NO3	-0.123178379085398	0.0139443513758054	139	139	6.32404013143888e-15	9.97395350082394e-14
COG2079	log_NO2NO3	log_NO2NO3	-0.169960835527441	0.019239580753634	139	139	6.31180553797364e-15	9.97395350082394e-14
COG0159	log_NO2NO3	log_NO2NO3	-0.100337750523375	0.0113624372739518	139	139	6.42756897348184e-15	1.00780356271234e-13
COG3180	log_NO2NO3	log_NO2NO3	-0.314304721591071	0.0356246990014951	139	139	6.72016172171717e-15	1.0496739297648e-13
COG0203	log_NO2NO3	log_NO2NO3	-0.125205035636102	0.0142049768530734	139	139	7.0458287974812e-15	1.095950197786e-13
COG1565	log_NO2NO3	log_NO2NO3	-0.202018381237762	0.0229213215359725	139	139	7.0697858425825e-15	1.095950197786e-13
COG0216	log_NO2NO3	log_NO2NO3	-0.13470998619587	0.0152867833211144	139	139	7.12396284129793e-15	1.10019696812225e-13
COG1085	log_NO2NO3	log_NO2NO3	0.478383050730397	0.0543685038389679	139	139	7.67095739222007e-15	1.18023569165693e-13
COG0608	log_NO2NO3	log_NO2NO3	0.21902405264469	0.0249392859773055	139	139	8.41394481331705e-15	1.28971960048905e-13
COG3608	log_NO2NO3	log_NO2NO3	0.479753278595777	0.054727180920078	139	139	9.19828377830679e-15	1.40470445209235e-13
COG0543	log_NO2NO3	log_NO2NO3	0.543939847816094	0.0621898709079429	139	139	1.02707965538357e-14	1.55800736189251e-13
COG1739	log_NO2NO3	log_NO2NO3	0.557971613437161	0.0637950734224704	139	139	1.02779940378011e-14	1.55800736189251e-13
COG0737	log_NO2NO3	log_NO2NO3	0.168079454187765	0.0192254702837783	139	139	1.04957538762794e-14	1.58516753396162e-13
COG0728	log_NO2NO3	log_NO2NO3	-0.157667097570529	0.0180856732432931	139	139	1.20433454952689e-14	1.81223675071666e-13
COG1329	log_NO2NO3	log_NO2NO3	-0.234859014685951	0.026967524782553	139	139	1.26489511545556e-14	1.89641939207717e-13
COG4198	log_NO2NO3	log_NO2NO3	0.33644966043137	0.0386441624475923	139	139	1.28333190657884e-14	1.91706453535486e-13
COG1216	log_NO2NO3	log_NO2NO3	0.160199715827369	0.0184082029462662	139	139	1.31015442201594e-14	1.95004143682662e-13
COG1932	log_NO2NO3	log_NO2NO3	0.152518745579691	0.0175511833843545	139	139	1.40575688656958e-14	2.08478313719417e-13
COG4630	log_NO2NO3	log_NO2NO3	0.296799271699605	0.03417782329592	139	139	1.45310792306031e-14	2.14725444170206e-13
COG0359	log_NO2NO3	log_NO2NO3	-0.114810506889273	0.013224806471502	139	139	1.47358601425649e-14	2.16971016005938e-13
COG1479	log_NO2NO3	log_NO2NO3	0.360578697318195	0.0415839084391582	139	139	1.56060337199842e-14	2.28962809006054e-13
COG1282	log_NO2NO3	log_NO2NO3	-0.136882896276325	0.0157948007892711	139	139	1.60258673076813e-14	2.34285633095925e-13
COG0766	log_NO2NO3	log_NO2NO3	-0.15402026552773	0.0177737292714526	139	139	1.60893689927252e-14	2.34379885894025e-13
COG2045	log_NO2NO3	log_NO2NO3	-0.509741663868349	0.0588433821733531	139	139	1.63528870656999e-14	2.3737689069221e-13
COG1252	log_NO2NO3	log_NO2NO3	-0.392830325535695	0.0453537994641835	139	139	1.64639346897085e-14	2.38147336990572e-13
COG0126	log_NO2NO3	log_NO2NO3	-0.126915353295527	0.0146753381425744	139	139	1.77200610692103e-14	2.55026285794097e-13
COG2956	log_NO2NO3	log_NO2NO3	0.389582375063004	0.0450496159196445	139	139	1.77549945806017e-14	2.55026285794097e-13
COG1409	log_NO2NO3	log_NO2NO3	0.231614666568206	0.0268122024580864	139	139	1.87095608260825e-14	2.6780096123187e-13
COG1876	log_NO2NO3	log_NO2NO3	-0.526026307597149	0.0609560904897506	139	139	1.96459290114739e-14	2.80227348538662e-13
COG4631	log_NO2NO3	log_NO2NO3	0.305568640195011	0.0354157858595905	139	139	1.98163833233165e-14	2.81680632152887e-13
COG0425	log_NO2NO3	log_NO2NO3	0.331997023945709	0.0385164990697316	139	139	2.0763904784094e-14	2.93735375520838e-13
COG1478	log_NO2NO3	log_NO2NO3	0.479978879269574	0.0556869963887075	139	139	2.08074474869922e-14	2.93735375520838e-13
COG3134	log_NO2NO3	log_NO2NO3	0.779978956403266	0.090639644787678	139	139	2.24794167264007e-14	3.1625152024676e-13
COG1281	log_NO2NO3	log_NO2NO3	-0.539025180225823	0.0627152719543935	139	139	2.38217203507349e-14	3.3399190170928e-13
COG0408	log_NO2NO3	log_NO2NO3	-0.284197276839858	0.0330703349158557	139	139	2.39641821469193e-14	3.34846463467839e-13
COG0355	log_NO2NO3	log_NO2NO3	-0.120783002606523	0.0140587707973244	139	139	2.4288805448691e-14	3.38231907739737e-13
COG5337	log_NO2NO3	log_NO2NO3	0.455092860620553	0.0530204519905621	139	139	2.53809484321e-14	3.52246405942793e-13
COG1331	log_NO2NO3	log_NO2NO3	0.314402647717348	0.0367102170113992	139	139	2.81788664977345e-14	3.89760214049473e-13
COG5002	log_NO2NO3	log_NO2NO3	0.413784077817968	0.0483216828164	139	139	2.83871485536359e-14	3.91323510934015e-13
COG1457	log_NO2NO3	log_NO2NO3	0.731858099055393	0.0854872369115409	139	139	2.87175500242089e-14	3.9455416555e-13
COG1752	log_NO2NO3	log_NO2NO3	0.374677374147495	0.0437866179675756	139	139	2.93809571803171e-14	4.02323240322475e-13
COG2211	log_NO2NO3	log_NO2NO3	-0.290317932328661	0.0339522851207678	139	139	3.03938930871926e-14	4.14811005987332e-13
COG0483	log_NO2NO3	log_NO2NO3	-0.0806705409950666	0.0094388510564285	139	139	3.10931993965148e-14	4.21554003699283e-13
COG0512	log_NO2NO3	log_NO2NO3	-0.110423920868702	0.0129193923170772	139	139	3.1007926465204e-14	4.21554003699283e-13
COG2119	log_NO2NO3	log_NO2NO3	-0.971461513349104	0.113684484536286	139	139	3.13357671148397e-14	4.23445168775531e-13
COG1127	log_NO2NO3	log_NO2NO3	-0.27771757644562	0.0325158590695785	139	139	3.20814375145357e-14	4.31418086338722e-13
COG3655	log_NO2NO3	log_NO2NO3	0.604181551457234	0.0707416044645382	139	139	3.21358165578503e-14	4.31418086338722e-13
COG5012	log_NO2NO3	log_NO2NO3	0.468911709837096	0.0549349610303697	139	139	3.30218474237307e-14	4.41868889956631e-13
COG1721	log_NO2NO3	log_NO2NO3	0.275829634573382	0.0323260551215202	139	139	3.35789191663966e-14	4.47864285505056e-13
COG1239	log_NO2NO3	log_NO2NO3	-0.397348498460807	0.0466011363142586	139	139	3.47397042725772e-14	4.61846942238663e-13
COG2835	log_NO2NO3	log_NO2NO3	0.190467885467759	0.0223629165247235	139	139	3.66021318013706e-14	4.85037282064614e-13
COG1826	log_NO2NO3	log_NO2NO3	-0.289373614876527	0.0339863177040294	139	139	3.71553188103992e-14	4.90784725637041e-13
COG3292	log_NO2NO3	log_NO2NO3	0.372804167122919	0.0437897982925956	139	139	3.7344897423055e-14	4.91707816070224e-13
COG0755	log_NO2NO3	log_NO2NO3	-0.115167390066087	0.0135315008136183	139	139	3.7850607785332e-14	4.9677411112506e-13
COG3146	log_NO2NO3	log_NO2NO3	-0.315280783751933	0.0370518503394251	139	139	3.82456958539926e-14	5.00360887159878e-13
COG4193	log_NO2NO3	log_NO2NO3	-1.42428314433919	0.167420844305529	139	109	3.86650203641802e-14	5.04240963987467e-13
COG0353	log_NO2NO3	log_NO2NO3	-0.130984741569986	0.0154000422046635	139	139	3.90348212225995e-14	5.07452675893793e-13
COG2945	log_NO2NO3	log_NO2NO3	-0.203594437125182	0.0239727720561391	139	139	4.1879797196778e-14	5.42719895534272e-13
COG1372	log_NO2NO3	log_NO2NO3	-0.819460004879536	0.0964973016260532	139	139	4.2038569766727e-14	5.4306429120036e-13
COG5402	log_NO2NO3	log_NO2NO3	-0.969350232810241	0.114195781398518	139	138	4.28719583657967e-14	5.52094059456717e-13
COG0114	log_NO2NO3	log_NO2NO3	-0.191213653835563	0.0225519690699824	139	139	4.52275926243828e-14	5.78897559320661e-13
COG0233	log_NO2NO3	log_NO2NO3	-0.101209719472704	0.011937632991014	139	139	4.53760988561959e-14	5.78897559320661e-13
COG0415	log_NO2NO3	log_NO2NO3	-0.836804010211544	0.0987005527428152	139	139	4.53752692733405e-14	5.78897559320661e-13
COG2120	log_NO2NO3	log_NO2NO3	0.186062292889484	0.021972978782087	139	139	4.80631935483279e-14	6.1128049255892e-13
COG0244	log_NO2NO3	log_NO2NO3	-0.0817548629362637	0.00966314080069828	139	139	5.00353604824607e-14	6.34398953277619e-13
COG1219	log_NO2NO3	log_NO2NO3	-0.124997718599217	0.0147959001817238	139	139	5.3561823823062e-14	6.77021453123503e-13
COG5469	log_NO2NO3	log_NO2NO3	-0.972966851802096	0.115180850204338	139	138	5.38089251549982e-14	6.78058480174026e-13
COG1966	log_NO2NO3	log_NO2NO3	0.619800346567908	0.0734370510791334	139	139	5.6052193798951e-14	7.04166397939116e-13
COG1760	log_NO2NO3	log_NO2NO3	0.460305745858995	0.0546650351136183	139	139	6.23772642380038e-14	7.81237199663779e-13
COG1272	log_NO2NO3	log_NO2NO3	0.432408369867532	0.0513802934340499	139	139	6.39908239575877e-14	7.97059392577082e-13
COG3029	log_NO2NO3	log_NO2NO3	1.90133384444993	0.225926098196117	139	67	6.40286269596975e-14	7.97059392577082e-13
COG0131	log_NO2NO3	log_NO2NO3	-0.0850696361482403	0.010124257113181	139	139	6.88464282097862e-14	8.54444492706349e-13
COG2755	log_NO2NO3	log_NO2NO3	-0.132864084808124	0.0158177502662022	139	139	6.99437776502276e-14	8.65448911407033e-13
COG0042	log_NO2NO3	log_NO2NO3	-0.108484315999529	0.0129250873614992	139	139	7.24386964129119e-14	8.93628122715442e-13
COG0721	log_NO2NO3	log_NO2NO3	-0.163074803677776	0.0194396329720279	139	139	7.42685490128541e-14	9.13458680673068e-13
COG4832	log_NO2NO3	log_NO2NO3	1.44076086554776	0.171963624677473	139	133	7.86808538111206e-14	9.64838649122637e-13
COG1290	log_NO2NO3	log_NO2NO3	-0.104654431131723	0.0124942009167639	139	139	7.95721288192537e-14	9.72864003540161e-13
COG2518	log_NO2NO3	log_NO2NO3	0.184782972390439	0.0220650059414692	139	139	8.03458204949055e-14	9.7940839938597e-13
COG2017	log_NO2NO3	log_NO2NO3	-0.239005475340261	0.0285465240927632	139	139	8.1230518063921e-14	9.87263219546117e-13
COG2363	log_NO2NO3	log_NO2NO3	0.351350551287171	0.0420247237589007	139	139	8.67331138079864e-14	1.05103136142539e-12
COG2940	log_NO2NO3	log_NO2NO3	-0.297292868068984	0.03556546472158	139	139	8.7468247333765e-14	1.05372304999152e-12
COG3339	log_NO2NO3	log_NO2NO3	-0.686181897485948	0.0820878641316661	139	139	8.74284857184459e-14	1.05372304999152e-12
COG3603	log_NO2NO3	log_NO2NO3	1.12250495710561	0.134311146422887	139	139	8.82096474209238e-14	1.05954746083379e-12
COG1509	log_NO2NO3	log_NO2NO3	0.673795797117294	0.0806483075710817	139	139	8.9555307939124e-14	1.07257494173155e-12
COG0106	log_NO2NO3	log_NO2NO3	-0.0906773479919736	0.0108606943123665	139	139	9.23601833360141e-14	1.10295242193124e-12
COG0616	log_NO2NO3	log_NO2NO3	-0.126298203943517	0.0151379877879843	139	139	9.54554561824602e-14	1.1366116347755e-12
COG0679	log_NO2NO3	log_NO2NO3	-0.16392774278927	0.0196519904914935	139	139	9.62963098145306e-14	1.14330994427194e-12
COG0730	log_NO2NO3	log_NO2NO3	-0.159264806448191	0.0191104556500424	139	139	1.00414708154162e-13	1.18877124235532e-12
COG2501	log_NO2NO3	log_NO2NO3	-1.09300465333679	0.131181411956574	139	138	1.01468435485079e-13	1.19779406026639e-12
COG0225	log_NO2NO3	log_NO2NO3	-0.137984195373291	0.0165629471333667	139	139	1.02090124385599e-13	1.20167974491702e-12
COG1787	log_NO2NO3	log_NO2NO3	-1.04664074672283	0.125895157894003	139	139	1.12265418216357e-13	1.31767525152227e-12
COG0576	log_NO2NO3	log_NO2NO3	-0.0893001938238385	0.0107559619064687	139	139	1.19381413043821e-13	1.39720468599435e-12
COG1506	log_NO2NO3	log_NO2NO3	0.135426759121073	0.016317699130019	139	139	1.21370419121925e-13	1.4164479595252e-12
COG1920	log_NO2NO3	log_NO2NO3	0.65508142827661	0.0789471558058869	139	139	1.22479290230067e-13	1.42533972879636e-12
COG0331	log_NO2NO3	log_NO2NO3	-0.128798155967827	0.0155260080667193	139	139	1.23885775356051e-13	1.43763492983801e-12
COG1333	log_NO2NO3	log_NO2NO3	-0.9652209774615	0.116426397276009	139	139	1.27499601699697e-13	1.47125944882684e-12
COG4579	log_NO2NO3	log_NO2NO3	0.627331009705517	0.0756665001134155	139	139	1.27262013874167e-13	1.47125944882684e-12
COG0245	log_NO2NO3	log_NO2NO3	-0.129806315692145	0.0156598908043323	139	139	1.28413072540418e-13	1.47352207261462e-12
COG3707	log_NO2NO3	log_NO2NO3	0.770073574814152	0.0928998733287348	139	139	1.28278668293359e-13	1.47352207261462e-12
COG3294	log_NO2NO3	log_NO2NO3	0.957831721043016	0.115560675218077	139	48	1.28789261601826e-13	1.47372224696463e-12
COG0015	log_NO2NO3	log_NO2NO3	-0.0897091083493172	0.0108245238171447	139	139	1.29483964183569e-13	1.47457192995632e-12
COG1456	log_NO2NO3	log_NO2NO3	1.98742566202957	0.239811686465184	139	52	1.29581418382237e-13	1.47457192995632e-12
COG3046	log_NO2NO3	log_NO2NO3	-0.868144354203704	0.10499065056996	139	139	1.43542250878757e-13	1.62892697958545e-12
COG4337	log_NO2NO3	log_NO2NO3	-0.671001595187655	0.0811673613867811	139	139	1.45035384000541e-13	1.64133707293175e-12
COG5564	log_NO2NO3	log_NO2NO3	0.674112219756728	0.0815714170498829	139	139	1.47290228258333e-13	1.66227543320119e-12
COG0560	log_NO2NO3	log_NO2NO3	0.184514525650391	0.0223314598746598	139	139	1.48535343572541e-13	1.67173477094794e-12
COG0275	log_NO2NO3	log_NO2NO3	-0.124600021782836	0.015092117736374	139	139	1.53979628859988e-13	1.7282740856744e-12
COG3335	log_NO2NO3	log_NO2NO3	0.854558149065864	0.103543592239008	139	139	1.56395649768202e-13	1.75060852656069e-12
COG2373	log_NO2NO3	log_NO2NO3	0.37289445103971	0.0451853753613664	139	139	1.56890722655543e-13	1.7513779583396e-12
COG0563	log_NO2NO3	log_NO2NO3	-0.134725703684683	0.0163336379867606	139	139	1.60531502451775e-13	1.78716371835201e-12
COG1213	log_NO2NO3	log_NO2NO3	0.431342048888524	0.052335630538536	139	139	1.66362316096097e-13	1.84707133654801e-12
COG5389	log_NO2NO3	log_NO2NO3	-0.425296006013744	0.0516311567078868	139	139	1.70648100484136e-13	1.88954823932299e-12
COG3016	log_NO2NO3	log_NO2NO3	0.484974243776924	0.0588993816139686	139	139	1.73713386732435e-13	1.91831879757216e-12
COG3917	log_NO2NO3	log_NO2NO3	-0.192352713580752	0.0233797839063275	139	139	1.80137698245087e-13	1.98392939514965e-12
COG1563	log_NO2NO3	log_NO2NO3	-1.35801200354871	0.165077969202089	139	111	1.8094870504832e-13	1.98753283512968e-12
COG0221	log_NO2NO3	log_NO2NO3	-0.479786177149211	0.0583307669559064	139	139	1.82161413731072e-13	1.99021033938097e-12
COG1401	log_NO2NO3	log_NO2NO3	0.348882901955914	0.0424159722818549	139	139	1.82157361743767e-13	1.99021033938097e-12
COG0272	log_NO2NO3	log_NO2NO3	-0.148240425989263	0.0180303371711177	139	139	1.85729712602723e-13	2.01891602394719e-12
COG3962	log_NO2NO3	log_NO2NO3	-0.241125943838747	0.0293280587945254	139	139	1.85771727617341e-13	2.01891602394719e-12
COG0356	log_NO2NO3	log_NO2NO3	-0.120668402387183	0.0146853583505988	139	139	1.90674915606191e-13	2.06493676145465e-12
COG5276	log_NO2NO3	log_NO2NO3	0.37244890559733	0.0453288538323048	139	139	1.91011677057636e-13	2.06493676145465e-12
COG1185	log_NO2NO3	log_NO2NO3	-0.120694529898691	0.0146924953220173	139	139	1.92997299058061e-13	2.08092625861027e-12
COG2941	log_NO2NO3	log_NO2NO3	-0.284091364759778	0.0345917071635359	139	139	1.95125046462579e-13	2.09836044729915e-12
COG1088	log_NO2NO3	log_NO2NO3	0.118064543651125	0.0143833465583908	139	139	1.99748501795721e-13	2.14247218114053e-12
COG2137	log_NO2NO3	log_NO2NO3	0.182371010025833	0.0222232002228553	139	139	2.02039394684191e-13	2.16140060771525e-12
COG0390	log_NO2NO3	log_NO2NO3	0.681080598754634	0.0830052996655384	139	139	2.03222626660895e-13	2.16841181902066e-12
COG1773	log_NO2NO3	log_NO2NO3	-0.333731978885608	0.0407105876661401	139	139	2.11840369778536e-13	2.25450839132183e-12
COG0521	log_NO2NO3	log_NO2NO3	0.175066273024948	0.0213628333998586	139	139	2.15073506765858e-13	2.28300249559211e-12
COG3058	log_NO2NO3	log_NO2NO3	1.45121526626902	0.177207085102684	139	103	2.21666753423736e-13	2.34692531717708e-12
COG0236	log_NO2NO3	log_NO2NO3	-0.100604180640248	0.0122888176686627	139	139	2.24999273159946e-13	2.37608486925722e-12
COG4268	log_NO2NO3	log_NO2NO3	0.408994322726987	0.0499871581679941	139	139	2.30797609137561e-13	2.43106814958231e-12
COG0176	log_NO2NO3	log_NO2NO3	-0.0904224972147331	0.0110682839445682	139	139	2.4707239868088e-13	2.59583993294388e-12
COG3400	log_NO2NO3	log_NO2NO3	-1.62819138404467	0.199316465835153	139	135	2.47935093591293e-13	2.59825858283937e-12
COG0828	log_NO2NO3	log_NO2NO3	-0.234006326900716	0.0286516086158822	139	139	2.50075323249152e-13	2.61401890052803e-12
COG1922	log_NO2NO3	log_NO2NO3	-0.399362265366998	0.0489089650544577	139	139	2.52657272106006e-13	2.63430475586668e-12
COG4769	log_NO2NO3	log_NO2NO3	1.48248876582166	0.181601258973669	139	106	2.55421364842944e-13	2.65638219436662e-12
COG1817	log_NO2NO3	log_NO2NO3	1.07251132487194	0.13139549282189	139	139	2.56765343604063e-13	2.66361624122599e-12
COG0345	log_NO2NO3	log_NO2NO3	-0.126185199721164	0.0154730192380529	139	139	2.67190529006604e-13	2.76478260241594e-12
COG0080	log_NO2NO3	log_NO2NO3	-0.0602498769628166	0.00739606428662085	139	139	2.80593865396517e-13	2.89617989710776e-12
COG4567	log_NO2NO3	log_NO2NO3	-0.345778692004778	0.0424558207120506	139	139	2.83320687772161e-13	2.91699595330335e-12
COG0081	log_NO2NO3	log_NO2NO3	-0.0709976241580686	0.00872063005814377	139	139	2.88144589317903e-13	2.95924493229486e-12
COG1062	log_NO2NO3	log_NO2NO3	0.269383372291184	0.0331283490371412	139	139	3.040252084967e-13	3.11455250998615e-12
COG0228	log_NO2NO3	log_NO2NO3	-0.130508278172226	0.016052291213992	139	139	3.06204767145586e-13	3.12907757073151e-12
COG1665	log_NO2NO3	log_NO2NO3	1.46536973314404	0.180256836590777	139	105	3.07632205808458e-13	3.13586377533783e-12
COG1385	log_NO2NO3	log_NO2NO3	-0.137632992000403	0.0169405303006791	139	139	3.15900543976784e-13	3.212176818457e-12
COG1605	log_NO2NO3	log_NO2NO3	0.135890426451255	0.016736914977702	139	139	3.25118439212026e-13	3.28962204010592e-12
COG2208	log_NO2NO3	log_NO2NO3	-0.257285427042025	0.0316877264094951	139	139	3.24765524633793e-13	3.28962204010592e-12
COG0019	log_NO2NO3	log_NO2NO3	-0.115154493930484	0.0141865849071297	139	139	3.28797268363603e-13	3.31867120009258e-12
COG0294	log_NO2NO3	log_NO2NO3	-0.0927482670983778	0.011427690754058	139	139	3.30668431743609e-13	3.3265678588546e-12
COG0670	log_NO2NO3	log_NO2NO3	-0.143581069404877	0.0176925152652626	139	139	3.32008963517621e-13	3.3265678588546e-12
COG1262	log_NO2NO3	log_NO2NO3	0.302020051663315	0.0372151319023669	139	139	3.31717925063321e-13	3.3265678588546e-12
COG0669	log_NO2NO3	log_NO2NO3	-0.115665088448863	0.0142592134468826	139	139	3.38869802429538e-13	3.3870490228237e-12
COG2827	log_NO2NO3	log_NO2NO3	0.387987175900533	0.0478413117017835	139	139	3.4207273960073e-13	3.41076411232961e-12
COG1562	log_NO2NO3	log_NO2NO3	-0.394368432083299	0.0487372344028492	139	139	3.77623731843348e-13	3.75612176855321e-12
COG4576	log_NO2NO3	log_NO2NO3	0.711719764042093	0.0881009733962422	139	139	4.05922362805582e-13	4.02784798648631e-12
COG0054	log_NO2NO3	log_NO2NO3	-0.0967239263252471	0.0119748545899477	139	139	4.0858796121616e-13	4.04452854138791e-12
COG1257	log_NO2NO3	log_NO2NO3	0.273435629413952	0.0338599714249801	139	139	4.12542130801667e-13	4.07385354166646e-12
COG2179	log_NO2NO3	log_NO2NO3	-0.998478592257637	0.123659578049901	139	136	4.14950368087982e-13	4.08780842231518e-12
COG1122	log_NO2NO3	log_NO2NO3	-0.405840886497985	0.0502695340805719	139	139	4.17479545683495e-13	4.10288510446841e-12
COG0211	log_NO2NO3	log_NO2NO3	-0.125117563261357	0.0155030765503483	139	139	4.23885369178473e-13	4.14600261091707e-12
COG0457	log_NO2NO3	log_NO2NO3	0.0938395985388108	0.0116269210098359	139	139	4.22984740465307e-13	4.14600261091707e-12
COG3394	log_NO2NO3	log_NO2NO3	0.319208631851531	0.0395582211416485	139	139	4.2657318287286e-13	4.16238155639361e-12
COG2239	log_NO2NO3	log_NO2NO3	-0.142140527862963	0.017624858183316	139	139	4.37293100363592e-13	4.25687217131194e-12
COG0857	log_NO2NO3	log_NO2NO3	-0.543105250146372	0.0673476082263887	139	139	4.38641185112085e-13	4.25990068189231e-12
COG2129	log_NO2NO3	log_NO2NO3	1.26132351886633	0.156518435419531	139	130	4.52169696202526e-13	4.38092715094335e-12
COG4012	log_NO2NO3	log_NO2NO3	1.4304186056212	0.177512486683971	139	50	4.53392225893554e-13	4.38243591522523e-12
COG3038	log_NO2NO3	log_NO2NO3	-0.444410481723427	0.0551656260720887	139	139	4.58845958958005e-13	4.42473990469363e-12
COG0417	log_NO2NO3	log_NO2NO3	0.651575674702582	0.0809917732692445	139	139	4.87048502957711e-13	4.68570316194444e-12
COG0445	log_NO2NO3	log_NO2NO3	-0.150809487124909	0.018750267897869	139	139	4.92114544285291e-13	4.71336665187206e-12
COG4454	log_NO2NO3	log_NO2NO3	-0.538976219912836	0.067011682141413	139	139	4.92218669341069e-13	4.71336665187206e-12
COG0517	log_NO2NO3	log_NO2NO3	0.131773619557083	0.0163883971507345	139	139	4.98555617493976e-13	4.76294529457035e-12
COG1442	log_NO2NO3	log_NO2NO3	-0.869569224951392	0.108152905078212	139	139	4.99862943097505e-13	4.76435491936091e-12
COG0544	log_NO2NO3	log_NO2NO3	-0.110963323296859	0.0138103460884144	139	139	5.14714135577798e-13	4.8945501596148e-12
COG0086	log_NO2NO3	log_NO2NO3	-0.122161632421014	0.0152152601821841	139	139	5.31505476027019e-13	5.04255079796534e-12
COG0163	log_NO2NO3	log_NO2NO3	0.52279854089886	0.0651305100928284	139	139	5.3716982260839e-13	5.08454753750062e-12
COG1861	log_NO2NO3	log_NO2NO3	0.240786928536467	0.0300320511758631	139	139	5.64917828870698e-13	5.33490216322029e-12
COG0419	log_NO2NO3	log_NO2NO3	0.665289104667483	0.0830932967555728	139	139	6.00120963960583e-13	5.65435073383045e-12
COG3940	log_NO2NO3	log_NO2NO3	1.19529000348616	0.149342451028336	139	138	6.09464388045683e-13	5.72924417869947e-12
COG2818	log_NO2NO3	log_NO2NO3	0.380584269947712	0.0475777926808177	139	139	6.24484196183739e-13	5.85703442448128e-12
COG0021	log_NO2NO3	log_NO2NO3	-0.111939791030028	0.0140045202860951	139	139	6.45435157703372e-13	6.03974402698281e-12
COG3569	log_NO2NO3	log_NO2NO3	0.709663242539907	0.0887907407143727	139	139	6.47476428951212e-13	6.04507538666268e-12
COG4564	log_NO2NO3	log_NO2NO3	0.790581573654155	0.098954410874378	139	139	6.58761766458433e-13	6.13649282678286e-12
COG0362	log_NO2NO3	log_NO2NO3	-0.390097564035405	0.0488375831614304	139	139	6.64867306795448e-13	6.17935496904005e-12
COG2337	log_NO2NO3	log_NO2NO3	0.805386967848706	0.10092255367176	139	139	6.92107259617624e-13	6.41800591988532e-12
COG0625	log_NO2NO3	log_NO2NO3	-0.131270581941597	0.0164594607600103	139	139	7.1058832668335e-13	6.57454244598018e-12
COG3980	log_NO2NO3	log_NO2NO3	0.340389378343353	0.0427036140983451	139	139	7.27798942065545e-13	6.71864731237137e-12
COG3820	log_NO2NO3	log_NO2NO3	-0.216461418286218	0.0272012986591158	139	139	7.81827979234003e-13	7.20123170110602e-12
COG5279	log_NO2NO3	log_NO2NO3	0.943565612142136	0.118711211619328	139	139	8.22441623445607e-13	7.55836731345538e-12
COG0314	log_NO2NO3	log_NO2NO3	0.175232959131971	0.0220840278165209	139	139	8.85216340023553e-13	8.11711768932312e-12
COG4149	log_NO2NO3	log_NO2NO3	0.305566803063759	0.0385173788524877	139	139	8.92959154103956e-13	8.16988018944109e-12
COG1057	log_NO2NO3	log_NO2NO3	-0.133374049610076	0.0168147360314769	139	139	8.98997093248232e-13	8.2068445756972e-12
COG0092	log_NO2NO3	log_NO2NO3	-0.0800108268494316	0.0100882250220034	139	139	9.03209078273028e-13	8.21978162941943e-12
COG4674	log_NO2NO3	log_NO2NO3	-0.400381925287041	0.0504840254573012	139	139	9.0441608970243e-13	8.21978162941943e-12
COG3712	log_NO2NO3	log_NO2NO3	0.490614788507867	0.0618781070704535	139	139	9.14922141770505e-13	8.29690984192767e-12
COG1975	log_NO2NO3	log_NO2NO3	0.259552048553715	0.0327578605708233	139	139	9.41940496772853e-13	8.52310916463189e-12
COG0724	log_NO2NO3	log_NO2NO3	-0.285577715585727	0.0360692748007473	139	139	9.72350003922798e-13	8.7789314639887e-12
COG0336	log_NO2NO3	log_NO2NO3	-0.114793484524388	0.0145075136484466	139	139	9.97855411260127e-13	8.96978124607572e-12
COG2371	log_NO2NO3	log_NO2NO3	-0.709725711815162	0.0896920835600408	139	139	9.96658933914959e-13	8.96978124607572e-12
COG1418	log_NO2NO3	log_NO2NO3	0.499255268452634	0.0631086514842541	139	139	1.0067923405825e-12	9.03035575352167e-12
COG1211	log_NO2NO3	log_NO2NO3	-0.123099684523681	0.0155633579040243	139	139	1.01476951897662e-12	9.08207665349878e-12
COG2860	log_NO2NO3	log_NO2NO3	0.871008115576161	0.110148831762556	139	139	1.02595562563452e-12	9.16222980457961e-12
COG1654	log_NO2NO3	log_NO2NO3	0.464728963011695	0.0587873206182085	139	139	1.0387838722389e-12	9.25666843201175e-12
COG0195	log_NO2NO3	log_NO2NO3	-0.0885654573346713	0.0112127128783952	139	139	1.07648247851959e-12	9.56295227683005e-12
COG2928	log_NO2NO3	log_NO2NO3	-0.157782297405794	0.0199763965889378	139	139	1.07781083353756e-12	9.56295227683005e-12
COG2099	log_NO2NO3	log_NO2NO3	-0.374082754929632	0.0473703564065236	139	139	1.08632920543124e-12	9.61775943084378e-12
COG0183	log_NO2NO3	log_NO2NO3	0.109858913523578	0.0139140549563262	139	139	1.09484415494855e-12	9.63087749149606e-12
COG0706	log_NO2NO3	log_NO2NO3	-0.107436400430328	0.013607178740254	139	139	1.09465328991517e-12	9.63087749149606e-12
COG0725	log_NO2NO3	log_NO2NO3	0.321403321036745	0.0407043269148232	139	139	1.09181480710215e-12	9.63087749149606e-12
COG1742	log_NO2NO3	log_NO2NO3	0.844802416503551	0.107025805295903	139	139	1.10727745462816e-12	9.71943543506937e-12
COG5016	log_NO2NO3	log_NO2NO3	0.248243792465769	0.0314526799003022	139	139	1.11228068746953e-12	9.74253531796338e-12
COG3474	log_NO2NO3	log_NO2NO3	-0.226832864359654	0.0287474242880891	139	139	1.12476909640349e-12	9.8309605277139e-12
COG1247	log_NO2NO3	log_NO2NO3	0.332925189782076	0.042207406332281	139	139	1.14134527428664e-12	9.95466324154888e-12
COG4968	log_NO2NO3	log_NO2NO3	0.760440977930869	0.0965057675072541	139	139	1.19234366482671e-12	1.0377431726924e-11
COG2716	log_NO2NO3	log_NO2NO3	0.504355240265695	0.0640256403538177	139	139	1.20758528911666e-12	1.04842906419202e-11
COG4656	log_NO2NO3	log_NO2NO3	0.741492049950984	0.0941330155250984	139	139	1.20972584329849e-12	1.04842906419202e-11
COG1381	log_NO2NO3	log_NO2NO3	-0.115281617825874	0.0146421822574761	139	139	1.23489364299919e-12	1.06798801798751e-11
COG0402	log_NO2NO3	log_NO2NO3	0.232866300308448	0.0295800806449181	139	139	1.24058379089715e-12	1.07065508676586e-11
COG3663	log_NO2NO3	log_NO2NO3	0.585821378450527	0.0744557882110324	139	139	1.27012763253191e-12	1.09385415397088e-11
COG1702	log_NO2NO3	log_NO2NO3	-0.151028607811807	0.0191987432956299	139	139	1.28014547549283e-12	1.10017523291308e-11
COG0851	log_NO2NO3	log_NO2NO3	-0.807722059024376	0.102683564128434	139	139	1.28332985973152e-12	1.10060940788666e-11
COG1653	log_NO2NO3	log_NO2NO3	-0.146338273958062	0.0186150441577894	139	139	1.31727972432386e-12	1.1273718974005e-11
COG5319	log_NO2NO3	log_NO2NO3	-0.256881338940993	0.0326921604530896	139	139	1.3439096288741e-12	1.1477714668222e-11
COG1795	log_NO2NO3	log_NO2NO3	-0.310209227013806	0.0394914181148198	139	139	1.36199663769998e-12	1.16080543312687e-11
COG2846	log_NO2NO3	log_NO2NO3	0.970329242288902	0.123638437892422	139	139	1.41430436325628e-12	1.20289075036373e-11
COG1814	log_NO2NO3	log_NO2NO3	0.876991679343532	0.11176508803266	139	139	1.42486191753977e-12	1.20936627215979e-11
COG2181	log_NO2NO3	log_NO2NO3	0.734488204824091	0.0936326523350767	139	139	1.44327976172975e-12	1.2224728373579e-11
COG4446	log_NO2NO3	log_NO2NO3	-0.643051431242404	0.0820497888773153	139	139	1.49902791752953e-12	1.2670795648583e-11
COG3080	log_NO2NO3	log_NO2NO3	1.78942731254617	0.228385861012759	139	83	1.51713120389447e-12	1.27974845700175e-11
COG0571	log_NO2NO3	log_NO2NO3	-0.119292851451829	0.0152291583403756	139	139	1.53290085335265e-12	1.28776210747908e-11
COG3714	log_NO2NO3	log_NO2NO3	0.765697017504071	0.0977494640487412	139	139	1.53229684732375e-12	1.28776210747908e-11
COG2969	log_NO2NO3	log_NO2NO3	0.52323634811837	0.0668053995261455	139	139	1.54069711196213e-12	1.29167015019192e-11
COG1585	log_NO2NO3	log_NO2NO3	0.648192027018709	0.08277861245389	139	139	1.55586712560047e-12	1.30173159917856e-11
COG1648	log_NO2NO3	log_NO2NO3	0.620681368351633	0.0792728161918277	139	139	1.56209716790907e-12	1.3042876353192e-11
COG1144	log_NO2NO3	log_NO2NO3	2.11928864264781	0.270816513330419	139	86	1.59730720574809e-12	1.33098133898847e-11
COG0001	log_NO2NO3	log_NO2NO3	0.11274635301336	0.0144146526090708	139	139	1.63125664036403e-12	1.35417094777957e-11
COG0173	log_NO2NO3	log_NO2NO3	-0.114175709694748	0.0145981957588817	139	139	1.63502626606296e-12	1.35417094777957e-11
COG0621	log_NO2NO3	log_NO2NO3	-0.0597702103531211	0.00764203478852169	139	139	1.63482997135899e-12	1.35417094777957e-11
COG4333	log_NO2NO3	log_NO2NO3	-0.347890073852346	0.0445819966317711	139	139	1.79998156468708e-12	1.4877916031659e-11
COG2135	log_NO2NO3	log_NO2NO3	-0.267918881919275	0.0343355547802117	139	139	1.80403810070424e-12	1.48815030475763e-11
COG0700	log_NO2NO3	log_NO2NO3	0.350142768472556	0.0449024493682949	139	139	1.85428845442409e-12	1.52653646708901e-11
COG5352	log_NO2NO3	log_NO2NO3	-0.315506008449376	0.0404673123098844	139	139	1.86721017697988e-12	1.53409988140667e-11
COG0426	log_NO2NO3	log_NO2NO3	-1.07139952828203	0.137542557523868	139	139	1.93867563606332e-12	1.58963662933096e-11
COG4393	log_NO2NO3	log_NO2NO3	1.41362699100142	0.181581395274814	139	94	1.98617282606833e-12	1.625338240934e-11
COG3250	log_NO2NO3	log_NO2NO3	0.221878326112476	0.0285059018689668	139	139	2.00220774404019e-12	1.63520266650439e-11
COG0268	log_NO2NO3	log_NO2NO3	-0.151050637817767	0.0194102712329015	139	139	2.01948717076529e-12	1.64604232093329e-11
COG2142	log_NO2NO3	log_NO2NO3	-0.238503160874053	0.0306609855953432	139	139	2.0554027266743e-12	1.67199889132238e-11
COG3425	log_NO2NO3	log_NO2NO3	0.452456693780541	0.058169331003454	139	139	2.06037459945871e-12	1.67273099892814e-11
COG0135	log_NO2NO3	log_NO2NO3	-0.157243192153061	0.0202383299430551	139	139	2.15900491263064e-12	1.74934757023405e-11
COG3380	log_NO2NO3	log_NO2NO3	-0.865644861059225	0.111441933340313	139	139	2.18113991020566e-12	1.76380369116631e-11
COG1612	log_NO2NO3	log_NO2NO3	-0.0963721621317918	0.0124108040516754	139	139	2.21057385850909e-12	1.78409379386156e-11
COG2322	log_NO2NO3	log_NO2NO3	0.23241134094819	0.0299359215353822	139	139	2.2291335061231e-12	1.7955451849321e-11
COG3176	log_NO2NO3	log_NO2NO3	-0.354216472069994	0.0456463616338038	139	139	2.27283141112152e-12	1.82716075085855e-11
COG2813	log_NO2NO3	log_NO2NO3	0.377312047260926	0.0486707452517682	139	139	2.3685627219448e-12	1.9004014964354e-11
COG0234	log_NO2NO3	log_NO2NO3	-0.120135435118114	0.0155033082930287	139	139	2.41116445506312e-12	1.93081161430785e-11
COG0199	log_NO2NO3	log_NO2NO3	-0.135226326315729	0.0174520038188616	139	139	2.41829082861989e-12	1.93275072450788e-11
COG1666	log_NO2NO3	log_NO2NO3	-0.157190625520212	0.0202893141420571	139	139	2.43146072899394e-12	1.93950304363245e-11
COG0251	log_NO2NO3	log_NO2NO3	0.0830821531934642	0.0107260053847998	139	139	2.4524100918426e-12	1.95242260800183e-11
COG0759	log_NO2NO3	log_NO2NO3	-0.155860918751668	0.020126511044487	139	139	2.47624881599245e-12	1.96758803406131e-11
COG2213	log_NO2NO3	log_NO2NO3	-1.02026318595225	0.131778745754481	139	139	2.50052544691789e-12	1.98304218840515e-11
COG1140	log_NO2NO3	log_NO2NO3	1.47463738838825	0.190569386933761	139	139	2.55733623143384e-12	2.02418829262624e-11
COG1878	log_NO2NO3	log_NO2NO3	0.49516409556587	0.0640167144280295	139	139	2.60083211925717e-12	2.05465737421317e-11
COG4294	log_NO2NO3	log_NO2NO3	-1.05138310288565	0.136041644236251	139	139	2.69357305209413e-12	2.12383840652643e-11
COG2356	log_NO2NO3	log_NO2NO3	0.252498853751711	0.0326752773044377	139	139	2.70620510924607e-12	2.129710840763e-11
COG0295	log_NO2NO3	log_NO2NO3	0.177327141189131	0.0229558202175152	139	139	2.74726517612107e-12	2.15789012304118e-11
COG1580	log_NO2NO3	log_NO2NO3	0.774709417792051	0.100317041213931	139	139	2.77844945161137e-12	2.17821953191212e-11
COG2607	log_NO2NO3	log_NO2NO3	-0.2826573787461	0.0366213855659209	139	139	2.84239420837382e-12	2.22410579199994e-11
COG0264	log_NO2NO3	log_NO2NO3	-0.109480115665792	0.0141905191929251	139	139	2.89395008929656e-12	2.26014200890309e-11
COG0323	log_NO2NO3	log_NO2NO3	0.153679440943451	0.019931548740947	139	139	2.96714412501073e-12	2.31290855133664e-11
COG1556	log_NO2NO3	log_NO2NO3	0.835405161092816	0.10837397820513	139	139	2.99626265942492e-12	2.33118314487075e-11
COG2914	log_NO2NO3	log_NO2NO3	0.638006408767712	0.0827740638752489	139	139	3.0080845720727e-12	2.33595679056232e-11
COG3735	log_NO2NO3	log_NO2NO3	0.450781422629896	0.0585183802038335	139	139	3.08254832087407e-12	2.38926575512277e-11
COG1754	log_NO2NO3	log_NO2NO3	-0.124134224428716	0.0161237516477783	139	139	3.15616262881946e-12	2.44171677574206e-11
COG0536	log_NO2NO3	log_NO2NO3	-0.118857859524041	0.0154401188604777	139	139	3.17064049793908e-12	2.44830661006273e-11
COG4262	log_NO2NO3	log_NO2NO3	0.76937916968646	0.0999565249123585	139	139	3.18512854946236e-12	2.45487956495148e-11
COG3079	log_NO2NO3	log_NO2NO3	0.529015228461974	0.0687472862310657	139	139	3.22061502655582e-12	2.47758174702084e-11
COG3279	log_NO2NO3	log_NO2NO3	0.530420396672107	0.0689572886083672	139	139	3.27381258687464e-12	2.51379852465066e-11
COG3593	log_NO2NO3	log_NO2NO3	1.1845558691859	0.154019530924538	139	139	3.29259596667617e-12	2.52350452072867e-11
COG3128	log_NO2NO3	log_NO2NO3	-0.636841454385973	0.0828155582747085	139	139	3.3115068860965e-12	2.53167555876616e-11
COG4485	log_NO2NO3	log_NO2NO3	1.08652419086395	0.141297010965664	139	48	3.31558288854964e-12	2.53167555876616e-11
COG0825	log_NO2NO3	log_NO2NO3	-0.153914455752583	0.020017981935419	139	139	3.33049530994242e-12	2.53834410635315e-11
COG2976	log_NO2NO3	log_NO2NO3	0.37759621300202	0.049128027684737	139	139	3.3816755348797e-12	2.57257835134923e-11
COG2233	log_NO2NO3	log_NO2NO3	0.371038209859144	0.0482834635855663	139	139	3.40679860194314e-12	2.58689993655868e-11
COG4230	log_NO2NO3	log_NO2NO3	0.297098143405374	0.0386763061426354	139	139	3.46057233595912e-12	2.62288397714392e-11
COG2838	log_NO2NO3	log_NO2NO3	0.289231925480389	0.0376934566784868	139	139	3.61962526021852e-12	2.73838316187435e-11
COG4956	log_NO2NO3	log_NO2NO3	-1.01308143860484	0.132091471853502	139	138	3.69246369518733e-12	2.78804202523155e-11
COG5557	log_NO2NO3	log_NO2NO3	0.226310014025641	0.0295088605536694	139	139	3.69883861672638e-12	2.78804202523155e-11
COG0324	log_NO2NO3	log_NO2NO3	-0.113282152671735	0.0147732653101732	139	139	3.72210325222918e-12	2.80043958977243e-11
COG3530	log_NO2NO3	log_NO2NO3	0.750277528859227	0.0979805438602966	139	139	3.94013948962617e-12	2.95906636624942e-11
COG4034	log_NO2NO3	log_NO2NO3	-1.21082569178106	0.158210621615492	139	120	4.0288481798126e-12	3.02016575231207e-11
COG0500	log_NO2NO3	log_NO2NO3	0.0940758197722317	0.0122996492970247	139	139	4.12904529333333e-12	3.0896389918057e-11
COG2812	log_NO2NO3	log_NO2NO3	-0.123529256937413	0.0161553388229529	139	139	4.18050426795937e-12	3.12174517217782e-11
COG4585	log_NO2NO3	log_NO2NO3	0.634439621993441	0.0829761754559966	139	139	4.18715090036509e-12	3.12174517217782e-11
COG0566	log_NO2NO3	log_NO2NO3	-0.138944568571642	0.0181843514910673	139	139	4.30425753695321e-12	3.20324093510938e-11
COG0238	log_NO2NO3	log_NO2NO3	-0.101506396142651	0.0132864853399405	139	139	4.32880313929999e-12	3.21568233205142e-11
COG4266	log_NO2NO3	log_NO2NO3	0.255614624872612	0.0334621695058091	139	139	4.34989648241028e-12	3.22551890789557e-11
COG1541	log_NO2NO3	log_NO2NO3	0.294304100588577	0.0385307014299866	139	139	4.36719202480078e-12	3.22669511472691e-11
COG5579	log_NO2NO3	log_NO2NO3	0.555317550265815	0.0727028154289957	139	138	4.36687516390051e-12	3.22669511472691e-11
COG0653	log_NO2NO3	log_NO2NO3	-0.143905284856805	0.0188427443880265	139	139	4.39057810177567e-12	3.2381498818841e-11
COG2210	log_NO2NO3	log_NO2NO3	0.988857166288802	0.129509725330462	139	139	4.4326218067279e-12	3.26329935161975e-11
COG1246	log_NO2NO3	log_NO2NO3	0.528808157240828	0.0693206393751593	139	139	4.60039590292442e-12	3.38075605889329e-11
COG0812	log_NO2NO3	log_NO2NO3	-0.125037773311591	0.0163996787425828	139	139	4.70061117434305e-12	3.44823405432165e-11
COG0850	log_NO2NO3	log_NO2NO3	-0.736056114125184	0.0965523661021648	139	139	4.72619812809515e-12	3.46082386991352e-11
COG0433	log_NO2NO3	log_NO2NO3	0.573030450672601	0.0751873949974207	139	139	4.77758272597465e-12	3.49222594987613e-11
COG1429	log_NO2NO3	log_NO2NO3	-0.486422826542576	0.0638502119874638	139	139	4.85933618772134e-12	3.54567549896257e-11
COG2980	log_NO2NO3	log_NO2NO3	0.514403061996171	0.067588165538619	139	139	5.05361350769251e-12	3.6808943775888e-11
COG3367	log_NO2NO3	log_NO2NO3	0.223814608835156	0.0294152084152426	139	139	5.10893446320141e-12	3.7146022610321e-11
COG4750	log_NO2NO3	log_NO2NO3	0.89975242784205	0.118278740338089	139	137	5.15701334949295e-12	3.74293477733516e-11
COG0033	log_NO2NO3	log_NO2NO3	-0.767005525128717	0.100883360095851	139	139	5.27271069704065e-12	3.82015794416984e-11
COG0337	log_NO2NO3	log_NO2NO3	-0.122058718911196	0.0160583594230393	139	139	5.3278273195358e-12	3.85329482898821e-11
COG0749	log_NO2NO3	log_NO2NO3	-0.10324714808306	0.0135911337478363	139	139	5.45122958184101e-12	3.9356153114592e-11
COG2988	log_NO2NO3	log_NO2NO3	-0.678925279827838	0.0894177130007064	139	139	5.56632507206629e-12	4.01166024492076e-11
COG4251	log_NO2NO3	log_NO2NO3	0.843133263169789	0.111075250729717	139	139	5.6286965581293e-12	4.04950708595362e-11
COG3227	log_NO2NO3	log_NO2NO3	0.599114270243821	0.0789500933006591	139	139	5.6930184485287e-12	4.08862234030697e-11
COG0043	log_NO2NO3	log_NO2NO3	0.533277828713977	0.0702837834805979	139	139	5.72420155578708e-12	4.10384293039674e-11
COG3716	log_NO2NO3	log_NO2NO3	1.05853255909529	0.139708495980122	139	57	6.06258462641042e-12	4.33886718559129e-11
COG1521	log_NO2NO3	log_NO2NO3	-0.118592099524966	0.0156737159783791	139	139	6.40872814641542e-12	4.57861830008253e-11
COG3358	log_NO2NO3	log_NO2NO3	0.382629453714378	0.0505828780239029	139	139	6.47384189163887e-12	4.61710807132855e-11
COG1040	log_NO2NO3	log_NO2NO3	0.575109968620643	0.0760502667957362	139	139	6.54917705495272e-12	4.66274165368211e-11
COG0053	log_NO2NO3	log_NO2NO3	0.441044581359027	0.0583533459289673	139	139	6.69247074644483e-12	4.75651727100266e-11
COG0357	log_NO2NO3	log_NO2NO3	-0.147952323492606	0.0195770111368291	139	139	6.71815308554367e-12	4.75801328559337e-11
COG1528	log_NO2NO3	log_NO2NO3	-0.602118485423329	0.0796718750049577	139	139	6.71720643629306e-12	4.75801328559337e-11
COG4487	log_NO2NO3	log_NO2NO3	-0.442704471526655	0.0585809529143946	139	139	6.72932258746287e-12	4.75801328559337e-11
COG1774	log_NO2NO3	log_NO2NO3	0.432419790258252	0.0572658027615646	139	139	6.94928507617485e-12	4.90509675136191e-11
COG0654	log_NO2NO3	log_NO2NO3	-0.172631713420933	0.0228763587513845	139	139	7.12939237187491e-12	5.02359242944462e-11
COG2894	log_NO2NO3	log_NO2NO3	-0.797189747460679	0.10567534206013	139	139	7.22605568071472e-12	5.074296878013e-11
COG3382	log_NO2NO3	log_NO2NO3	1.51241445191705	0.200485269970009	139	101	7.22585090915691e-12	5.074296878013e-11
COG0619	log_NO2NO3	log_NO2NO3	-0.737707706469204	0.0978116958240792	139	139	7.28945993684401e-12	5.11008556664764e-11
COG1830	log_NO2NO3	log_NO2NO3	0.507944616711286	0.0673699025915306	139	139	7.38647812517044e-12	5.16927634381604e-11
COG2271	log_NO2NO3	log_NO2NO3	0.698952721645887	0.0927854926926016	139	139	7.65214333291708e-12	5.34608925367744e-11
COG0757	log_NO2NO3	log_NO2NO3	-0.0867231388150331	0.0115192312813825	139	139	7.83514086596169e-12	5.46464493673525e-11
COG1792	log_NO2NO3	log_NO2NO3	-0.123586339771088	0.0164185873145562	139	139	7.8908140798395e-12	5.49414648135265e-11
COG0622	log_NO2NO3	log_NO2NO3	0.257203436014471	0.0341730529101483	139	139	7.9211971492143e-12	5.50596918595133e-11
COG3264	log_NO2NO3	log_NO2NO3	0.211696212609374	0.0281409475276352	139	139	8.0823565568947e-12	5.60850012427761e-11
COG1398	log_NO2NO3	log_NO2NO3	-0.291613909511221	0.0387685072583521	139	139	8.11608200917985e-12	5.62240554700014e-11
COG0815	log_NO2NO3	log_NO2NO3	-0.133758188247539	0.0177926547483061	139	139	8.30465995075374e-12	5.74335742048761e-11
COG0354	log_NO2NO3	log_NO2NO3	-0.131996795878579	0.0175600850344712	139	139	8.33746712304949e-12	5.75378168496411e-11
COG2009	log_NO2NO3	log_NO2NO3	-0.136510341984565	0.0181611009260398	139	139	8.34774557993819e-12	5.75378168496411e-11
COG0437	log_NO2NO3	log_NO2NO3	0.246280079857533	0.0327709111632358	139	139	8.41142433905587e-12	5.78796167250276e-11
COG0229	log_NO2NO3	log_NO2NO3	-0.114975654572291	0.0152998824437725	139	139	8.42921460153748e-12	5.79050394366488e-11
COG3730	log_NO2NO3	log_NO2NO3	-1.52556875642512	0.203038576391946	139	125	8.47941460116039e-12	5.81526463799113e-11
COG4401	log_NO2NO3	log_NO2NO3	-0.8729730571348	0.116245871220098	139	136	8.66052182663211e-12	5.92957061063412e-11
COG3490	log_NO2NO3	log_NO2NO3	0.772666895555444	0.102929837432881	139	139	8.79867134764975e-12	6.01413342697923e-11
COG0171	log_NO2NO3	log_NO2NO3	-0.07246584192338	0.00965948231049071	139	139	9.02073166536092e-12	6.14573218502154e-11
COG0791	log_NO2NO3	log_NO2NO3	-0.228494913899421	0.0304577289212506	139	139	9.0211210018695e-12	6.14573218502154e-11
COG5590	log_NO2NO3	log_NO2NO3	-0.33343543648302	0.0444781996097466	139	139	9.28507553816322e-12	6.31508117728055e-11
COG0194	log_NO2NO3	log_NO2NO3	-0.129036497358642	0.0172207380799312	139	139	9.46006283004218e-12	6.42346084393608e-11
COG2368	log_NO2NO3	log_NO2NO3	0.647128290763507	0.0864693594953167	139	139	9.93270979649564e-12	6.73326268052873e-11
COG1611	log_NO2NO3	log_NO2NO3	0.0983696619478937	0.0131451348874364	139	139	9.96183042330385e-12	6.74187798664452e-11
COG4327	log_NO2NO3	log_NO2NO3	-0.355672789011015	0.0475395939680524	139	139	1.00542110194734e-11	6.79320705065733e-11
COG3328	log_NO2NO3	log_NO2NO3	0.802965685601507	0.107549063859696	139	139	1.0919920625901e-11	7.36601542384261e-11
COG0077	log_NO2NO3	log_NO2NO3	-0.124019869672269	0.0166247044759847	139	139	1.1276831806661e-11	7.594299190453e-11
COG4395	log_NO2NO3	log_NO2NO3	-0.210355098149298	0.0282056022373615	139	139	1.14003608475268e-11	7.66492346344357e-11
COG0694	log_NO2NO3	log_NO2NO3	-0.133811177397215	0.0179470223455355	139	139	1.15231036297110e-11	7.73478916844003e-11
COG0188	log_NO2NO3	log_NO2NO3	-0.101240766307045	0.01358444494863	139	139	1.1720211024548e-11	7.85426213521099e-11
COG4946	log_NO2NO3	log_NO2NO3	0.405580880179068	0.0544427674532168	139	139	1.1909507529534e-11	7.96812002138853e-11
COG0193	log_NO2NO3	log_NO2NO3	-0.111517933564585	0.0149732886657688	139	139	1.20288875216846e-11	8.03490568115128e-11
COG0276	log_NO2NO3	log_NO2NO3	-0.208506922790371	0.0279995081983757	139	139	1.2091819532454e-11	8.06383029859108e-11
COG0687	log_NO2NO3	log_NO2NO3	0.108821861639169	0.0146145916610383	139	139	1.21365037501252e-11	8.08051173509149e-11
COG0452	log_NO2NO3	log_NO2NO3	-0.0694694989411674	0.00933649569183147	139	139	1.24933222996022e-11	8.30217744445876e-11
COG0691	log_NO2NO3	log_NO2NO3	-0.0982170752924513	0.0132005281165658	139	139	1.25098535494644e-11	8.30217744445876e-11
COG3275	log_NO2NO3	log_NO2NO3	0.61521993821752	0.0826988820698199	139	139	1.25837570913816e-11	8.33775389216061e-11
COG1496	log_NO2NO3	log_NO2NO3	-0.13969245933395	0.0187857101978085	139	139	1.27971342974088e-11	8.46547949979955e-11
COG0107	log_NO2NO3	log_NO2NO3	-0.0866134966411494	0.0116542799689584	139	139	1.30847010075681e-11	8.641792884098e-11
COG2076	log_NO2NO3	log_NO2NO3	-0.263524493642263	0.0354672356916817	139	139	1.32114998881818e-11	8.71153154745597e-11
COG0285	log_NO2NO3	log_NO2NO3	-0.095101143276354	0.0128107326979092	139	139	1.36760837079797e-11	9.00342177441995e-11
COG0307	log_NO2NO3	log_NO2NO3	-0.0875449543821603	0.011795756883116	139	139	1.3808386634368e-11	9.07597636703742e-11
COG3787	log_NO2NO3	log_NO2NO3	0.801693089522389	0.108041193060495	139	139	1.39168416635179e-11	9.1326494494779e-11
COG0854	log_NO2NO3	log_NO2NO3	-0.170950244942852	0.0230403222931608	139	139	1.39642084573373e-11	9.14911775801299e-11
COG1978	log_NO2NO3	log_NO2NO3	-0.858805722570279	0.115763388121387	139	138	1.40369334291761e-11	9.18212142150567e-11
COG0118	log_NO2NO3	log_NO2NO3	-0.0867774675181252	0.0117004464782717	139	139	1.41888755315247e-11	9.26675686542186e-11
COG2715	log_NO2NO3	log_NO2NO3	0.345923382550224	0.0466597796648242	139	139	1.44048794800995e-11	9.3928960165474e-11
COG1027	log_NO2NO3	log_NO2NO3	1.31462535382094	0.177452137715076	139	139	1.48221814137653e-11	9.63638703677102e-11
COG2252	log_NO2NO3	log_NO2NO3	-0.24400058322974	0.0329361143615642	139	139	1.48252108258016e-11	9.63638703677102e-11
COG1304	log_NO2NO3	log_NO2NO3	-0.21088243173372	0.0285088306022015	139	139	1.57300127695629e-11	1.02083558384462e-10
COG3165	log_NO2NO3	log_NO2NO3	0.478657442625101	0.0647322074825601	139	139	1.59532408965046e-11	1.0336894890038e-10
COG3071	log_NO2NO3	log_NO2NO3	0.452952917285598	0.0613033669425544	139	139	1.64420687526993e-11	1.06368532970218e-10
COG0799	log_NO2NO3	log_NO2NO3	-0.0923351977303771	0.0124992579298661	139	139	1.6569140637341e-11	1.07022059336788e-10
COG0703	log_NO2NO3	log_NO2NO3	-0.142244381525798	0.0192606426419753	139	139	1.6746759814364e-11	1.07830234039824e-10
COG1145	log_NO2NO3	log_NO2NO3	0.396696441236769	0.0537135960666989	139	139	1.67321353855024e-11	1.07830234039824e-10
COG1444	log_NO2NO3	log_NO2NO3	0.929354086811524	0.125853172554998	139	139	1.68180493633187e-11	1.0811979152506e-10
COG1060	log_NO2NO3	log_NO2NO3	0.453346856412548	0.0614403184769286	139	139	1.73389829777266e-11	1.1112097047192e-10
COG1579	log_NO2NO3	log_NO2NO3	0.336027987235962	0.0455399963452884	139	139	1.73307281961161e-11	1.1112097047192e-10
COG0222	log_NO2NO3	log_NO2NO3	-0.116361720283089	0.0157752754140643	139	139	1.75642945089922e-11	1.12389597886199e-10
COG3732	log_NO2NO3	log_NO2NO3	-1.50423482580029	0.203983053888695	139	131	1.7740944280133e-11	1.13343388962343e-10
COG5423	log_NO2NO3	log_NO2NO3	1.42747376627568	0.19360786459868	139	78	1.78628414529794e-11	1.13944957591366e-10
COG0338	log_NO2NO3	log_NO2NO3	0.376280555617488	0.0510771890618949	139	139	1.84486953791899e-11	1.17499597856918e-10
COG2896	log_NO2NO3	log_NO2NO3	0.162435352267713	0.0220635593264669	139	139	1.8916341993857e-11	1.20291537013567e-10
COG1453	log_NO2NO3	log_NO2NO3	-0.749822584832431	0.101900674766272	139	139	1.92981128601691e-11	1.22529594481568e-10
COG1490	log_NO2NO3	log_NO2NO3	0.132893095897648	0.0180613317270962	139	139	1.9347853306223e-11	1.22655835465994e-10
COG0772	log_NO2NO3	log_NO2NO3	-0.126278313961117	0.0171661442184556	139	139	1.9515605445912e-11	1.23528670526666e-10
COG0486	log_NO2NO3	log_NO2NO3	-0.127410453005965	0.0173314310369757	139	139	2.00192550908807e-11	1.26503110221536e-10
COG2421	log_NO2NO3	log_NO2NO3	0.383854864314624	0.0522170090522715	139	139	2.00471092390993e-11	1.26503110221536e-10
COG4091	log_NO2NO3	log_NO2NO3	-0.260997530721079	0.0355108898507883	139	139	2.01911067182617e-11	1.27021541192372e-10
COG4338	log_NO2NO3	log_NO2NO3	-0.622703534578433	0.0847210560501568	139	139	2.01638749194153e-11	1.27021541192372e-10
COG0108	log_NO2NO3	log_NO2NO3	-0.0866731627052651	0.0117948114541043	139	139	2.03378953507129e-11	1.27749348777872e-10
COG2912	log_NO2NO3	log_NO2NO3	0.616484152078861	0.0839202320052809	139	139	2.05904571203732e-11	1.29138317328997e-10
COG0637	log_NO2NO3	log_NO2NO3	-0.135393786340019	0.0184338549188257	139	139	2.07242824969219e-11	1.29779500758163e-10
COG2339	log_NO2NO3	log_NO2NO3	0.157642735795278	0.0214643487114827	139	139	2.07729582937458e-11	1.29886320655567e-10
COG0467	log_NO2NO3	log_NO2NO3	-0.792330343120193	0.107902363420058	139	139	2.09232930983201e-11	1.30627489434497e-10
COG3115	log_NO2NO3	log_NO2NO3	0.35568136151726	0.0484404171160412	139	139	2.09645290084242e-11	1.30686320434911e-10
COG0103	log_NO2NO3	log_NO2NO3	-0.0685032607040945	0.0093355196996464	139	139	2.14948167688716e-11	1.33788950434128e-10
COG2240	log_NO2NO3	log_NO2NO3	-0.491674737907203	0.0670118196084892	139	139	2.15835088131764e-11	1.34137752200497e-10
COG1233	log_NO2NO3	log_NO2NO3	-0.207548024121892	0.0282922823656156	139	139	2.17297248319982e-11	1.34703978973585e-10
COG2333	log_NO2NO3	log_NO2NO3	0.764580391400598	0.104226451537355	139	139	2.1740199138142e-11	1.34703978973585e-10
COG4147	log_NO2NO3	log_NO2NO3	-0.289013223147235	0.0394006801797162	139	139	2.1800654828105e-11	1.34875135593156e-10
COG0341	log_NO2NO3	log_NO2NO3	-0.0898500550594635	0.0122522771783391	139	139	2.20198475214355e-11	1.36026366342943e-10
COG0254	log_NO2NO3	log_NO2NO3	-0.102407695198913	0.0139684306684385	139	139	2.22492723936228e-11	1.37237253743247e-10
COG3340	log_NO2NO3	log_NO2NO3	-0.323030118915893	0.044113184458653	139	139	2.3281266966536e-11	1.43387473311139e-10
COG3468	log_NO2NO3	log_NO2NO3	-0.666043555071999	0.0909724067402898	139	139	2.34506174515737e-11	1.44214276184229e-10
COG0790	log_NO2NO3	log_NO2NO3	0.269370506777702	0.0367996289352522	139	139	2.36309659634759e-11	1.45106140774229e-10
COG4280	log_NO2NO3	log_NO2NO3	0.89011416311574	0.121719826763919	139	65	2.45323147035706e-11	1.5041604298846e-10
COG0156	log_NO2NO3	log_NO2NO3	0.0960484346686128	0.0131363014722228	139	139	2.4678799212567e-11	1.51088684299888e-10
COG0569	log_NO2NO3	log_NO2NO3	-0.0718581821469869	0.00982893909472065	139	139	2.47830721976122e-11	1.51501280636594e-10
COG1628	log_NO2NO3	log_NO2NO3	1.9044460272643	0.260628369182787	139	99	2.52763412720412e-11	1.54287087586248e-10
COG0677	log_NO2NO3	log_NO2NO3	0.12415649644786	0.0169958663479195	139	139	2.55480682559704e-11	1.55714338865766e-10
COG1154	log_NO2NO3	log_NO2NO3	-0.142537280357835	0.0195224923635198	139	139	2.60798213299747e-11	1.58719860775609e-10
COG0803	log_NO2NO3	log_NO2NO3	-0.342195762225011	0.0468965794246001	139	139	2.66853630266264e-11	1.62164898392576e-10
COG3977	log_NO2NO3	log_NO2NO3	0.647836552980514	0.088862171758206	139	139	2.76077432325197e-11	1.67522317871774e-10
COG0181	log_NO2NO3	log_NO2NO3	-0.15726069617938	0.0215795902949148	139	139	2.80285839324488e-11	1.6957499675184e-10
COG4807	log_NO2NO3	log_NO2NO3	0.833986791560522	0.114439391139808	139	139	2.80121905517411e-11	1.6957499675184e-10
COG1021	log_NO2NO3	log_NO2NO3	0.589546592899644	0.0809543321721209	139	139	2.87769052998433e-11	1.73846363193759e-10
COG0416	log_NO2NO3	log_NO2NO3	-0.106589761413743	0.0146384319560125	139	139	2.89220246098632e-11	1.74466486192831e-10
COG0589	log_NO2NO3	log_NO2NO3	0.263223372448002	0.036159310039865	139	139	2.92205625189904e-11	1.7600890150735e-10
COG1947	log_NO2NO3	log_NO2NO3	-0.0927503217916043	0.012751888966936	139	139	3.01700552892684e-11	1.81462060217152e-10
COG3592	log_NO2NO3	log_NO2NO3	1.02784458775636	0.141342455414267	139	52	3.03992780050333e-11	1.82573441585785e-10
COG1328	log_NO2NO3	log_NO2NO3	1.37605794837036	0.189488762838912	139	139	3.20486561266361e-11	1.92198364041198e-10
COG1176	log_NO2NO3	log_NO2NO3	0.108834826215308	0.014990561291912	139	139	3.23403428211752e-11	1.93664910071993e-10
COG4628	log_NO2NO3	log_NO2NO3	0.906692275981167	0.124990054731427	139	138	3.33935019568976e-11	1.99680503695685e-10
COG3731	log_NO2NO3	log_NO2NO3	-1.36749388181163	0.188579015000486	139	127	3.38423659307704e-11	2.02070405877332e-10
COG1232	log_NO2NO3	log_NO2NO3	0.252528796512211	0.0348301415459761	139	139	3.40694049072986e-11	2.03130791522761e-10
COG0786	log_NO2NO3	log_NO2NO3	-0.919492590463619	0.126931087299815	139	139	3.52072017802901e-11	2.09610412918017e-10
COG3129	log_NO2NO3	log_NO2NO3	0.995077302272375	0.137454532641977	139	139	3.6087329006946e-11	2.14539432070237e-10
COG0663	log_NO2NO3	log_NO2NO3	-0.153298561827051	0.021181877549379	139	139	3.64807439882813e-11	2.1656487905182e-10
COG0832	log_NO2NO3	log_NO2NO3	-0.502244683241773	0.0694117244172088	139	139	3.67721494699807e-11	2.17838975795482e-10
COG1623	log_NO2NO3	log_NO2NO3	-1.27250399246051	0.175867566456956	139	135	3.68014238563935e-11	2.17838975795482e-10
COG4362	log_NO2NO3	log_NO2NO3	-1.24651076087723	0.172320392167547	139	132	3.71696040590866e-11	2.19701774783781e-10
COG1354	log_NO2NO3	log_NO2NO3	-0.0776068578332011	0.0107292098435942	139	139	3.72572814577191e-11	2.19903609523434e-10
COG1077	log_NO2NO3	log_NO2NO3	-0.117217866371201	0.0162154531895365	139	139	3.81373302451904e-11	2.24773973688883e-10
COG1577	log_NO2NO3	log_NO2NO3	0.711631855145465	0.0984493352314041	139	139	3.82109831783802e-11	2.24773973688883e-10
COG2087	log_NO2NO3	log_NO2NO3	-0.298616370764962	0.0413125216919701	139	139	3.82465938677044e-11	2.24773973688883e-10
COG0104	log_NO2NO3	log_NO2NO3	-0.0607804430209679	0.00841508772831356	139	139	3.93510257809483e-11	2.30934305583051e-10
COG0708	log_NO2NO3	log_NO2NO3	-0.131926900854607	0.0182776942305505	139	139	4.03685441394178e-11	2.365677308484e-10
COG4121	log_NO2NO3	log_NO2NO3	-0.388776623984283	0.0538789418491424	139	139	4.08307419340896e-11	2.38935452799487e-10
COG3634	log_NO2NO3	log_NO2NO3	0.431242831714385	0.0597669167710196	139	139	4.09020018056234e-11	2.39011982101708e-10
COG1872	log_NO2NO3	log_NO2NO3	0.780699425912251	0.108215081412899	139	139	4.11337337005837e-11	2.40024684718747e-10
COG4992	log_NO2NO3	log_NO2NO3	-0.122736043625388	0.0170177005775504	139	139	4.15825352899632e-11	2.42299368753431e-10
COG3312	log_NO2NO3	log_NO2NO3	0.59679304288106	0.0827826187564786	139	139	4.22624228565502e-11	2.45912228179474e-10
COG1510	log_NO2NO3	log_NO2NO3	0.4588232199899	0.063680941572754	139	139	4.31849032101923e-11	2.50924444678175e-10
COG1449	log_NO2NO3	log_NO2NO3	-0.720297907382896	0.0999871278276706	139	139	4.34399523437538e-11	2.51950903764105e-10
COG2939	log_NO2NO3	log_NO2NO3	0.227767008808364	0.0316180074386936	139	139	4.3484223653542e-11	2.51950903764105e-10
COG5055	log_NO2NO3	log_NO2NO3	-1.10406059242629	0.153316039341051	139	125	4.40576076835428e-11	2.54913594878864e-10
COG5488	log_NO2NO3	log_NO2NO3	-0.594902749995762	0.0826489217118543	139	139	4.48147849172455e-11	2.58929868410752e-10
COG1656	log_NO2NO3	log_NO2NO3	1.44231709157699	0.20041234654978	139	82	4.50972858770619e-11	2.60083018119774e-10
COG4598	log_NO2NO3	log_NO2NO3	0.387278176047842	0.0538143285415575	139	139	4.51409912169909e-11	2.60083018119774e-10
COG3182	log_NO2NO3	log_NO2NO3	0.588145029734994	0.0817747781936937	139	139	4.61692843508434e-11	2.65635042175441e-10
COG2227	log_NO2NO3	log_NO2NO3	-0.178220553768611	0.0247926523438053	139	139	4.70986007498854e-11	2.70602869762978e-10
COG1841	log_NO2NO3	log_NO2NO3	0.131343496404716	0.0182785429948844	139	139	4.77871549440917e-11	2.74175464399901e-10
COG4895	log_NO2NO3	log_NO2NO3	1.06342135824737	0.14805055030671	139	113	4.85015158544814e-11	2.77885951367098e-10
COG3613	log_NO2NO3	log_NO2NO3	-0.523426582575471	0.0728870121480822	139	139	4.88790188090807e-11	2.79658787280924e-10
COG1404	log_NO2NO3	log_NO2NO3	0.289795970222755	0.0403669465918311	139	139	4.94702185081734e-11	2.8264764621916e-10
COG1469	log_NO2NO3	log_NO2NO3	0.237139727021413	0.033050657928429	139	139	5.05155887921739e-11	2.88219498275348e-10
COG0026	log_NO2NO3	log_NO2NO3	-0.238125651250895	0.0331916225120516	139	139	5.07187144216033e-11	2.88977085775238e-10
COG3483	log_NO2NO3	log_NO2NO3	0.338538472018307	0.0472270494030446	139	139	5.23200153862838e-11	2.97687843776806e-10
COG3531	log_NO2NO3	log_NO2NO3	0.784618133161716	0.109506612295591	139	139	5.32257401093091e-11	3.02422324161883e-10
COG1534	log_NO2NO3	log_NO2NO3	0.433056614294252	0.060461862990931	139	139	5.39401311223730e-11	3.0605809205899e-10
COG3457	log_NO2NO3	log_NO2NO3	1.07744411283086	0.150611031224047	139	131	5.64324800208987e-11	3.19758107483933e-10
COG1598	log_NO2NO3	log_NO2NO3	0.96053719856928	0.134288404027498	139	138	5.67353619106943e-11	3.21031496872083e-10
COG1166	log_NO2NO3	log_NO2NO3	-0.490180346989895	0.0685573787151902	139	139	5.75896062890629e-11	3.25416922469698e-10
COG1714	log_NO2NO3	log_NO2NO3	0.202375891249748	0.0283186516629241	139	139	5.8664795933819e-11	3.31037062769407e-10
COG5026	log_NO2NO3	log_NO2NO3	-1.06181908673908	0.148645073467774	139	63	5.96093645347535e-11	3.35905719490764e-10
COG3200	log_NO2NO3	log_NO2NO3	-0.140979812006274	0.0197394129970213	139	139	6.00058660798554e-11	3.37676846378145e-10
COG2085	log_NO2NO3	log_NO2NO3	0.477819398848528	0.0669071472386243	139	139	6.0167771819366e-11	3.38124769677094e-10
COG1968	log_NO2NO3	log_NO2NO3	-0.119454047460305	0.0167321518641234	139	139	6.09055456955491e-11	3.4180325371218e-10
COG3216	log_NO2NO3	log_NO2NO3	-0.32868559057997	0.0460919364863571	139	139	6.3533487682653e-11	3.56064894134159e-10
COG4659	log_NO2NO3	log_NO2NO3	0.591840086704574	0.0830143959364594	139	139	6.41052993079914e-11	3.5878006751666e-10
COG0261	log_NO2NO3	log_NO2NO3	-0.140187552409048	0.0196643147733026	139	139	6.42168535666715e-11	3.58915421022975e-10
COG1559	log_NO2NO3	log_NO2NO3	0.106318877658572	0.014925572619226	139	139	6.61740249706121e-11	3.69351758939232e-10
COG3117	log_NO2NO3	log_NO2NO3	0.638641527744824	0.0896669291593779	139	139	6.64829250328873e-11	3.70572396248441e-10
COG4809	log_NO2NO3	log_NO2NO3	0.954591441404961	0.134238158047004	139	66	7.04738008048685e-11	3.92285059222764e-10
COG4547	log_NO2NO3	log_NO2NO3	-0.188253685706872	0.0264924239159111	139	139	7.24196041508698e-11	4.02570681802129e-10
COG4258	log_NO2NO3	log_NO2NO3	0.931770899727568	0.13125443284596	139	139	7.50963556890306e-11	4.16886255635862e-10
COG0318	log_NO2NO3	log_NO2NO3	0.0880764677168894	0.0124086892217196	139	139	7.54879396926136e-11	4.18494542857297e-10
COG2360	log_NO2NO3	log_NO2NO3	0.219609153186281	0.0309640286990235	139	139	7.77067330625098e-11	4.30214635337993e-10
COG0444	log_NO2NO3	log_NO2NO3	0.315498972671308	0.0445835185603572	139	139	8.4362010365396e-11	4.66432218817021e-10
COG1741	log_NO2NO3	log_NO2NO3	-0.123569214288959	0.0174763825742438	139	139	8.70063479481814e-11	4.80406017971948e-10
COG4261	log_NO2NO3	log_NO2NO3	1.16307065654224	0.164516073259977	139	138	8.74559842434226e-11	4.82240514459034e-10
COG3660	log_NO2NO3	log_NO2NO3	-0.182088017577497	0.0257621905197639	139	139	8.81921168348612e-11	4.85647742570522e-10
COG3666	log_NO2NO3	log_NO2NO3	0.827427571530438	0.117072230582184	139	139	8.83598230605476e-11	4.8591988371182e-10
COG2907	log_NO2NO3	log_NO2NO3	-0.408695276874248	0.0578546093203596	139	139	8.9974758686288e-11	4.94139450111325e-10
COG0321	log_NO2NO3	log_NO2NO3	-0.141104565512733	0.0199921541825445	139	139	9.29078721437114e-11	5.09566807431731e-10
COG2963	log_NO2NO3	log_NO2NO3	0.82626971467279	0.117084392982643	139	139	9.33684464555048e-11	5.11410104052285e-10
COG2003	log_NO2NO3	log_NO2NO3	0.56292947395935	0.0798668103149406	139	139	9.76740351615899e-11	5.34280874092958e-10
COG0360	log_NO2NO3	log_NO2NO3	-0.110008590893174	0.015608421602875	139	139	9.78388592534128e-11	5.34470789644973e-10
COG0385	log_NO2NO3	log_NO2NO3	-0.145918025601146	0.0207094666983242	139	139	9.8894843770174e-11	5.39521936531042e-10
COG0301	log_NO2NO3	log_NO2NO3	1.0205189432334	0.144844457241061	139	139	9.9068363602901e-11	5.39751774112357e-10
COG1799	log_NO2NO3	log_NO2NO3	-0.837237954706005	0.118860824383995	139	138	9.9980900890137e-11	5.44002040869778e-10
COG1218	log_NO2NO3	log_NO2NO3	-0.117551965718986	0.0166908740913679	139	139	1.00481118047588e-10	5.46000572671284e-10
COG0325	log_NO2NO3	log_NO2NO3	-0.120995685793728	0.0171955286717244	139	139	1.03884550076721e-10	5.63748654841701e-10
COG4608	log_NO2NO3	log_NO2NO3	0.366639392685826	0.0521111887567124	139	139	1.04288362717354e-10	5.65193395834949e-10
COG1595	log_NO2NO3	log_NO2NO3	0.185661211455643	0.026402228381504	139	139	1.06299006385903e-10	5.75331117566919e-10
COG4625	log_NO2NO3	log_NO2NO3	-0.431746604979994	0.061425410167061	139	139	1.08094516128869e-10	5.84279305601832e-10
COG2236	log_NO2NO3	log_NO2NO3	-0.167270628613123	0.0238097103119185	139	139	1.10062527805567e-10	5.94135169809817e-10
COG0522	log_NO2NO3	log_NO2NO3	-0.0663019906293331	0.00944237026975261	139	139	1.12109511510018e-10	6.04390909820411e-10
COG4668	log_NO2NO3	log_NO2NO3	-0.793594984380775	0.113114159218013	139	139	1.15572475710566e-10	6.22243420994762e-10
COG4148	log_NO2NO3	log_NO2NO3	0.3249458260133	0.0463338356026963	139	139	1.17219123896923e-10	6.30282933204924e-10
COG1169	log_NO2NO3	log_NO2NO3	-0.275482434251932	0.0392837045146165	139	139	1.17525478513219e-10	6.31104138212159e-10
COG0435	log_NO2NO3	log_NO2NO3	-0.284894784781644	0.0406340247453853	139	139	1.18381090218858e-10	6.3486882326249e-10
COG0091	log_NO2NO3	log_NO2NO3	-0.0585942792179043	0.00835762218594842	139	139	1.18600606310852e-10	6.35216806681853e-10
COG0651	log_NO2NO3	log_NO2NO3	0.33101177034392	0.0472343026764262	139	139	1.20462745837442e-10	6.44350208203401e-10
COG0093	log_NO2NO3	log_NO2NO3	-0.0678187289780097	0.00968358758227928	139	139	1.23234067067037e-10	6.57461750014787e-10
COG0816	log_NO2NO3	log_NO2NO3	-0.13129511999207	0.0187465707152813	139	139	1.23096519322363e-10	6.57461750014787e-10
COG2107	log_NO2NO3	log_NO2NO3	0.621830656077132	0.0888086932368749	139	139	1.24232033641867e-10	6.61926321920612e-10
COG3829	log_NO2NO3	log_NO2NO3	0.655290759325845	0.0936069137872157	139	139	1.25173262786444e-10	6.66077413894704e-10
COG1678	log_NO2NO3	log_NO2NO3	0.14055291014204	0.0200895461258513	139	139	1.27876291045945e-10	6.79580599762928e-10
COG0317	log_NO2NO3	log_NO2NO3	-0.0805800072037979	0.011520211635812	139	139	1.28976490851107e-10	6.84541892010786e-10
COG2968	log_NO2NO3	log_NO2NO3	0.747140256727694	0.106841805191776	139	139	1.30118828991713e-10	6.89713741287685e-10
COG4259	log_NO2NO3	log_NO2NO3	0.777092265284038	0.111202929853873	139	137	1.3345780889469e-10	7.06500874921888e-10
COG0792	log_NO2NO3	log_NO2NO3	0.510679861666635	0.07310196032262	139	139	1.34982514263317e-10	7.13652726632828e-10
COG3577	log_NO2NO3	log_NO2NO3	0.361327356930777	0.051725444111917	139	139	1.35241828775098e-10	7.14104669162084e-10
COG0542	log_NO2NO3	log_NO2NO3	-0.156788079822438	0.0224508923727566	139	139	1.36565098881693e-10	7.19826855120623e-10
COG1908	log_NO2NO3	log_NO2NO3	1.82426945098709	0.261227757395242	139	111	1.36675985149485e-10	7.19826855120623e-10
COG4137	log_NO2NO3	log_NO2NO3	0.370972980416251	0.0531251131850744	139	139	1.36985751429379e-10	7.20534528645186e-10
COG0837	log_NO2NO3	log_NO2NO3	-0.297625575301562	0.04263431717377	139	139	1.38489657698989e-10	7.26584308847314e-10
COG3121	log_NO2NO3	log_NO2NO3	0.967402165591863	0.138574600133938	139	137	1.38346165589565e-10	7.26584308847314e-10
COG0742	log_NO2NO3	log_NO2NO3	-0.106486339887552	0.0152554455635345	139	139	1.38972643820852e-10	7.2726066345995e-10
COG4154	log_NO2NO3	log_NO2NO3	-0.187892352535859	0.0269169677614601	139	139	1.38811597715033e-10	7.2726066345995e-10
COG1450	log_NO2NO3	log_NO2NO3	0.182685594445932	0.0261849889475327	139	139	1.41499162177124e-10	7.39540150411737e-10
COG0177	log_NO2NO3	log_NO2NO3	-0.0681020836893062	0.00976260237602796	139	139	1.42171080929982e-10	7.41165990431936e-10
COG0802	log_NO2NO3	log_NO2NO3	-0.108867830140225	0.0156061384612824	139	139	1.42061306531357e-10	7.41165990431936e-10
COG4233	log_NO2NO3	log_NO2NO3	-0.238364403481868	0.0341729256081701	139	139	1.42591013904201e-10	7.42413035638094e-10
COG1539	log_NO2NO3	log_NO2NO3	-0.121893559555479	0.0174946663158089	139	139	1.48428196958203e-10	7.71826624182656e-10
COG4845	log_NO2NO3	log_NO2NO3	1.02140535572443	0.14661662564777	139	134	1.49169681709962e-10	7.74701709816088e-10
COG0174	log_NO2NO3	log_NO2NO3	0.087117933883917	0.0125083343914931	139	139	1.50494555292821e-10	7.8059549639256e-10
COG0101	log_NO2NO3	log_NO2NO3	-0.11172439199411	0.0160431387569956	139	139	1.51111332814934e-10	7.82806248680639e-10
COG3496	log_NO2NO3	log_NO2NO3	-0.487544903145937	0.0700806372390928	139	139	1.56737279921933e-10	8.10927891586019e-10
COG0407	log_NO2NO3	log_NO2NO3	-0.146029506381962	0.0209933420709768	139	139	1.57484213972756e-10	8.13767485534692e-10
COG0242	log_NO2NO3	log_NO2NO3	-0.107491755098269	0.0154567277470137	139	139	1.58809247525958e-10	8.19583403061097e-10
COG0191	log_NO2NO3	log_NO2NO3	-0.215494122672083	0.0310020357985107	139	139	1.61618221777733e-10	8.33033444244576e-10
COG4714	log_NO2NO3	log_NO2NO3	0.363500964153005	0.0523197546745541	139	139	1.64379525232046e-10	8.46204372999056e-10
COG0098	log_NO2NO3	log_NO2NO3	-0.0649492834505573	0.00935146760685533	139	139	1.66360374027066e-10	8.553296827324e-10
COG3415	log_NO2NO3	log_NO2NO3	0.81277799404634	0.117079980521094	139	139	1.69198679593181e-10	8.68835219710987e-10
COG0138	log_NO2NO3	log_NO2NO3	-0.0999376589996599	0.0143975827671302	139	139	1.69892861802985e-10	8.70805941525922e-10
COG3595	log_NO2NO3	log_NO2NO3	0.832709045840675	0.119967002277039	139	138	1.70006417990212e-10	8.70805941525922e-10
COG3188	log_NO2NO3	log_NO2NO3	1.02512842303834	0.147746441446773	139	139	1.72406089977919e-10	8.81997780360261e-10
COG1443	log_NO2NO3	log_NO2NO3	0.30749478742302	0.0443272824626483	139	139	1.73753582269028e-10	8.87785716369613e-10
COG1646	log_NO2NO3	log_NO2NO3	0.500603991814364	0.072190920883324	139	139	1.75982338160668e-10	8.98056453619907e-10
COG0768	log_NO2NO3	log_NO2NO3	-0.112014182382747	0.0161601915014311	139	139	1.78682913344179e-10	9.10706461560656e-10
COG1205	log_NO2NO3	log_NO2NO3	0.416791634387607	0.0601378398590506	139	139	1.794975139938e-10	9.13724643725565e-10
COG0116	log_NO2NO3	log_NO2NO3	-0.298614498018686	0.0431096972467536	139	139	1.83000322636441e-10	9.30402630433788e-10
COG4191	log_NO2NO3	log_NO2NO3	0.381669059739895	0.0551057598479297	139	139	1.83692217281176e-10	9.32765919148418e-10
COG4774	log_NO2NO3	log_NO2NO3	-0.69874215658286	0.100919053180006	139	139	1.85909770927958e-10	9.42860912311175e-10
COG0378	log_NO2NO3	log_NO2NO3	-0.482704689369454	0.06972302591558	139	139	1.86497883920981e-10	9.446773207736e-10
COG2023	log_NO2NO3	log_NO2NO3	1.64241939815874	0.237383074721239	139	114	1.90689416258811e-10	9.64719362058121e-10
COG4660	log_NO2NO3	log_NO2NO3	0.631267824809932	0.091252346885399	139	139	1.91703561548549e-10	9.68657110506078e-10
COG1198	log_NO2NO3	log_NO2NO3	-0.101307203789546	0.0146619591891486	139	139	2.00065180404825e-10	1.0084267007399e-09
COG3625	log_NO2NO3	log_NO2NO3	-0.935981673031079	0.135458764553271	139	138	1.99870247160724e-10	1.0084267007399e-09
COG3167	log_NO2NO3	log_NO2NO3	0.630220203980152	0.0912349998317044	139	139	2.01997290277026e-10	1.01691773095346e-09
COG1043	log_NO2NO3	log_NO2NO3	-0.112979297069	0.0163597709178652	139	139	2.03809278734284e-10	1.0247839865856e-09
COG1193	log_NO2NO3	log_NO2NO3	-0.300330536395081	0.0434915877433744	139	139	2.04266748998428e-10	1.02582861232951e-09
COG1943	log_NO2NO3	log_NO2NO3	0.609074057882651	0.0882170921451863	139	139	2.05554356332117e-10	1.03103454922141e-09
COG1538	log_NO2NO3	log_NO2NO3	-0.0902281749049684	0.0130881553540806	139	139	2.16823019314518e-10	1.08623044310249e-09
COG3298	log_NO2NO3	log_NO2NO3	0.444277435231493	0.0644542359175233	139	139	2.17903327777154e-10	1.09031287516267e-09
COG2154	log_NO2NO3	log_NO2NO3	-0.100793549454682	0.0146267588214973	139	139	2.20012621048223e-10	1.09819314261736e-09
COG5446	log_NO2NO3	log_NO2NO3	0.602786106116638	0.0874739241591507	139	139	2.20012891035561e-10	1.09819314261736e-09
COG0787	log_NO2NO3	log_NO2NO3	-0.121173614335324	0.0175996988427392	139	139	2.26963653203536e-10	1.13151297009724e-09
COG3195	log_NO2NO3	log_NO2NO3	0.263179503978006	0.038227101373427	139	139	2.27372930077381e-10	1.13217939000955e-09
COG0312	log_NO2NO3	log_NO2NO3	-0.111687663369014	0.016223450780385	139	139	2.27719812904024e-10	1.13253388790524e-09
COG3964	log_NO2NO3	log_NO2NO3	0.397622149180629	0.0577734491258909	139	139	2.29949098784396e-10	1.14103592996172e-09
COG4657	log_NO2NO3	log_NO2NO3	0.573882481779318	0.0833839771583969	139	139	2.29984846642723e-10	1.14103592996172e-09
COG4249	log_NO2NO3	log_NO2NO3	0.30016923825856	0.0436207868149605	139	139	2.3125467016233e-10	1.14595197228812e-09
COG0310	log_NO2NO3	log_NO2NO3	-1.05050002671734	0.152735344563617	139	138	2.35356076363205e-10	1.16487079722897e-09
COG4700	log_NO2NO3	log_NO2NO3	1.26844059054438	0.184449722356532	139	128	2.36591254403195e-10	1.16957505786802e-09
COG3670	log_NO2NO3	log_NO2NO3	-0.349163199644701	0.0507935100811014	139	139	2.39918872122142e-10	1.18459943110308e-09
COG0279	log_NO2NO3	log_NO2NO3	0.122819875495543	0.0178685558908969	139	139	2.40720017056872e-10	1.18712824738251e-09
COG2834	log_NO2NO3	log_NO2NO3	0.187024217941266	0.0272302927075328	139	139	2.47329223240643e-10	1.21825953126206e-09
COG0168	log_NO2NO3	log_NO2NO3	-0.104628186692264	0.0152394394556975	139	139	2.5067848432188e-10	1.23327810011292e-09
COG3564	log_NO2NO3	log_NO2NO3	-0.651949224018076	0.0949623071542598	139	139	2.51028154793496e-10	1.23352112427235e-09
COG0283	log_NO2NO3	log_NO2NO3	-0.105320365036923	0.0153500828090439	139	139	2.56392530196397e-10	1.25837576349677e-09
COG0372	log_NO2NO3	log_NO2NO3	-0.0431254518988011	0.00628919797906652	139	139	2.61916780838994e-10	1.28395481585512e-09
COG0779	log_NO2NO3	log_NO2NO3	-0.132771329597832	0.0193720381260026	139	139	2.66392604715739e-10	1.30433947577146e-09
COG1977	log_NO2NO3	log_NO2NO3	0.284737452090383	0.0415503760962792	139	139	2.67674533245201e-10	1.30905593163248e-09
COG1206	log_NO2NO3	log_NO2NO3	-0.312122337951763	0.0455752139438074	139	139	2.73658453878685e-10	1.33672880919576e-09
COG3187	log_NO2NO3	log_NO2NO3	0.758637118138638	0.110826659993373	139	139	2.78256619462244e-10	1.35757505077304e-09
COG3318	log_NO2NO3	log_NO2NO3	0.556144896409565	0.0812574550120038	139	139	2.79723049258279e-10	1.36311065996798e-09
COG3814	log_NO2NO3	log_NO2NO3	-0.236518885605578	0.0345599214201143	139	139	2.80438916383175e-10	1.36464489075936e-09
COG4594	log_NO2NO3	log_NO2NO3	1.07820970195153	0.15755122569045	139	107	2.80702271833413e-10	1.36464489075936e-09
COG5305	log_NO2NO3	log_NO2NO3	0.55963694543229	0.0817869680676762	139	139	2.82046230863067e-10	1.36955782078662e-09
COG1981	log_NO2NO3	log_NO2NO3	-0.269760680779277	0.039431361298382	139	139	2.83996288723509e-10	1.37739876514307e-09
COG3746	log_NO2NO3	log_NO2NO3	0.330007259615008	0.048261037963864	139	139	2.88848213667112e-10	1.39927884639681e-09
COG0224	log_NO2NO3	log_NO2NO3	-0.0997558133084244	0.0145943172080608	139	139	2.9288999261931e-10	1.41552010550603e-09
COG3676	log_NO2NO3	log_NO2NO3	1.05507397574121	0.154357631536536	139	139	2.92881202614672e-10	1.41552010550603e-09
COG1192	log_NO2NO3	log_NO2NO3	-0.0700216538405694	0.0102584485959036	139	139	3.0747622014401e-10	1.48078817391746e-09
COG1480	log_NO2NO3	log_NO2NO3	-0.259788814933834	0.0380598416862426	139	139	3.07407146814454e-10	1.48078817391746e-09
COG3774	log_NO2NO3	log_NO2NO3	-0.388591760489074	0.0569264643652349	139	139	3.06767379048356e-10	1.48078817391746e-09
COG0386	log_NO2NO3	log_NO2NO3	-0.207436767565704	0.0304051864228434	139	139	3.12776675143733e-10	1.50455103219023e-09
COG1686	log_NO2NO3	log_NO2NO3	-0.156010302521775	0.0228760362630008	139	139	3.16964768585096e-10	1.5229137653188e-09
COG2801	log_NO2NO3	log_NO2NO3	0.792074251042367	0.116187715475646	139	139	3.21239016326805e-10	1.54164705498892e-09
COG2925	log_NO2NO3	log_NO2NO3	-0.174353610176837	0.0256045566454986	139	139	3.34169267167540e-10	1.60182887925817e-09
COG0555	log_NO2NO3	log_NO2NO3	0.451746010989446	0.0663619319115784	139	139	3.37894989228487e-10	1.6178002514576e-09
COG2173	log_NO2NO3	log_NO2NO3	-0.296347052667904	0.0435689060533331	139	139	3.47534567297421e-10	1.6620163008822e-09
COG5587	log_NO2NO3	log_NO2NO3	0.44588174549188	0.065603863850965	139	139	3.56933167175097e-10	1.70497843111081e-09
COG2503	log_NO2NO3	log_NO2NO3	-0.346847750193017	0.0510546111515306	139	139	3.62287925355537e-10	1.72654152826049e-09
COG3072	log_NO2NO3	log_NO2NO3	0.900610088662066	0.132563951325058	139	139	3.62072164849095e-10	1.72654152826049e-09
COG1200	log_NO2NO3	log_NO2NO3	-0.108140249004552	0.0159240415781689	139	139	3.67235075167858e-10	1.74809002177237e-09
COG1811	log_NO2NO3	log_NO2NO3	-0.605505457377348	0.0891867316143625	139	139	3.7065835192241e-10	1.76234318251998e-09
COG3908	log_NO2NO3	log_NO2NO3	-0.207635876573185	0.0305995722274534	139	139	3.77544923275806e-10	1.79301103447054e-09
COG1694	log_NO2NO3	log_NO2NO3	-0.134034612696694	0.0197670635864901	139	139	3.87057945835409e-10	1.83606702250792e-09
COG1939	log_NO2NO3	log_NO2NO3	-0.692419084735689	0.102129759820299	139	139	3.88852822619813e-10	1.84245374316285e-09
COG4445	log_NO2NO3	log_NO2NO3	-0.338798828384159	0.0500131602661533	139	139	4.00128166940573e-10	1.89369413570492e-09
COG4966	log_NO2NO3	log_NO2NO3	0.582388351105071	0.0860561201599312	139	139	4.13932460480233e-10	1.9567716313611e-09
COG1173	log_NO2NO3	log_NO2NO3	0.094768574542353	0.0140067370350299	139	139	4.17350565536901e-10	1.97066221060413e-09
COG1242	log_NO2NO3	log_NO2NO3	0.56096846170658	0.0829135722394799	139	139	4.17833179086844e-10	1.97067588942452e-09
COG4452	log_NO2NO3	log_NO2NO3	0.472677367762419	0.0699227179350015	139	139	4.30157533327457e-10	2.02647608590504e-09
COG0418	log_NO2NO3	log_NO2NO3	-0.278653949024195	0.0412509713151285	139	139	4.41050332324359e-10	2.07541210216319e-09
COG3963	log_NO2NO3	log_NO2NO3	0.449802571361262	0.0666427701354361	139	139	4.53879535933459e-10	2.13333768148129e-09
COG1165	log_NO2NO3	log_NO2NO3	-0.267580281731209	0.039651981109834	139	139	4.56749849171455e-10	2.14437529188153e-09
COG3265	log_NO2NO3	log_NO2NO3	0.263064973266064	0.0389917177673699	139	139	4.6032442327402e-10	2.15869033197451e-09
COG0424	log_NO2NO3	log_NO2NO3	-0.0972072707086995	0.0144121333681529	139	139	4.64719494567751e-10	2.17681605893309e-09
COG3761	log_NO2NO3	log_NO2NO3	-0.194697199771588	0.0288703204697922	139	139	4.67016460055735e-10	2.18508384727672e-09
COG4805	log_NO2NO3	log_NO2NO3	0.155927617888294	0.023133030220278	139	139	4.75114163430841e-10	2.2204425294356e-09
COG1692	log_NO2NO3	log_NO2NO3	-0.146830686353431	0.0217932037752189	139	139	4.82476838122908e-10	2.25228960341921e-09
COG2947	log_NO2NO3	log_NO2NO3	-0.112348323848528	0.0166791209278954	139	139	4.86387982859017e-10	2.26797029918824e-09
COG1109	log_NO2NO3	log_NO2NO3	-0.0634447483870172	0.00942323872250749	139	139	4.94041911849485e-10	2.30104781618785e-09
COG0344	log_NO2NO3	log_NO2NO3	-0.0981895346088898	0.0145843607251414	139	139	4.94731169177727e-10	2.30164851979853e-09
COG1765	log_NO2NO3	log_NO2NO3	0.190822754554945	0.0283478795864492	139	139	4.97399208624438e-10	2.31144338125474e-09
COG1137	log_NO2NO3	log_NO2NO3	-0.126719763264854	0.0188394070407352	139	139	5.10599340147724e-10	2.36935460245294e-09
COG4770	log_NO2NO3	log_NO2NO3	0.146223085201904	0.0217394796834826	139	139	5.11014648922421e-10	2.36935460245294e-09
COG2824	log_NO2NO3	log_NO2NO3	0.710725267836995	0.105698821546714	139	139	5.16481861682731e-10	2.3920039321225e-09
COG4765	log_NO2NO3	log_NO2NO3	-0.176179125753947	0.0262387981201106	139	139	5.42328349134384e-10	2.50887934486943e-09
COG4380	log_NO2NO3	log_NO2NO3	0.676465934639586	0.100792102807918	139	139	5.50526374719182e-10	2.54393964830866e-09
COG0846	log_NO2NO3	log_NO2NO3	0.149512050221501	0.0223043986873713	139	139	5.74058767314342e-10	2.64970046755878e-09
COG0004	log_NO2NO3	log_NO2NO3	-0.104999933362962	0.0156724834465886	139	139	5.84698261202763e-10	2.69578053537705e-09
COG3653	log_NO2NO3	log_NO2NO3	0.26833306022085	0.0400620309880877	139	139	5.8975364524698e-10	2.71604033035268e-09
COG1551	log_NO2NO3	log_NO2NO3	0.251467496222108	0.0375684911624512	139	139	6.02960448431578e-10	2.77375310431906e-09
COG0396	log_NO2NO3	log_NO2NO3	-0.0765684113618461	0.0114449850096412	139	139	6.13595202806776e-10	2.81951800126424e-09
COG1054	log_NO2NO3	log_NO2NO3	-0.265179214433365	0.039655158725945	139	139	6.22993571266551e-10	2.85950568800334e-09
COG1809	log_NO2NO3	log_NO2NO3	-0.274902823114137	0.0411186706580151	139	139	6.27859071755072e-10	2.87862172630562e-09
COG2921	log_NO2NO3	log_NO2NO3	0.437146220628863	0.0654604749711008	139	139	6.52447057560353e-10	2.98801840853727e-09
COG4032	log_NO2NO3	log_NO2NO3	0.234719448021061	0.0351612323489536	139	139	6.60763742789768e-10	3.02273658728326e-09
COG0481	log_NO2NO3	log_NO2NO3	-0.115127797714445	0.0172583397206308	139	139	6.76576533645464e-10	3.09163114595725e-09
COG1485	log_NO2NO3	log_NO2NO3	-0.380058081797127	0.0569881689930054	139	139	6.82704777406151e-10	3.11616802842719e-09
COG0777	log_NO2NO3	log_NO2NO3	-0.110458008636001	0.0165947852437123	139	139	7.28711568055682e-10	3.32247183304411e-09
COG0420	log_NO2NO3	log_NO2NO3	0.697038701276028	0.104763777706424	139	139	7.38943152388384e-10	3.36538633038967e-09
COG1840	log_NO2NO3	log_NO2NO3	-0.173076936606078	0.0260151587599806	139	139	7.40836848027375e-10	3.37027438726075e-09
COG1023	log_NO2NO3	log_NO2NO3	0.537990937997988	0.0810967027563775	139	139	8.15464551265386e-10	3.70567298296262e-09
COG2265	log_NO2NO3	log_NO2NO3	0.202941065902546	0.0305965108677585	139	139	8.20117685584831e-10	3.72269994738396e-09
COG3687	log_NO2NO3	log_NO2NO3	0.56078590356716	0.0845543259006855	139	139	8.22448159058614e-10	3.72915787793906e-09
COG0227	log_NO2NO3	log_NO2NO3	-0.134144289069539	0.0202387911942727	139	139	8.39988184388741e-10	3.80448893215981e-09
COG2331	log_NO2NO3	log_NO2NO3	0.169013729838427	0.0255008060291845	139	139	8.41254295938418e-10	3.80602714506060e-09
COG1786	log_NO2NO3	log_NO2NO3	0.328664159676201	0.0496229963045781	139	139	8.60838287270102e-10	3.89034508702484e-09
COG3222	log_NO2NO3	log_NO2NO3	-0.268445630337989	0.0405628827410208	139	139	8.83784475498476e-10	3.98965563225026e-09
COG1484	log_NO2NO3	log_NO2NO3	0.613044045184327	0.0926706880083275	139	139	8.95979685338781e-10	4.04026843838827e-09
COG4451	log_NO2NO3	log_NO2NO3	-0.49990837619268	0.0756000253443794	139	139	9.08515965021792e-10	4.0923065617429e-09
COG0682	log_NO2NO3	log_NO2NO3	-0.103890480236406	0.0157227928711527	139	139	9.31286414612788e-10	4.19027885129171e-09
COG2453	log_NO2NO3	log_NO2NO3	0.335221808186552	0.0507365100988434	139	139	9.33746995597032e-10	4.19675345504662e-09
COG3920	log_NO2NO3	log_NO2NO3	0.572019255216582	0.0866493738900018	139	139	9.60357670293621e-10	4.31163858968983e-09
COG1695	log_NO2NO3	log_NO2NO3	0.446371741671227	0.0676621245228262	139	139	9.82241515609474e-10	4.40507439533157e-09
COG3293	log_NO2NO3	log_NO2NO3	0.692042567151027	0.104941264873355	139	139	9.94690337538471e-10	4.45603915660637e-09
COG2269	log_NO2NO3	log_NO2NO3	0.357369036431814	0.05420673810851	139	139	1.00408399050716e-09	4.49322116884905e-09
COG1360	log_NO2NO3	log_NO2NO3	0.13135204223717	0.0199250381461047	139	139	1.00608100077138e-09	4.49725870638608e-09
COG2251	log_NO2NO3	log_NO2NO3	-0.328101414125939	0.0497813510095207	139	139	1.01351253694041e-09	4.52555380625132e-09
COG0370	log_NO2NO3	log_NO2NO3	0.486301569669134	0.0738108446140113	139	139	1.02566400194493e-09	4.57484008685101e-09
COG1036	log_NO2NO3	log_NO2NO3	-0.31758592525654	0.0482082393426619	139	139	1.02923756291957e-09	4.58580033457005e-09
COG0594	log_NO2NO3	log_NO2NO3	0.171786030231265	0.0260973573832946	139	139	1.05700736915195e-09	4.7044271641129e-09
COG0524	log_NO2NO3	log_NO2NO3	-0.0411890706337165	0.00626568002512174	139	139	1.10458783840421e-09	4.91087320364122e-09
COG2972	log_NO2NO3	log_NO2NO3	0.450905605151735	0.0686521169863146	139	139	1.13718394615624e-09	5.0503261089836e-09
COG3588	log_NO2NO3	log_NO2NO3	-0.112640926616685	0.0171565900847261	139	139	1.15167082303876e-09	5.10914010911796e-09
COG2132	log_NO2NO3	log_NO2NO3	0.574436742982015	0.087565314634679	139	139	1.18317021095374e-09	5.24321815166989e-09
COG1865	log_NO2NO3	log_NO2NO3	1.08246500526606	0.165027215133671	139	104	1.18783329062052e-09	5.2582102994279e-09
COG3489	log_NO2NO3	log_NO2NO3	0.795197570309159	0.121287506967319	139	138	1.20593893525584e-09	5.32687865164622e-09
COG3696	log_NO2NO3	log_NO2NO3	0.554857015510738	0.0846277510957064	139	139	1.20508772664016e-09	5.32687865164622e-09
COG2078	log_NO2NO3	log_NO2NO3	0.999532973549416	0.152472250181086	139	139	1.21076622771373e-09	5.34245721100753e-09
COG2721	log_NO2NO3	log_NO2NO3	-0.163853500636353	0.0250150161846562	139	139	1.24345335826593e-09	5.48080085381593e-09
COG3899	log_NO2NO3	log_NO2NO3	0.748711297371742	0.114307824129532	139	139	1.24500954690777e-09	5.48177836945028e-09
COG4676	log_NO2NO3	log_NO2NO3	0.985920178630029	0.150551973383979	139	132	1.252874134321e-09	5.51049993981871e-09
COG2857	log_NO2NO3	log_NO2NO3	-0.110544907270452	0.0168843596071908	139	139	1.26250869576951e-09	5.54693660130602e-09
COG2826	log_NO2NO3	log_NO2NO3	0.729199295883003	0.111575062024926	139	139	1.33871231855197e-09	5.87545962031142e-09
COG4984	log_NO2NO3	log_NO2NO3	1.1685606367877	0.178820099344002	139	107	1.34318627467785e-09	5.8888038595268e-09
COG2171	log_NO2NO3	log_NO2NO3	-0.155386236697742	0.0237877754003206	139	139	1.36117107556109e-09	5.96129080853405e-09
COG0656	log_NO2NO3	log_NO2NO3	0.256431770161145	0.0392658216757686	139	139	1.37164347579979e-09	6.00075761297716e-09
COG3011	log_NO2NO3	log_NO2NO3	-0.261375764825159	0.0400243791051511	139	139	1.37334427619378e-09	6.00180668787665e-09
COG4928	log_NO2NO3	log_NO2NO3	0.333961022976486	0.0511498367522535	139	139	1.38261303354066e-09	6.03589196789059e-09
COG1995	log_NO2NO3	log_NO2NO3	-0.124502369806325	0.0190721298777024	139	139	1.39025574619013e-09	6.06281380610304e-09
COG2440	log_NO2NO3	log_NO2NO3	1.21666210776011	0.186425357080916	139	112	1.4021929467278e-09	6.10838666506661e-09
COG3168	log_NO2NO3	log_NO2NO3	0.609196061665045	0.0934051995991121	139	139	1.43197039763214e-09	6.23149829817035e-09
COG3267	log_NO2NO3	log_NO2NO3	0.324982666145827	0.049832039013316	139	139	1.43569416074358e-09	6.24109165326415e-09
COG1626	log_NO2NO3	log_NO2NO3	0.504567813668186	0.0774284855135407	139	139	1.47209436784663e-09	6.39256201174837e-09
COG3547	log_NO2NO3	log_NO2NO3	0.765222096114108	0.117494283523861	139	139	1.49979589461163e-09	6.5059783897197e-09
COG1131	log_NO2NO3	log_NO2NO3	0.0706721034145352	0.010853564596198	139	139	1.51055425833401e-09	6.54573511944739e-09
COG5007	log_NO2NO3	log_NO2NO3	0.243759096383063	0.0374482304434997	139	139	1.52721732511144e-09	6.61096814705776e-09
COG3571	log_NO2NO3	log_NO2NO3	0.533385491945287	0.0819969607490153	139	139	1.5603581033279e-09	6.74731693523265e-09
COG3889	log_NO2NO3	log_NO2NO3	2.19305464835915	0.337313086520371	139	103	1.58716309844274e-09	6.85601052408282e-09
COG0055	log_NO2NO3	log_NO2NO3	-0.130635400581344	0.0200943634047238	139	139	1.59069189445402e-09	6.86403603195076e-09
COG1588	log_NO2NO3	log_NO2NO3	1.25935426126577	0.193767828610548	139	108	1.60510443434392e-09	6.91896014300609e-09
COG3004	log_NO2NO3	log_NO2NO3	-0.132404162539117	0.0203751397335224	139	139	1.61296220805938e-09	6.94554376384478e-09
COG0058	log_NO2NO3	log_NO2NO3	-0.663968291636268	0.102255223089401	139	139	1.65443823208706e-09	7.11668299205616e-09
COG1044	log_NO2NO3	log_NO2NO3	-0.100524786004694	0.0154900945619382	139	139	1.68474364898662e-09	7.23946329501783e-09
COG1132	log_NO2NO3	log_NO2NO3	-0.074109088029873	0.0114238125801016	139	139	1.70484033155777e-09	7.31816518499407e-09
COG1668	log_NO2NO3	log_NO2NO3	0.209393543772285	0.0322850484737115	139	139	1.7174366040323e-09	7.36454026029719e-09
COG4804	log_NO2NO3	log_NO2NO3	0.825159227289824	0.127243469501742	139	138	1.7250952852331e-09	7.38966781203084e-09
COG0082	log_NO2NO3	log_NO2NO3	-0.0609358285934674	0.00939819699125077	139	139	1.73466251317643e-09	7.42291000430082e-09
COG0774	log_NO2NO3	log_NO2NO3	-0.0917069559354074	0.0141459962017208	139	139	1.74237504591775e-09	7.44815472282009e-09
COG0145	log_NO2NO3	log_NO2NO3	0.279266935936807	0.0430802842211101	139	139	1.74599112060535e-09	7.45585397447692e-09
COG0134	log_NO2NO3	log_NO2NO3	-0.0658984455647819	0.0101711914645905	139	139	1.77721498740874e-09	7.58130754753388e-09
COG1397	log_NO2NO3	log_NO2NO3	0.413520577873397	0.0638926335974721	139	139	1.83877150013134e-09	7.83576070802856e-09
COG2059	log_NO2NO3	log_NO2NO3	-0.328000792464877	0.05069695441263	139	139	1.85987426468987e-09	7.91747510813057e-09
COG2225	log_NO2NO3	log_NO2NO3	-0.179845193184126	0.027814452478403	139	139	1.89685450260378e-09	8.06654067980986e-09
COG1679	log_NO2NO3	log_NO2NO3	0.320707201699942	0.0496279827598259	139	139	1.93188311224442e-09	8.20700705801457e-09
COG0250	log_NO2NO3	log_NO2NO3	-0.0636852625386436	0.00985536784343701	139	139	1.93417832687978e-09	8.20826918060139e-09
COG3971	log_NO2NO3	log_NO2NO3	-0.197053157159861	0.0304965298533511	139	139	1.93894394288184e-09	8.22000177229992e-09
COG0634	log_NO2NO3	log_NO2NO3	0.178841984732514	0.0276821662842252	139	139	1.9481183730446e-09	8.25038172831674e-09
COG2810	log_NO2NO3	log_NO2NO3	0.685776181557745	0.106188477310162	139	50	1.97203955979794e-09	8.34308806555092e-09
COG2378	log_NO2NO3	log_NO2NO3	0.452612149255386	0.0700990095371115	139	139	1.98535313989966e-09	8.39077232377347e-09
COG4658	log_NO2NO3	log_NO2NO3	0.542735979415135	0.0840796054710492	139	139	2.00256573949026e-09	8.45482020331549e-09
COG0508	log_NO2NO3	log_NO2NO3	-0.121198852141468	0.0187831113936111	139	139	2.02751080177169e-09	8.55134945962844e-09
COG3624	log_NO2NO3	log_NO2NO3	-0.872860542847895	0.135280309980333	139	138	2.03062389613734e-09	8.55569534905864e-09
COG3039	log_NO2NO3	log_NO2NO3	0.662905941533317	0.102796155262354	139	139	2.06632197563156e-09	8.69718306956397e-09
COG0601	log_NO2NO3	log_NO2NO3	0.0999170778192964	0.015495944379782	139	139	2.07450335204036e-09	8.72268144337951e-09
COG1230	log_NO2NO3	log_NO2NO3	0.489632558997298	0.0759716722750931	139	139	2.10592004585653e-09	8.8457255095896e-09
COG2195	log_NO2NO3	log_NO2NO3	0.280432314895283	0.0435326755606219	139	139	2.13823848452801e-09	8.97230203722272e-09
COG0112	log_NO2NO3	log_NO2NO3	-0.0538827261221455	0.00836779745252325	139	139	2.16596479868111e-09	9.07937080916532e-09
COG4639	log_NO2NO3	log_NO2NO3	-0.96876289014592	0.150478403001472	139	136	2.18123403770039e-09	9.13405650038042e-09
COG3385	log_NO2NO3	log_NO2NO3	0.796883810328303	0.12384928821848	139	139	2.22053484591407e-09	9.28916206417007e-09
COG1004	log_NO2NO3	log_NO2NO3	-0.0990132035273625	0.0153932617506588	139	139	2.24343405354282e-09	9.37540904573134e-09
COG0202	log_NO2NO3	log_NO2NO3	-0.0523888533585918	0.00814643629403166	139	139	2.25858247843449e-09	9.42912278598464e-09
COG0423	log_NO2NO3	log_NO2NO3	0.124866841836227	0.0194180541161213	139	139	2.26355291717924e-09	9.43357331771403e-09
COG0712	log_NO2NO3	log_NO2NO3	-0.0955438264066715	0.0148581703409569	139	139	2.26424130751364e-09	9.43357331771403e-09
COG1535	log_NO2NO3	log_NO2NO3	1.12663965031583	0.175213091343371	139	104	2.26738554630489e-09	9.43710215219907e-09
COG4993	log_NO2NO3	log_NO2NO3	0.329387827564372	0.0512292309484064	139	139	2.27220069268818e-09	9.44757130117716e-09
COG0094	log_NO2NO3	log_NO2NO3	-0.0530985330915905	0.00826515780417004	139	139	2.3329981409714e-09	9.69055243994994e-09
COG2902	log_NO2NO3	log_NO2NO3	0.535081779287431	0.0833172842037753	139	139	2.35826659135738e-09	9.76588624727432e-09
COG4974	log_NO2NO3	log_NO2NO3	0.0941295380092639	0.014656791951804	139	139	2.35792869341853e-09	9.76588624727432e-09
COG5454	log_NO2NO3	log_NO2NO3	-0.382552929179507	0.0595641566463711	139	139	2.35454122865208e-09	9.76588624727432e-09
COG0399	log_NO2NO3	log_NO2NO3	0.0874790956355365	0.0136309784862358	139	139	2.41227866995982e-09	9.97949725699388e-09
COG1794	log_NO2NO3	log_NO2NO3	-0.184595900927467	0.0287741735868778	139	139	2.44047052254817e-09	1.00859687189415e-08
COG3694	log_NO2NO3	log_NO2NO3	-0.865760586398691	0.134961866608692	139	136	2.44629882023563e-09	1.00998950286713e-08
COG1718	log_NO2NO3	log_NO2NO3	0.530461095493373	0.0827469099335732	139	139	2.49804253023598e-09	1.03031713998086e-08
COG4627	log_NO2NO3	log_NO2NO3	-0.180620303528099	0.0281871544065775	139	139	2.53245355799047e-09	1.04346230854813e-08
COG3476	log_NO2NO3	log_NO2NO3	-0.516836208686278	0.080662813125451	139	139	2.5391069046216e-09	1.0451554272731e-08
COG0397	log_NO2NO3	log_NO2NO3	-0.236283898355053	0.0368924272417978	139	139	2.5733494998887e-09	1.058190164719e-08
COG2315	log_NO2NO3	log_NO2NO3	0.379160991713827	0.0592054986960597	139	139	2.58001560167942e-09	1.05987040916991e-08
COG1931	log_NO2NO3	log_NO2NO3	1.3118111370961	0.205165798676415	139	134	2.71474935281597e-09	1.11410492920759e-08
COG1353	log_NO2NO3	log_NO2NO3	1.18258290963194	0.18500941960495	139	86	2.74039314773343e-09	1.12350649210468e-08
COG4717	log_NO2NO3	log_NO2NO3	0.859506508030168	0.134557799568047	139	139	2.8006021279462e-09	1.14704621551376e-08
COG3494	log_NO2NO3	log_NO2NO3	-0.152798856191511	0.0239245084426667	139	139	2.81355841459235e-09	1.15120497680731e-08
COG1073	log_NO2NO3	log_NO2NO3	0.0826983754654107	0.0129494721939773	139	139	2.82017373416839e-09	1.1527635522352e-08
COG2206	log_NO2NO3	log_NO2NO3	0.459377692193354	0.0719626505596754	139	139	2.85791443426345e-09	1.16702907514456e-08
COG0587	log_NO2NO3	log_NO2NO3	-0.0587673574227737	0.00920691717380074	139	139	2.86643840162973e-09	1.16934746314746e-08
COG0178	log_NO2NO3	log_NO2NO3	-0.0844937966418066	0.0132457354741344	139	139	2.92410383297315e-09	1.19168834780295e-08
COG5458	log_NO2NO3	log_NO2NO3	-0.322199214147598	0.0505186513047595	139	139	2.94034624562226e-09	1.19712015629497e-08
COG5430	log_NO2NO3	log_NO2NO3	1.19462489691372	0.187376900882617	139	120	2.97421171487263e-09	1.20970908165315e-08
COG2843	log_NO2NO3	log_NO2NO3	0.349248268584747	0.0547825319696338	139	139	2.97927274794676e-09	1.21056898601041e-08
COG3859	log_NO2NO3	log_NO2NO3	1.06456900461072	0.167084697551324	139	102	3.03508720468318e-09	1.23202947004333e-08
COG4624	log_NO2NO3	log_NO2NO3	1.19145060339612	0.187099814333606	139	68	3.08727900656308e-09	1.25197849545519e-08
COG1100	log_NO2NO3	log_NO2NO3	-0.617686626218614	0.0970368523364524	139	139	3.12592590805145e-09	1.26640075249264e-08
COG1180	log_NO2NO3	log_NO2NO3	0.926770394839825	0.145599263669591	139	139	3.13013549132358e-09	1.26685680771993e-08
COG3467	log_NO2NO3	log_NO2NO3	0.791027801490806	0.124278812764832	139	139	3.13430431542932e-09	1.26729548501808e-08
COG5476	log_NO2NO3	log_NO2NO3	0.197768860980011	0.0310917865773581	139	139	3.19923745113105e-09	1.29227801860829e-08
COG4852	log_NO2NO3	log_NO2NO3	-0.353152678155776	0.0555629485700419	139	139	3.27792653686164e-09	1.32276249640743e-08
COG1120	log_NO2NO3	log_NO2NO3	0.264044976765928	0.041547480894837	139	139	3.2883989476553e-09	1.32568624896644e-08
COG1832	log_NO2NO3	log_NO2NO3	0.0810131463680589	0.0127510545091584	139	139	3.31803517291456e-09	1.33632240101304e-08
COG0800	log_NO2NO3	log_NO2NO3	-0.212797046390471	0.0335169744309859	139	139	3.39301501889715e-09	1.36518175295098e-08
COG3087	log_NO2NO3	log_NO2NO3	0.444787032649545	0.0701116302656781	139	139	3.47717231772498e-09	1.39630731976679e-08
COG4584	log_NO2NO3	log_NO2NO3	0.741396378090659	0.116864466911456	139	139	3.47568307412362e-09	1.39630731976679e-08
COG2112	log_NO2NO3	log_NO2NO3	1.80465099215848	0.284773179699891	139	121	3.59669935011327e-09	1.44289462209622e-08
COG1607	log_NO2NO3	log_NO2NO3	0.186400264305514	0.0294323721790549	139	139	3.66820329980491e-09	1.47014430786327e-08
COG0169	log_NO2NO3	log_NO2NO3	-0.069083245462654	0.0109097951364896	139	139	3.68546602479397e-09	1.47562323877716e-08
COG2312	log_NO2NO3	log_NO2NO3	0.713840140378177	0.11274981605722	139	138	3.70437902316984e-09	1.48175160926794e-08
COG2412	log_NO2NO3	log_NO2NO3	1.59844348178293	0.252528217249877	139	109	3.7305644396372e-09	1.49077419436086e-08
COG3166	log_NO2NO3	log_NO2NO3	0.543012880884984	0.0858787130186734	139	139	3.856941560061e-09	1.53977803000297e-08
COG0196	log_NO2NO3	log_NO2NO3	-0.0997846260770058	0.0157829334175986	139	139	3.8704741129254e-09	1.54368035494151e-08
COG0040	log_NO2NO3	log_NO2NO3	-0.0587267136067092	0.0092951264758243	139	139	3.9535752712254e-09	1.57529458915557e-08
COG1049	log_NO2NO3	log_NO2NO3	-0.348000188164018	0.0550977527920648	139	139	3.9920445033249e-09	1.58908128097468e-08
COG4648	log_NO2NO3	log_NO2NO3	1.14151098819598	0.180877605764305	139	123	4.09368476066704e-09	1.62796292321589e-08
COG2836	log_NO2NO3	log_NO2NO3	0.758496962825901	0.120208927444061	139	139	4.11670062650577e-09	1.63553251196187e-08
COG0303	log_NO2NO3	log_NO2NO3	0.125976148839862	0.0199738503872419	139	139	4.17333273003071e-09	1.65643003429625e-08
COG5336	log_NO2NO3	log_NO2NO3	-0.176875425429002	0.0280475178262027	139	139	4.18935385576607e-09	1.66118394203543e-08
COG0352	log_NO2NO3	log_NO2NO3	-0.108992777516304	0.0172854490037433	139	139	4.20619868127734e-09	1.66464972858259e-08
COG0707	log_NO2NO3	log_NO2NO3	-0.117521900168683	0.0186377137794724	139	139	4.20345390025346e-09	1.66464972858259e-08
COG3017	log_NO2NO3	log_NO2NO3	0.516102573091413	0.0818532407570237	139	139	4.21129679764028e-09	1.66506325743083e-08
COG0287	log_NO2NO3	log_NO2NO3	-0.0656179963530049	0.010408365713824	139	139	4.22935046155021e-09	1.67059343231233e-08
COG0296	log_NO2NO3	log_NO2NO3	-0.329394793346466	0.0522701763583032	139	139	4.28349030135571e-09	1.68944511440562e-08
COG5429	log_NO2NO3	log_NO2NO3	0.531101860180341	0.0842793085267199	139	139	4.28530138561504e-09	1.68944511440562e-08
COG1501	log_NO2NO3	log_NO2NO3	0.349909240187306	0.0555398817554128	139	139	4.31805409393092e-09	1.69958078946106e-08
COG2354	log_NO2NO3	log_NO2NO3	0.536164678414511	0.0851043430873373	139	139	4.31928516114251e-09	1.69958078946106e-08
COG3807	log_NO2NO3	log_NO2NO3	-0.181040845899639	0.0287455409554017	139	139	4.36287890491718e-09	1.71509153506218e-08
COG1393	log_NO2NO3	log_NO2NO3	0.141400014012422	0.0224712409342162	139	139	4.48416678212389e-09	1.75940373839207e-08
COG3287	log_NO2NO3	log_NO2NO3	0.694381814077888	0.110348272746617	139	139	4.48083661848448e-09	1.75940373839207e-08
COG3794	log_NO2NO3	log_NO2NO3	-0.192577899899222	0.0306066546387782	139	139	4.49436605555229e-09	1.76172287750084e-08
COG1086	log_NO2NO3	log_NO2NO3	0.0785078245037662	0.012489501757106	139	139	4.6320156663045e-09	1.81394855645175e-08
COG1958	log_NO2NO3	log_NO2NO3	1.69872307198005	0.270379826039773	139	114	4.70506860452527e-09	1.84080207879903e-08
COG4295	log_NO2NO3	log_NO2NO3	1.26076134944559	0.200689565058695	139	108	4.71856647940979e-09	1.84432646026788e-08
COG0678	log_NO2NO3	log_NO2NO3	-0.237374439326442	0.0378412041969246	139	139	4.93813134843767e-09	1.92831212731767e-08
COG0128	log_NO2NO3	log_NO2NO3	-0.0676688139446694	0.0107897630601042	139	139	4.97065085434879e-09	1.93916749379533e-08
COG3456	log_NO2NO3	log_NO2NO3	0.811512659896608	0.129453123118383	139	138	5.03959257478388e-09	1.96419794091197e-08
COG0743	log_NO2NO3	log_NO2NO3	-0.0911515335309221	0.014542343984771	139	139	5.05866770851824e-09	1.96976369162018e-08
COG3749	log_NO2NO3	log_NO2NO3	0.419579549737656	0.0669429716188123	139	139	5.06594307822675e-09	1.97072861414351e-08
COG4166	log_NO2NO3	log_NO2NO3	0.115064491579783	0.0183617128307437	139	139	5.09522776107671e-09	1.98024556693502e-08
COG2258	log_NO2NO3	log_NO2NO3	0.203478560757848	0.032493739407883	139	139	5.20821894818616e-09	2.02224607175319e-08
COG3877	log_NO2NO3	log_NO2NO3	0.976455495916789	0.155985913599683	139	88	5.26459986901922e-09	2.04220739017289e-08
COG1640	log_NO2NO3	log_NO2NO3	-0.603351922298789	0.0964372612100055	139	139	5.35534240323749e-09	2.07544779174524e-08
COG2230	log_NO2NO3	log_NO2NO3	-0.171069150789185	0.0273453743190753	139	139	5.36977329167071e-09	2.07907904638862e-08
COG0241	log_NO2NO3	log_NO2NO3	0.118195698513945	0.0189047787507563	139	139	5.46862398989325e-09	2.11535850757829e-08
COG0059	log_NO2NO3	log_NO2NO3	-0.0702807941498901	0.011242124240854	139	139	5.48481410259765e-09	2.11962524303586e-08
COG4923	log_NO2NO3	log_NO2NO3	-0.451017210716171	0.0721563218125015	139	139	5.51185886813651e-09	2.12807483367526e-08
COG4753	log_NO2NO3	log_NO2NO3	0.480649677837589	0.0769009133713755	139	139	5.52027214934583e-09	2.12932187694955e-08
COG1266	log_NO2NO3	log_NO2NO3	-0.230046417087408	0.0368093421155944	139	139	5.53580397811596e-09	2.13330982571298e-08
COG1091	log_NO2NO3	log_NO2NO3	0.0975928786511564	0.0156304908494779	139	139	5.69926270270756e-09	2.19424284749041e-08
COG0210	log_NO2NO3	log_NO2NO3	-0.0491850261394899	0.00787940331865318	139	139	5.74203839912582e-09	2.20864173629296e-08
COG3063	log_NO2NO3	log_NO2NO3	0.494727110102842	0.0792625179259633	139	139	5.75897228621216e-09	2.21308308248452e-08
COG3565	log_NO2NO3	log_NO2NO3	-0.329873645939234	0.0528799366244317	139	139	5.85776380261082e-09	2.24894333655376e-08
COG0636	log_NO2NO3	log_NO2NO3	-0.207401673430657	0.0332592937620793	139	139	5.92313835865566e-09	2.27191898948249e-08
COG4681	log_NO2NO3	log_NO2NO3	0.737682897755156	0.118330887404188	139	139	5.9766402708629e-09	2.29030207394634e-08
COG2091	log_NO2NO3	log_NO2NO3	0.494144934829211	0.0793007843104395	139	139	6.05914979039385e-09	2.3197565087547e-08
COG2413	log_NO2NO3	log_NO2NO3	0.879251867374375	0.141122741304536	139	126	6.08503446760755e-09	2.32749735502159e-08
COG0347	log_NO2NO3	log_NO2NO3	-0.131659061112502	0.0211880361034304	139	139	6.59979533455833e-09	2.52204271947587e-08
COG2915	log_NO2NO3	log_NO2NO3	0.421224625380889	0.0677925463958387	139	139	6.61287320782086e-09	2.52469174142454e-08
COG3320	log_NO2NO3	log_NO2NO3	0.434693554364001	0.069985852921698	139	139	6.68689379052857e-09	2.55058121555166e-08
COG0617	log_NO2NO3	log_NO2NO3	-0.0996826053318864	0.0160516218166903	139	139	6.72092555098228e-09	2.56118387415911e-08
COG1681	log_NO2NO3	log_NO2NO3	1.28212415630874	0.206636077015045	139	65	6.90038495614288e-09	2.62713451342307e-08
COG0121	log_NO2NO3	log_NO2NO3	0.499677445085891	0.0805743349418939	139	139	7.01268859803706e-09	2.66741895932743e-08
COG1277	log_NO2NO3	log_NO2NO3	0.230796224174723	0.0372297702428729	139	139	7.0888812548972e-09	2.69390603100071e-08
COG1399	log_NO2NO3	log_NO2NO3	0.350415552015676	0.0565322099584234	139	139	7.11414335150803e-09	2.70100747578512e-08
COG1008	log_NO2NO3	log_NO2NO3	-0.115393623784129	0.0186190233313858	139	139	7.14525560659772e-09	2.71031486905849e-08
COG5421	log_NO2NO3	log_NO2NO3	0.918311921844405	0.148199971936237	139	139	7.18668406945094e-09	2.72351459015724e-08
COG0469	log_NO2NO3	log_NO2NO3	-0.0885428329414378	0.0142926615891519	139	139	7.23792233093085e-09	2.74040414151741e-08
COG3383	log_NO2NO3	log_NO2NO3	0.2731750204667	0.0441016427100475	139	139	7.26528564609233e-09	2.74823143960841e-08
COG5362	log_NO2NO3	log_NO2NO3	-0.512269778945019	0.0827154098738852	139	139	7.30283759351183e-09	2.75989483294817e-08
COG2853	log_NO2NO3	log_NO2NO3	-0.114292686367308	0.0184597953907446	139	139	7.36458757481578e-09	2.78067332328522e-08
COG2461	log_NO2NO3	log_NO2NO3	1.42774347158426	0.230619988926137	139	59	7.38428794827537e-09	2.78555141336228e-08
COG0652	log_NO2NO3	log_NO2NO3	-0.063088011185977	0.0101915382295932	139	139	7.40807266249948e-09	2.79195986216035e-08
COG3302	log_NO2NO3	log_NO2NO3	-0.685177585183893	0.110706199209357	139	139	7.44735532621988e-09	2.80419208800287e-08
COG1858	log_NO2NO3	log_NO2NO3	0.261130711770779	0.0421954710087157	139	139	7.46766736931687e-09	2.8092653436954e-08
COG4586	log_NO2NO3	log_NO2NO3	-0.752786006636193	0.121688824041877	139	137	7.55727895552464e-09	2.8403752927077e-08
COG3708	log_NO2NO3	log_NO2NO3	0.692361747898248	0.111940095924494	139	139	7.59602285441376e-09	2.85232741187676e-08
COG1530	log_NO2NO3	log_NO2NO3	-0.0895579104348209	0.0144803831163885	139	139	7.60845358638357e-09	2.85438605779577e-08
COG0072	log_NO2NO3	log_NO2NO3	-0.0675043219620545	0.0109184054629723	139	139	7.68910811002115e-09	2.88201241934004e-08
COG2199	log_NO2NO3	log_NO2NO3	0.542561834989479	0.0877790203796451	139	139	7.75023725198204e-09	2.90227663000385e-08
COG1550	log_NO2NO3	log_NO2NO3	1.38801856377875	0.224570843349656	139	98	7.75919245377074e-09	2.90298384335976e-08
COG3023	log_NO2NO3	log_NO2NO3	-0.135760343230956	0.0219660302592509	139	139	7.77029019831154e-09	2.9044906400968e-08
COG1313	log_NO2NO3	log_NO2NO3	1.31759354375271	0.213257755570656	139	106	7.84885714246688e-09	2.93119137647763e-08
COG1581	log_NO2NO3	log_NO2NO3	1.17368012633716	0.190254799878545	139	135	8.2182424655117e-09	3.06635241129174e-08
COG1687	log_NO2NO3	log_NO2NO3	0.919635583555502	0.149129922839833	139	137	8.31171494857615e-09	3.09841424761804e-08
COG4597	log_NO2NO3	log_NO2NO3	-0.114370190479865	0.018571022108865	139	139	8.64861902254742e-09	3.22108131864232e-08
COG2764	log_NO2NO3	log_NO2NO3	0.834285478503863	0.135495716267102	139	139	8.70135960711184e-09	3.23778852047241e-08
COG2357	log_NO2NO3	log_NO2NO3	0.554906483377215	0.0901431991592317	139	139	8.76310453963483e-09	3.25781298179365e-08
COG2866	log_NO2NO3	log_NO2NO3	0.202067512173371	0.0328629166419808	139	139	9.06873753544211e-09	3.36534541965639e-08
COG2992	log_NO2NO3	log_NO2NO3	-0.149648451648366	0.0243377252238657	139	139	9.06757697429231e-09	3.36534541965639e-08
COG0342	log_NO2NO3	log_NO2NO3	-0.0829277768589564	0.0134942037684087	139	139	9.21859183192803e-09	3.41786780194588e-08
COG0676	log_NO2NO3	log_NO2NO3	0.643476744446322	0.104725825136807	139	139	9.26554048380485e-09	3.43217676352302e-08
COG0770	log_NO2NO3	log_NO2NO3	-0.105236757333274	0.0171346790944101	139	139	9.3860718186406e-09	3.47369216495275e-08
COG1414	log_NO2NO3	log_NO2NO3	0.242208334238256	0.039445978456398	139	139	9.45427470487763e-09	3.49578402228959e-08
COG3175	log_NO2NO3	log_NO2NO3	-0.279869884922914	0.0455815287446427	139	139	9.46669450738324e-09	3.49722851046136e-08
COG4954	log_NO2NO3	log_NO2NO3	-0.455518239121836	0.0742022802501573	139	137	9.51816270651134e-09	3.51308287496393e-08
COG1882	log_NO2NO3	log_NO2NO3	1.2093887319736	0.197022556823479	139	126	9.54345180079891e-09	3.51925493695529e-08
COG2115	log_NO2NO3	log_NO2NO3	-0.259154017447401	0.0423178173009478	139	139	1.02328775138812e-08	3.770104110047e-08
COG1477	log_NO2NO3	log_NO2NO3	0.133184958287747	0.0217506243916642	139	139	1.02688937024769e-08	3.7799834524888e-08
COG3580	log_NO2NO3	log_NO2NO3	1.41441390931904	0.231008638543549	139	125	1.02936734848198e-08	3.78571268358458e-08
COG0831	log_NO2NO3	log_NO2NO3	-0.442763016596322	0.0723632426298493	139	139	1.05038609159602e-08	3.85754139745803e-08
COG4464	log_NO2NO3	log_NO2NO3	0.268520255881006	0.0438863191013009	139	139	1.05077624726279e-08	3.85754139745803e-08
COG3576	log_NO2NO3	log_NO2NO3	0.298442149883207	0.0487870833603481	139	139	1.05745978295993e-08	3.87861141821373e-08
COG5460	log_NO2NO3	log_NO2NO3	0.869057785077081	0.142072778747701	139	135	1.05872931092793e-08	3.87980375494374e-08
COG0200	log_NO2NO3	log_NO2NO3	-0.0467478037511381	0.00765564800586229	139	139	1.11508616211773e-08	4.08268623349343e-08
COG2186	log_NO2NO3	log_NO2NO3	0.37812042770501	0.0619303555824277	139	139	1.11910476334143e-08	4.09375099537541e-08
COG3581	log_NO2NO3	log_NO2NO3	1.40812604499948	0.230654878245201	139	125	1.12275320271734e-08	4.10344319996693e-08
COG1915	log_NO2NO3	log_NO2NO3	1.69470821817892	0.27763368922044	139	127	1.12706163351662e-08	4.11552816932113e-08
COG2935	log_NO2NO3	log_NO2NO3	0.158757087174889	0.0260119224537813	139	139	1.13184781380943e-08	4.12933465286781e-08
COG1518	log_NO2NO3	log_NO2NO3	0.659910157134728	0.108130741727242	139	139	1.13378319061368e-08	4.13272524138509e-08
COG3555	log_NO2NO3	log_NO2NO3	-0.391645459704754	0.0641842352847207	139	139	1.1392805541294e-08	4.1490820180528e-08
COG4285	log_NO2NO3	log_NO2NO3	1.08617859205749	0.178089317142823	139	78	1.15502994279427e-08	4.20271302479971e-08
COG2355	log_NO2NO3	log_NO2NO3	0.0960766669891675	0.0157604658830102	139	139	1.17203416992642e-08	4.26081094695376e-08
COG1123	log_NO2NO3	log_NO2NO3	-0.133562086926652	0.0219138603328219	139	139	1.17880368597094e-08	4.28163177892894e-08
COG4542	log_NO2NO3	log_NO2NO3	1.21841959310684	0.20002087314138	139	111	1.19844172081477e-08	4.349115361402e-08
COG0097	log_NO2NO3	log_NO2NO3	-0.0451214731084697	0.00740935484029132	139	139	1.20815523905938e-08	4.38049578292667e-08
COG1988	log_NO2NO3	log_NO2NO3	-0.270821927724802	0.0444776711171405	139	139	1.21318432821497e-08	4.39485116429196e-08
COG4447	log_NO2NO3	log_NO2NO3	-0.274848803987875	0.0451450955755591	139	139	1.21801974936638e-08	4.40848029109876e-08
COG3937	log_NO2NO3	log_NO2NO3	-1.17932033944743	0.19374353399671	139	126	1.22455270099575e-08	4.42822402789662e-08
COG4972	log_NO2NO3	log_NO2NO3	0.273820685112454	0.0450076491167107	139	139	1.24338355774823e-08	4.4923655718819e-08
COG1175	log_NO2NO3	log_NO2NO3	-0.110156973210069	0.0181096057419855	139	139	1.24989462686153e-08	4.51192190434725e-08
COG1853	log_NO2NO3	log_NO2NO3	-0.115144060190102	0.0189310181468289	139	139	1.25290445152583e-08	4.51881605519587e-08
COG1349	log_NO2NO3	log_NO2NO3	0.371394889171961	0.0610721812126782	139	139	1.25930477885722e-08	4.53791581714515e-08
COG4124	log_NO2NO3	log_NO2NO3	0.649939229037404	0.10693066250465	139	139	1.27841247938272e-08	4.60273309842612e-08
COG1271	log_NO2NO3	log_NO2NO3	0.700578865791032	0.115320767767521	139	139	1.297706072782e-08	4.66810555778325e-08
COG0129	log_NO2NO3	log_NO2NO3	-0.0592052054054997	0.00974669143111991	139	139	1.30183010944715e-08	4.67884347297367e-08
COG1285	log_NO2NO3	log_NO2NO3	0.674939389087834	0.111124687050207	139	139	1.30610992349938e-08	4.6901219980205e-08
COG2036	log_NO2NO3	log_NO2NO3	1.56035032694853	0.25692968284543	139	106	1.31021989606515e-08	4.70077146990012e-08
COG3316	log_NO2NO3	log_NO2NO3	0.611871929423183	0.100806969818214	139	139	1.33148846015467e-08	4.77290976816352e-08
COG2092	log_NO2NO3	log_NO2NO3	1.10684475339966	0.182386402547445	139	130	1.33832695300677e-08	4.79324073491875e-08
COG2051	log_NO2NO3	log_NO2NO3	1.06339918481661	0.175356739951938	139	129	1.36763474578661e-08	4.8939403621005e-08
COG0100	log_NO2NO3	log_NO2NO3	-0.0495744115695173	0.00817864376845445	139	139	1.3860110664381e-08	4.95538160219994e-08
COG2994	log_NO2NO3	log_NO2NO3	-0.726152962067511	0.11984584317562	139	133	1.40211675539588e-08	5.00860489666632e-08
COG5410	log_NO2NO3	log_NO2NO3	-0.502031145816462	0.0828670249510531	139	139	1.40744658650418e-08	5.02327591429989e-08
COG4843	log_NO2NO3	log_NO2NO3	-0.471387879036051	0.0778709643020542	139	139	1.44067701246808e-08	5.13741420765528e-08
COG3646	log_NO2NO3	log_NO2NO3	0.9785592122669	0.161678519773135	139	114	1.44730079845479e-08	5.15655826543997e-08
COG0561	log_NO2NO3	log_NO2NO3	0.389343127430753	0.0643346406303449	139	139	1.45190577261056e-08	5.16848259435371e-08
COG0751	log_NO2NO3	log_NO2NO3	-0.119365258721092	0.0197244907575863	139	139	1.45342155439733e-08	5.16939891382186e-08
COG1675	log_NO2NO3	log_NO2NO3	1.63065202302132	0.269668605690119	139	113	1.48719804526715e-08	5.28495637539573e-08
COG3263	log_NO2NO3	log_NO2NO3	0.855927730268029	0.141580629315882	139	139	1.49699929207666e-08	5.31518849771039e-08
COG4107	log_NO2NO3	log_NO2NO3	-0.806090066191866	0.133355762067976	139	139	1.50320126071088e-08	5.33259998186554e-08
COG2911	log_NO2NO3	log_NO2NO3	0.658278698420885	0.109018009801589	139	139	1.55041239835895e-08	5.49533574845432e-08
COG0364	log_NO2NO3	log_NO2NO3	-0.287831632965684	0.0476848067987933	139	139	1.56642241308495e-08	5.54729592495947e-08
COG4994	log_NO2NO3	log_NO2NO3	0.969003373817769	0.160573160708083	139	72	1.57761889156202e-08	5.58213471708595e-08
COG2852	log_NO2NO3	log_NO2NO3	0.79849016551796	0.132403378202159	139	139	1.60771159663205e-08	5.68371707311917e-08
COG1725	log_NO2NO3	log_NO2NO3	-0.458119584538939	0.0759995149820736	139	139	1.6296655736232e-08	5.75637676392444e-08
COG3346	log_NO2NO3	log_NO2NO3	-0.32405982316942	0.0537630350935179	139	139	1.63257361038891e-08	5.7616944943966e-08
COG5611	log_NO2NO3	log_NO2NO3	0.88557059710701	0.147096096198264	139	118	1.69029425646522e-08	5.96028223653144e-08
COG0333	log_NO2NO3	log_NO2NO3	-0.172926253979084	0.0287412812471306	139	139	1.72074182612313e-08	6.06244204263622e-08
COG0829	log_NO2NO3	log_NO2NO3	-0.441859174552837	0.073498946634855	139	139	1.76164701935158e-08	6.201239036415e-08
COG0243	log_NO2NO3	log_NO2NO3	0.246094383793002	0.0409384811968029	139	139	1.76550303032651e-08	6.20418002444937e-08
COG1076	log_NO2NO3	log_NO2NO3	0.125198713630519	0.0208271085752061	139	139	1.7653959629439e-08	6.20418002444937e-08
COG4235	log_NO2NO3	log_NO2NO3	0.22364177599232	0.0372108868739825	139	139	1.77578177663705e-08	6.23496712685899e-08
COG4412	log_NO2NO3	log_NO2NO3	0.398829060691618	0.0665074371332967	139	139	1.89373917137394e-08	6.6434504833511e-08
COG0052	log_NO2NO3	log_NO2NO3	-0.0517395347036183	0.00862864121601754	139	139	1.89833388074249e-08	6.65388701543527e-08
COG4778	log_NO2NO3	log_NO2NO3	-0.792068209179329	0.132174910873614	139	139	1.93223263043703e-08	6.76693234939073e-08
COG0105	log_NO2NO3	log_NO2NO3	-0.0507408482401259	0.00847241063610354	139	139	1.96621910965145e-08	6.88009208044987e-08
COG1279	log_NO2NO3	log_NO2NO3	-0.257905738417817	0.043105521609552	139	139	2.02205885222315e-08	7.0694619276023e-08
COG0230	log_NO2NO3	log_NO2NO3	-0.207033817682472	0.0346219535193237	139	139	2.05421406270907e-08	7.1696783089285e-08
COG4581	log_NO2NO3	log_NO2NO3	-0.602019155050509	0.100674468216859	139	139	2.05404500043794e-08	7.1696783089285e-08
COG1317	log_NO2NO3	log_NO2NO3	0.536025630047621	0.0896656673535538	139	139	2.07200144766623e-08	7.22562134720955e-08
COG1553	log_NO2NO3	log_NO2NO3	0.321276415153873	0.0537505163921234	139	139	2.08067340159032e-08	7.24970851037579e-08
COG0830	log_NO2NO3	log_NO2NO3	-0.464247160255609	0.0776995250338146	139	139	2.10353167044136e-08	7.32314245946874e-08
COG0186	log_NO2NO3	log_NO2NO3	-0.0530861938617706	0.00888537084683062	139	139	2.10698988697872e-08	7.32897074996492e-08
COG3503	log_NO2NO3	log_NO2NO3	0.313642957335466	0.0525032503629361	139	139	2.11489416225577e-08	7.35024130164696e-08
COG2202	log_NO2NO3	log_NO2NO3	0.424231650707811	0.0710252766917256	139	139	2.12318217630938e-08	7.37280843641498e-08
COG2930	log_NO2NO3	log_NO2NO3	0.194202485864893	0.0325346636152319	139	139	2.16302735726616e-08	7.50482802673091e-08
COG0491	log_NO2NO3	log_NO2NO3	0.0506622376162205	0.00848782431066788	139	139	2.16595163844395e-08	7.50863234660569e-08
COG0315	log_NO2NO3	log_NO2NO3	0.13332384044699	0.0223449167358905	139	139	2.18877201086606e-08	7.58134521133034e-08
COG0259	log_NO2NO3	log_NO2NO3	-0.111966225497268	0.0187800007733875	139	139	2.23801696985427e-08	7.74538644663971e-08
COG5285	log_NO2NO3	log_NO2NO3	0.184195599583744	0.0308976723432975	139	139	2.24361630164819e-08	7.75822876024476e-08
COG2391	log_NO2NO3	log_NO2NO3	0.359538224283989	0.0603358698661512	139	139	2.27095646952423e-08	7.84616415206522e-08
COG2386	log_NO2NO3	log_NO2NO3	0.108344055313765	0.0181902770856068	139	139	2.30159496688346e-08	7.94533791929179e-08
COG3158	log_NO2NO3	log_NO2NO3	0.503822236529295	0.0845937042916519	139	139	2.30560668674043e-08	7.95250400430703e-08
COG3002	log_NO2NO3	log_NO2NO3	0.666294196157455	0.111947917250219	139	139	2.34985879127662e-08	8.09833885450031e-08
COG0781	log_NO2NO3	log_NO2NO3	-0.0742110722188723	0.0124699867567646	139	139	2.35717026056462e-08	8.10314261958113e-08
COG1638	log_NO2NO3	log_NO2NO3	-0.11301060382055	0.0189885790975421	139	139	2.35345553875275e-08	8.10314261958113e-08
COG3296	log_NO2NO3	log_NO2NO3	0.55132952923393	0.0926396245496862	139	139	2.3553513632949e-08	8.10314261958113e-08
COG3100	log_NO2NO3	log_NO2NO3	0.510415779855975	0.0857761968399734	139	139	2.3642098586871e-08	8.1137628232971e-08
COG4775	log_NO2NO3	log_NO2NO3	-0.0863154146783561	0.0145051073872514	139	139	2.36264126236459e-08	8.1137628232971e-08
COG0588	log_NO2NO3	log_NO2NO3	-0.113150444135937	0.0190169700184867	139	139	2.37079557002299e-08	8.12957278936098e-08
COG2933	log_NO2NO3	log_NO2NO3	0.689227067938326	0.115893855733906	139	139	2.4041753899923e-08	8.23715805011541e-08
COG1172	log_NO2NO3	log_NO2NO3	-0.144608592030148	0.0243189000551231	139	139	2.41235008102271e-08	8.2582784440344e-08
COG2266	log_NO2NO3	log_NO2NO3	1.6595490240271	0.279127646381558	139	107	2.42232867340878e-08	8.28553388040238e-08
COG0147	log_NO2NO3	log_NO2NO3	-0.0719685821150843	0.0121096116560622	139	139	2.45020047243338e-08	8.37389645653605e-08
COG1135	log_NO2NO3	log_NO2NO3	0.818196531992551	0.137728116999788	139	139	2.47889584043326e-08	8.46492444929329e-08
COG1051	log_NO2NO3	log_NO2NO3	0.113466841680512	0.0191031145838437	139	139	2.49032519139863e-08	8.49689027098468e-08
COG0316	log_NO2NO3	log_NO2NO3	-0.0747863647137558	0.0125921263424393	139	139	2.49709098715248e-08	8.51290437777791e-08
COG2146	log_NO2NO3	log_NO2NO3	0.26052610380085	0.0438935852271576	139	139	2.54213174241252e-08	8.6592679915677e-08
COG2198	log_NO2NO3	log_NO2NO3	0.653754898771084	0.110158485988063	139	139	2.55099126894721e-08	8.68224700317741e-08
COG4650	log_NO2NO3	log_NO2NO3	1.02434624291969	0.172669710841875	139	125	2.57889260210067e-08	8.76994272303771e-08
COG4413	log_NO2NO3	log_NO2NO3	1.01447391852196	0.171032799839208	139	121	2.59057120283492e-08	8.8023709687724e-08
COG2429	log_NO2NO3	log_NO2NO3	1.77655225439463	0.299574463071952	139	109	2.60555708121669e-08	8.84597395837864e-08
COG0494	log_NO2NO3	log_NO2NO3	0.0605165287912477	0.0102067725260207	139	139	2.62051185322538e-08	8.88939941622613e-08
COG2379	log_NO2NO3	log_NO2NO3	0.263313508946127	0.0444337754301575	139	139	2.65939830925336e-08	9.01386819671024e-08
COG3344	log_NO2NO3	log_NO2NO3	0.52166745773918	0.0880567956044384	139	139	2.68188369248111e-08	9.0825871465065e-08
COG3502	log_NO2NO3	log_NO2NO3	-0.395273888060194	0.0667287995496146	139	139	2.68995121862046e-08	9.1024049473582e-08
COG3436	log_NO2NO3	log_NO2NO3	0.649231870716808	0.109715268310012	139	139	2.77036676405698e-08	9.36680384094327e-08
COG0113	log_NO2NO3	log_NO2NO3	-0.0809807324447728	0.0136905424341599	139	139	2.80150538623375e-08	9.4642961567831e-08
COG3709	log_NO2NO3	log_NO2NO3	-0.717536530916194	0.121332234151087	139	139	2.81854851495895e-08	9.51404872592553e-08
COG2346	log_NO2NO3	log_NO2NO3	0.39630611560732	0.0670224360358199	139	139	2.82906485050936e-08	9.54170640877871e-08
COG1133	log_NO2NO3	log_NO2NO3	-0.138467432583167	0.0234284092515547	139	139	2.8671578887575e-08	9.66225152339279e-08
COG0438	log_NO2NO3	log_NO2NO3	-0.056747583931173	0.00960522278833449	139	139	2.8980419140645e-08	9.75832474014505e-08
COG0758	log_NO2NO3	log_NO2NO3	0.381731234339537	0.0646701616129393	139	139	2.97160382085111e-08	9.99782841609858e-08
COG5631	log_NO2NO3	log_NO2NO3	-0.464127563823982	0.0786468319929688	139	139	2.99047711705108e-08	1.00530932871079e-07
COG0148	log_NO2NO3	log_NO2NO3	-0.0467906786924541	0.0079315859029819	139	139	3.02103173068168e-08	1.01475047830256e-07
COG2603	log_NO2NO3	log_NO2NO3	-0.224491543750334	0.0380566959908748	139	139	3.02699042367406e-08	1.01592129578865e-07
COG4587	log_NO2NO3	log_NO2NO3	-0.88707708677472	0.150498652840177	139	137	3.09441131330361e-08	1.03770136122867e-07
COG3627	log_NO2NO3	log_NO2NO3	-0.761212783934335	0.129234581424781	139	139	3.15533818022433e-08	1.05726992205233e-07
COG0547	log_NO2NO3	log_NO2NO3	-0.0577263956988933	0.00980160946595811	139	139	3.16561237537814e-08	1.05984805526107e-07
COG0516	log_NO2NO3	log_NO2NO3	-0.0477639168463928	0.00811353785995927	139	139	3.20417695452974e-08	1.07188590628731e-07
COG0647	log_NO2NO3	log_NO2NO3	-0.127570368100436	0.0216709097358725	139	139	3.20769781895406e-08	1.07219061352834e-07
COG1948	log_NO2NO3	log_NO2NO3	0.846047085486031	0.14375473415041	139	138	3.22854156933321e-08	1.07828038754641e-07
COG4391	log_NO2NO3	log_NO2NO3	0.243494124913509	0.0414561930817141	139	139	3.41554235947697e-08	1.13980893685876e-07
COG5505	log_NO2NO3	log_NO2NO3	0.20403524889576	0.0347466110106486	139	139	3.43899507256964e-08	1.14670387647046e-07
COG2920	log_NO2NO3	log_NO2NO3	0.265425914379624	0.0452392481995467	139	139	3.52062991113169e-08	1.17297223640949e-07
COG5014	log_NO2NO3	log_NO2NO3	0.636296409524462	0.108492198894067	139	139	3.55860441332344e-08	1.18466344650994e-07
COG0099	log_NO2NO3	log_NO2NO3	-0.0438528157094995	0.00747825602838323	139	139	3.57321718371614e-08	1.18856487374137e-07
COG3941	log_NO2NO3	log_NO2NO3	-0.884605270564419	0.150862910135083	139	138	3.5801330745813e-08	1.18990183417314e-07
COG1945	log_NO2NO3	log_NO2NO3	1.1318277583601	0.19306091219182	139	135	3.59881168467667e-08	1.19514295882391e-07
COG0257	log_NO2NO3	log_NO2NO3	-0.384846527191366	0.0657361834554572	139	139	3.74066574001803e-08	1.24124837318207e-07
COG0185	log_NO2NO3	log_NO2NO3	-0.056985489791271	0.00973828081778095	139	139	3.78914408404424e-08	1.25631992713912e-07
COG3626	log_NO2NO3	log_NO2NO3	-0.769014817784767	0.131422788971148	139	139	3.79350315084053e-08	1.25675088255265e-07
COG5452	log_NO2NO3	log_NO2NO3	-0.228162200250616	0.0390174262350393	139	139	3.86180833425805e-08	1.27834880234747e-07
COG0220	log_NO2NO3	log_NO2NO3	-0.123722688458498	0.0211631924157371	139	139	3.89077974817164e-08	1.28690202942746e-07
COG1576	log_NO2NO3	log_NO2NO3	-0.166322984451636	0.0284685636341809	139	139	3.96137122826404e-08	1.30919654108678e-07
COG0593	log_NO2NO3	log_NO2NO3	-0.0873808737572606	0.0149571988793615	139	139	3.96658486649712e-08	1.30986580639631e-07
COG1305	log_NO2NO3	log_NO2NO3	-0.332371058398369	0.0569172262048267	139	139	4.01412087539221e-08	1.32449867920572e-07
COG4046	log_NO2NO3	log_NO2NO3	1.82878857579491	0.3132590812643	139	110	4.04487536326704e-08	1.33291107934907e-07
COG4969	log_NO2NO3	log_NO2NO3	0.537145812900165	0.0920104451732199	139	139	4.04610544291209e-08	1.33291107934907e-07
COG0247	log_NO2NO3	log_NO2NO3	0.190898670934103	0.0327301810955904	139	139	4.15073024272335e-08	1.36628203822977e-07
COG4371	log_NO2NO3	log_NO2NO3	-1.22941168933032	0.210800286070432	139	133	4.15823220922722e-08	1.36765555768658e-07
COG4374	log_NO2NO3	log_NO2NO3	0.85603991045251	0.14689528924415	139	64	4.24919200112844e-08	1.39645445925085e-07
COG5360	log_NO2NO3	log_NO2NO3	-0.170378875208961	0.0292403028848187	139	139	4.26333983882205e-08	1.39998401741655e-07
COG0056	log_NO2NO3	log_NO2NO3	-0.0851146791215353	0.0146083267765531	139	139	4.27145066092565e-08	1.40152710184366e-07
COG3086	log_NO2NO3	log_NO2NO3	0.728131986827111	0.124974600215067	139	139	4.275699886634e-08	1.40180168669533e-07
COG1361	log_NO2NO3	log_NO2NO3	1.87432040472183	0.321745331751307	139	112	4.29116141989899e-08	1.40574889257935e-07
COG0394	log_NO2NO3	log_NO2NO3	-0.104471452757233	0.0179352382788044	139	139	4.30238591275729e-08	1.4083028947894e-07
COG1602	log_NO2NO3	log_NO2NO3	1.58830095681579	0.272936712274583	139	127	4.41860128310613e-08	1.44519220310509e-07
COG1578	log_NO2NO3	log_NO2NO3	0.973327156532303	0.1672759389851	139	93	4.43137232620684e-08	1.44821619061716e-07
COG2106	log_NO2NO3	log_NO2NO3	1.71919051242127	0.296238658608322	139	111	4.76406353440702e-08	1.55570532586201e-07
COG2350	log_NO2NO3	log_NO2NO3	-0.240274154514141	0.041414052592348	139	139	4.80121853092612e-08	1.56659298848646e-07
COG3164	log_NO2NO3	log_NO2NO3	0.276836875358195	0.0477341147957273	139	139	4.85128627239337e-08	1.58167333388825e-07
COG3596	log_NO2NO3	log_NO2NO3	-0.711542601317613	0.122754393060539	139	133	4.92259338969634e-08	1.60364898056087e-07
COG2332	log_NO2NO3	log_NO2NO3	-0.110121617941603	0.0190086572638136	139	139	4.99851703175919e-08	1.62674479039231e-07
COG3765	log_NO2NO3	log_NO2NO3	0.583554124129035	0.100732398422525	139	139	5.00140864232106e-08	1.62674479039231e-07
COG1142	log_NO2NO3	log_NO2NO3	-0.543096391238929	0.0938199801916338	139	139	5.10658994541345e-08	1.65964173225937e-07
COG1983	log_NO2NO3	log_NO2NO3	0.585573668142403	0.101163065370586	139	139	5.11367429464946e-08	1.66063035592253e-07
COG4706	log_NO2NO3	log_NO2NO3	1.05749481446355	0.182711352006957	139	123	5.12877491161354e-08	1.6642185890133e-07
COG1090	log_NO2NO3	log_NO2NO3	-0.145592409498381	0.025159616162192	139	139	5.15401030509778e-08	1.67108716127401e-07
COG0750	log_NO2NO3	log_NO2NO3	0.069435039855065	0.0120146289407011	139	139	5.34082026712644e-08	1.72968006719117e-07
COG1801	log_NO2NO3	log_NO2NO3	0.420039156348866	0.0726822530312376	139	139	5.34314509558325e-08	1.72968006719117e-07
COG2141	log_NO2NO3	log_NO2NO3	0.284619466736806	0.0492539376790335	139	139	5.35582626654652e-08	1.73242002385615e-07
COG3642	log_NO2NO3	log_NO2NO3	1.11570143711563	0.193134496340931	139	135	5.40157678787051e-08	1.74584401609536e-07
COG3010	log_NO2NO3	log_NO2NO3	-0.452636310078804	0.0783778971117306	139	139	5.44662147339254e-08	1.75901894753904e-07
COG1964	log_NO2NO3	log_NO2NO3	0.661193202384413	0.114534430106275	139	139	5.50274055210829e-08	1.77574691186652e-07
COG2406	log_NO2NO3	log_NO2NO3	1.60050675575187	0.277272591016	139	116	5.51716118886915e-08	1.77900299559454e-07
COG1032	log_NO2NO3	log_NO2NO3	0.425276090717659	0.0737385959245608	139	139	5.64810803070743e-08	1.81979825805068e-07
COG5373	log_NO2NO3	log_NO2NO3	0.655471240174959	0.113735711532413	139	139	5.76207795029027e-08	1.85506396706837e-07
COG4799	log_NO2NO3	log_NO2NO3	0.107599268311805	0.0186723799260379	139	139	5.77908943542369e-08	1.85908374320443e-07
COG5413	log_NO2NO3	log_NO2NO3	-1.27337846922226	0.221054657088075	139	129	5.83418449276069e-08	1.87533880252433e-07
COG5465	log_NO2NO3	log_NO2NO3	-0.218614695763885	0.0379712512167541	139	139	5.91985396585796e-08	1.90138859200504e-07
COG0161	log_NO2NO3	log_NO2NO3	0.0546505874915634	0.00949286224183105	139	139	5.92976264825438e-08	1.90308319992414e-07
COG2246	log_NO2NO3	log_NO2NO3	0.422460812433963	0.0734402141812214	139	139	6.05884124322248e-08	1.94299139946588e-07
COG0771	log_NO2NO3	log_NO2NO3	-0.116402051470703	0.0202360508002099	139	139	6.06550175155545e-08	1.94361007764351e-07
COG1325	log_NO2NO3	log_NO2NO3	1.53508395877469	0.266914432346415	139	114	6.0938498915327e-08	1.95117189044554e-07
COG0624	log_NO2NO3	log_NO2NO3	0.0627373966590202	0.0109145987392762	139	139	6.18617880217927e-08	1.97765155792626e-07
COG1818	log_NO2NO3	log_NO2NO3	1.59954211070856	0.278276318318926	139	109	6.18590527133225e-08	1.97765155792626e-07
COG3225	log_NO2NO3	log_NO2NO3	0.182876298015031	0.0318429951003622	139	139	6.33233475750567e-08	2.02280180278642e-07
COG0665	log_NO2NO3	log_NO2NO3	0.0692493660196926	0.0120616145452771	139	139	6.38498158356395e-08	2.03803452566284e-07
COG1635	log_NO2NO3	log_NO2NO3	1.74373109798504	0.303914865302641	139	109	6.49816146242726e-08	2.07255025525242e-07
COG0640	log_NO2NO3	log_NO2NO3	0.288458703331009	0.0502817592111562	139	139	6.52014449785388e-08	2.07794830079005e-07
COG3124	log_NO2NO3	log_NO2NO3	0.341956077725949	0.0596203887173761	139	139	6.55979426400029e-08	2.08896394081497e-07
COG2013	log_NO2NO3	log_NO2NO3	0.325487457705008	0.0567624064076432	139	139	6.60147543624639e-08	2.10060891495741e-07
COG0267	log_NO2NO3	log_NO2NO3	-0.0878315234136317	0.0153177973255009	139	139	6.60941094261966e-08	2.10150620373696e-07
COG3454	log_NO2NO3	log_NO2NO3	-0.649212746186305	0.113323678595807	139	139	6.77021832242027e-08	2.1509711421889e-07
COG0380	log_NO2NO3	log_NO2NO3	-0.437100479253286	0.0763084680847033	139	139	6.7945155437531e-08	2.15602729675681e-07
COG2822	log_NO2NO3	log_NO2NO3	0.878979487722011	0.153452940293671	139	132	6.79662937999043e-08	2.15602729675681e-07
COG2512	log_NO2NO3	log_NO2NO3	1.80292498288571	0.314966677742313	139	109	6.91996577255607e-08	2.19345828654786e-07
COG0146	log_NO2NO3	log_NO2NO3	0.26786162948492	0.0468021160634001	139	139	6.94915445657161e-08	2.20101206689253e-07
COG3125	log_NO2NO3	log_NO2NO3	0.759793848826754	0.132786404633674	139	137	6.99350586236026e-08	2.21335301098428e-07
COG0584	log_NO2NO3	log_NO2NO3	0.0746158366085748	0.0130499974115023	139	139	7.13389570362124e-08	2.25604646270023e-07
COG0550	log_NO2NO3	log_NO2NO3	-0.0715662359108211	0.0125264626835207	139	139	7.28560300141607e-08	2.30225054844748e-07
COG2148	log_NO2NO3	log_NO2NO3	0.0874552958102151	0.0153139811032967	139	139	7.36771903360912e-08	2.32640966872147e-07
COG1879	log_NO2NO3	log_NO2NO3	-0.122297295010966	0.0214294300446971	139	139	7.50139360070806e-08	2.36679914836473e-07
COG1177	log_NO2NO3	log_NO2NO3	0.0796261490023158	0.0139589928971357	139	139	7.5964914324718e-08	2.39496445161889e-07
COG0763	log_NO2NO3	log_NO2NO3	-0.104121854619709	0.0182552864824081	139	139	7.61914499028946e-08	2.40026438804518e-07
COG1284	log_NO2NO3	log_NO2NO3	0.510485308801628	0.0895761462480247	139	139	7.79084341154904e-08	2.45247392602632e-07
COG4328	log_NO2NO3	log_NO2NO3	-0.807569084248332	0.141767070849471	139	135	7.88065260918729e-08	2.47884539958204e-07
COG0697	log_NO2NO3	log_NO2NO3	-0.0921713090863715	0.0161875538009637	139	139	7.97301810146199e-08	2.50597998169899e-07
COG2389	log_NO2NO3	log_NO2NO3	-1.14645809658465	0.2013721468309	139	125	8.00034124227669e-08	2.51072588413084e-07
COG2942	log_NO2NO3	log_NO2NO3	0.263125533850226	0.0462162342223731	139	139	7.99560351503169e-08	2.51072588413084e-07
COG1561	log_NO2NO3	log_NO2NO3	0.1428215960603	0.0251040794993123	139	139	8.15350456815484e-08	2.55683944778474e-07
COG1676	log_NO2NO3	log_NO2NO3	1.12743772154402	0.198311871159537	139	135	8.30765976968827e-08	2.60319346558958e-07
COG0348	log_NO2NO3	log_NO2NO3	0.457400439900275	0.0804704599098648	139	139	8.35036679550284e-08	2.61458131066506e-07
COG1838	log_NO2NO3	log_NO2NO3	0.322052174088016	0.0567162799345032	139	139	8.57898056485217e-08	2.68411669157751e-07
COG1926	log_NO2NO3	log_NO2NO3	1.08352808553062	0.190877296634385	139	120	8.64877009974943e-08	2.70389250911497e-07
COG4911	log_NO2NO3	log_NO2NO3	1.30974714126959	0.230780105389176	139	133	8.70005746845901e-08	2.71785825706689e-07
COG1309	log_NO2NO3	log_NO2NO3	0.180910012227603	0.0318936234817275	139	139	8.82325127829567e-08	2.75424895526129e-07
COG4970	log_NO2NO3	log_NO2NO3	0.603849305596981	0.10650562806263	139	139	8.93302808953643e-08	2.78639934637932e-07
COG0096	log_NO2NO3	log_NO2NO3	-0.0501168175526692	0.00884160084226348	139	139	8.98953135019215e-08	2.80189641779889e-07
COG2514	log_NO2NO3	log_NO2NO3	0.646430184973004	0.114064858998755	139	139	9.03501721989664e-08	2.81393864589351e-07
COG0778	log_NO2NO3	log_NO2NO3	0.0993187131158299	0.0175263689206244	139	139	9.05189148948486e-08	2.81492583185494e-07
COG3786	log_NO2NO3	log_NO2NO3	-0.169621172869317	0.0299318428343141	139	139	9.04777220155962e-08	2.81492583185494e-07
COG4787	log_NO2NO3	log_NO2NO3	-0.345995446150228	0.0610593232182317	139	139	9.06333492014911e-08	2.81635248502062e-07
COG0395	log_NO2NO3	log_NO2NO3	-0.099766937447806	0.0176125905167703	139	139	9.1492941688e-08	2.84091462172565e-07
COG1819	log_NO2NO3	log_NO2NO3	0.450826021271962	0.0796078299255789	139	139	9.2108843665632e-08	2.85787862370405e-07
COG3737	log_NO2NO3	log_NO2NO3	0.175939495425791	0.0310716627277149	139	139	9.24139560085066e-08	2.86518136817317e-07
COG0627	log_NO2NO3	log_NO2NO3	0.189833061364953	0.0335319361145591	139	139	9.28966542513618e-08	2.87797477876768e-07
COG3091	log_NO2NO3	log_NO2NO3	0.584791254139048	0.103305031790648	139	139	9.3088005624721e-08	2.88172966922648e-07
COG4185	log_NO2NO3	log_NO2NO3	0.659218710736664	0.116517467624121	139	137	9.44614666597641e-08	2.92204597167403e-07
COG0297	log_NO2NO3	log_NO2NO3	-0.177324936966637	0.0313533597773525	139	139	9.53422514385942e-08	2.94707275327122e-07
COG0515	log_NO2NO3	log_NO2NO3	0.265168763706261	0.0469036916535333	139	139	9.6333806840602e-08	2.97548329700145e-07
COG1189	log_NO2NO3	log_NO2NO3	-0.350743420094137	0.0620659002104942	139	139	9.73851102473116e-08	3.00569521334302e-07
COG0204	log_NO2NO3	log_NO2NO3	-0.0701307865455635	0.0124109329437667	139	139	9.75754732451626e-08	3.00930964032378e-07
COG3677	log_NO2NO3	log_NO2NO3	0.698499029239783	0.123631348572799	139	139	9.79732560933635e-08	3.01931084794852e-07
COG0723	log_NO2NO3	log_NO2NO3	-0.0673145615118086	0.0119160173937144	139	139	9.83262184434545e-08	3.02791683182692e-07
COG0049	log_NO2NO3	log_NO2NO3	-0.0443792760540869	0.00786571909397906	139	139	1.0157157817944e-07	3.12551343191863e-07
COG0693	log_NO2NO3	log_NO2NO3	0.264522693667126	0.0469006716118086	139	139	1.02546516508171e-07	3.15315186987699e-07
COG2150	log_NO2NO3	log_NO2NO3	0.876444818060841	0.155520693248712	139	56	1.04723013746256e-07	3.21766746798519e-07
COG2861	log_NO2NO3	log_NO2NO3	0.336151120270011	0.059679018924688	139	139	1.06145869780274e-07	3.25894793017463e-07
COG1355	log_NO2NO3	log_NO2NO3	0.797701424046434	0.141677334161898	139	139	1.07258999438089e-07	3.2906644487802e-07
COG3031	log_NO2NO3	log_NO2NO3	0.385598784184228	0.068505794553992	139	139	1.08113884303651e-07	3.3144166919358e-07
COG2340	log_NO2NO3	log_NO2NO3	-0.270354183303567	0.0480519276978926	139	139	1.09333150061185e-07	3.34929590194891e-07
COG0034	log_NO2NO3	log_NO2NO3	-0.046245969565432	0.00822444989792272	139	139	1.11026792141467e-07	3.39622859267614e-07
COG0048	log_NO2NO3	log_NO2NO3	-0.0489711046274018	0.00870910312180458	139	139	1.11030550145181e-07	3.39622859267614e-07
COG0824	log_NO2NO3	log_NO2NO3	-0.0685390222681242	0.0121950986002763	139	139	1.12468705269254e-07	3.43765953308106e-07
COG1593	log_NO2NO3	log_NO2NO3	-0.132543619443415	0.0236028917420154	139	139	1.14921980370033e-07	3.51003342275163e-07
COG3054	log_NO2NO3	log_NO2NO3	0.965934496680523	0.172054009475236	139	117	1.1568883516278e-07	3.53083012517607e-07
COG3850	log_NO2NO3	log_NO2NO3	0.433969935147834	0.0773148276641833	139	139	1.1628791935346e-07	3.5464793816185e-07
COG1871	log_NO2NO3	log_NO2NO3	0.611488768527953	0.108954587682599	139	139	1.1666467237082e-07	3.55532992655288e-07
COG3682	log_NO2NO3	log_NO2NO3	0.659990976427023	0.117650771975754	139	139	1.18071218227647e-07	3.59552679376703e-07
COG1711	log_NO2NO3	log_NO2NO3	1.60844113585187	0.286757754737165	139	106	1.18448630088657e-07	3.60434794373484e-07
COG5549	log_NO2NO3	log_NO2NO3	-1.3047101541721	0.23263054906831	139	122	1.18752306809177e-07	3.61091396278384e-07
COG0819	log_NO2NO3	log_NO2NO3	-0.329863603049999	0.0588352162527214	139	139	1.19826618017866e-07	3.64088570131208e-07
COG0313	log_NO2NO3	log_NO2NO3	-0.115356616346271	0.0205889097174587	139	139	1.21910585318302e-07	3.70146847367023e-07
COG1738	log_NO2NO3	log_NO2NO3	-0.128054032000114	0.0228648449928242	139	139	1.23261547342557e-07	3.73972257373134e-07
COG2738	log_NO2NO3	log_NO2NO3	-0.254631116307777	0.0454678952067321	139	139	1.23397090263314e-07	3.74107193211582e-07
COG1386	log_NO2NO3	log_NO2NO3	-0.0578387265601059	0.0103351698224148	139	139	1.25671706524591e-07	3.80638964459176e-07
COG3160	log_NO2NO3	log_NO2NO3	0.658504040100615	0.117670070750208	139	139	1.25736873118574e-07	3.80638964459176e-07
COG1526	log_NO2NO3	log_NO2NO3	0.198082652205294	0.0354132943766552	139	139	1.27341524594878e-07	3.85212800468158e-07
COG1179	log_NO2NO3	log_NO2NO3	0.414693677760548	0.074170588001698	139	139	1.28750945518294e-07	3.89189760256919e-07
COG0322	log_NO2NO3	log_NO2NO3	-0.085458347059783	0.0153052526783563	139	139	1.33293286644585e-07	4.02624133482319e-07
COG1300	log_NO2NO3	log_NO2NO3	0.598097812658968	0.107174671068927	139	139	1.3516207339788e-07	4.07968991563917e-07
COG3027	log_NO2NO3	log_NO2NO3	-0.132071537792905	0.0236690627111728	139	139	1.35579852303074e-07	4.08929539839227e-07
COG4219	log_NO2NO3	log_NO2NO3	0.661359280827505	0.118582937625456	139	139	1.37307234364742e-07	4.13835743778695e-07
COG5491	log_NO2NO3	log_NO2NO3	1.74093620437964	0.312518728874947	139	113	1.41516004494503e-07	4.26208025266435e-07
COG2207	log_NO2NO3	log_NO2NO3	0.323150074621197	0.0580520532931853	139	139	1.44227870873759e-07	4.34057211391504e-07
COG3444	log_NO2NO3	log_NO2NO3	0.746016434345149	0.134213710248462	139	58	1.49753536455776e-07	4.50356901727911e-07
COG0041	log_NO2NO3	log_NO2NO3	-0.0435771363190291	0.00784576200398229	139	139	1.52683871816171e-07	4.5883346409717e-07
COG1619	log_NO2NO3	log_NO2NO3	-0.187344156193447	0.0337400229746251	139	139	1.53849203761018e-07	4.61997462756038e-07
COG1410	log_NO2NO3	log_NO2NO3	0.140005734502545	0.0252382965891252	139	139	1.57605802717736e-07	4.72932532917792e-07
COG4221	log_NO2NO3	log_NO2NO3	0.174527383075534	0.0314684937157602	139	139	1.58520164023116e-07	4.75329075771505e-07
COG2897	log_NO2NO3	log_NO2NO3	0.130765363070235	0.0235854095977864	139	139	1.59817035999114e-07	4.78868259580132e-07
COG1690	log_NO2NO3	log_NO2NO3	0.657072414345779	0.118554069588171	139	139	1.61258710823638e-07	4.82835848442788e-07
COG3614	log_NO2NO3	log_NO2NO3	0.73323561380806	0.132530813572351	139	139	1.6872552712563e-07	5.04824810948353e-07
COG0088	log_NO2NO3	log_NO2NO3	-0.0422016313819282	0.0076302927457396	139	139	1.70103884465732e-07	5.08578426044562e-07
COG1063	log_NO2NO3	log_NO2NO3	0.156231855289729	0.0282550644407223	139	139	1.71252664385558e-07	5.11640687487906e-07
COG1979	log_NO2NO3	log_NO2NO3	0.692879092293987	0.125319364945651	139	139	1.71594605301259e-07	5.12289708268585e-07
COG0376	log_NO2NO3	log_NO2NO3	-0.295558514844267	0.0534682527670327	139	139	1.725204704613e-07	5.14679805849687e-07
COG2964	log_NO2NO3	log_NO2NO3	0.80722923039693	0.146037930922627	139	137	1.72685121469428e-07	5.1479715456924e-07
COG3217	log_NO2NO3	log_NO2NO3	0.161478257973959	0.0292196845653178	139	139	1.73625542115667e-07	5.17225327781842e-07
COG2855	log_NO2NO3	log_NO2NO3	-0.31718664472098	0.0574060681109046	139	139	1.74455925480957e-07	5.19322421649111e-07
COG1630	log_NO2NO3	log_NO2NO3	1.64833325428139	0.29835242071264	139	108	1.74881892873069e-07	5.20213480030825e-07
COG4245	log_NO2NO3	log_NO2NO3	0.396989787640011	0.0718638011433972	139	139	1.75356764233061e-07	5.21248616113904e-07
COG3147	log_NO2NO3	log_NO2NO3	0.487990918432995	0.0883534325991406	139	139	1.76188682133675e-07	5.23342809982024e-07
COG3191	log_NO2NO3	log_NO2NO3	0.225303422277533	0.0408030821907607	139	139	1.77362941650376e-07	5.26167693123574e-07
COG3945	log_NO2NO3	log_NO2NO3	1.23262361897337	0.223233228225341	139	139	1.77395875115908e-07	5.26167693123574e-07
COG1683	log_NO2NO3	log_NO2NO3	0.420866460485386	0.0762253043835512	139	139	1.77671108968723e-07	5.2660383524063e-07
COG1980	log_NO2NO3	log_NO2NO3	1.71309048652104	0.310356657294219	139	113	1.78984581420437e-07	5.30114391114028e-07
COG4764	log_NO2NO3	log_NO2NO3	-0.145713765604057	0.0264137332863355	139	139	1.81603032391887e-07	5.37482173678583e-07
COG2364	log_NO2NO3	log_NO2NO3	-0.179537484132888	0.0325487453809665	139	139	1.82133384199093e-07	5.3866374534908e-07
COG0498	log_NO2NO3	log_NO2NO3	0.062126114894363	0.0112769719120465	139	139	1.87956134974419e-07	5.55484749981951e-07
COG2080	log_NO2NO3	log_NO2NO3	0.270870486344799	0.0491838661477746	139	139	1.89525856093249e-07	5.59721219864174e-07
COG1003	log_NO2NO3	log_NO2NO3	-0.10846996346754	0.0197006436584584	139	139	1.90743881164571e-07	5.62913695275904e-07
COG0206	log_NO2NO3	log_NO2NO3	-0.0672463946515691	0.0122219207529746	139	139	1.94099650967002e-07	5.72405862291777e-07
COG2046	log_NO2NO3	log_NO2NO3	0.221965838067013	0.0403529416453472	139	139	1.95443616994523e-07	5.75955795275107e-07
COG3785	log_NO2NO3	log_NO2NO3	-0.121680941013721	0.0221404107227755	139	139	1.99739691105021e-07	5.88194015096362e-07
COG4247	log_NO2NO3	log_NO2NO3	-0.268531939093792	0.0488904470770999	139	139	2.02836082796574e-07	5.96884404103387e-07
COG0008	log_NO2NO3	log_NO2NO3	0.0316543676911668	0.00576470040273677	139	139	2.04194480844223e-07	6.00451630141782e-07
COG0029	log_NO2NO3	log_NO2NO3	-0.171864643812538	0.0313068354491057	139	139	2.05495757863985e-07	6.03845903651824e-07
COG1514	log_NO2NO3	log_NO2NO3	0.570816982551128	0.103990024635954	139	139	2.05998802416258e-07	6.04891408381694e-07
COG3106	log_NO2NO3	log_NO2NO3	0.681168855977649	0.124108671435776	139	139	2.06627298443906e-07	6.06303530005404e-07
COG5473	log_NO2NO3	log_NO2NO3	0.621497966578347	0.113249969103984	139	139	2.0723944290839e-07	6.07665689841304e-07
COG3913	log_NO2NO3	log_NO2NO3	0.847881701307449	0.154541090472376	139	125	2.08568575204977e-07	6.11126752455097e-07
COG4830	log_NO2NO3	log_NO2NO3	1.38790677296726	0.253112123449445	139	107	2.11535759480762e-07	6.19379116141819e-07
COG1288	log_NO2NO3	log_NO2NO3	0.503895015801678	0.0919721695997928	139	139	2.16033407389096e-07	6.32097747545875e-07
COG3314	log_NO2NO3	log_NO2NO3	0.652909450658693	0.119300463181325	139	139	2.22014139026145e-07	6.49134578732671e-07
COG3587	log_NO2NO3	log_NO2NO3	0.306161126753169	0.0559545265981365	139	139	2.23247334649821e-07	6.52275996259931e-07
COG1960	log_NO2NO3	log_NO2NO3	0.0700327663284093	0.0128140007442294	139	139	2.29751802192938e-07	6.70803413936453e-07
COG2958	log_NO2NO3	log_NO2NO3	0.786010508352384	0.14385005147324	139	123	2.3105453216159e-07	6.74127853778276e-07
COG3464	log_NO2NO3	log_NO2NO3	0.638078171867777	0.116820917489673	139	139	2.33259646830966e-07	6.80078516097665e-07
COG4257	log_NO2NO3	log_NO2NO3	0.918799485648125	0.168340323423335	139	139	2.37600508558277e-07	6.92243183799575e-07
COG0746	log_NO2NO3	log_NO2NO3	0.200100843883413	0.0366662503549648	139	139	2.38286359198623e-07	6.93749371784511e-07
COG1415	log_NO2NO3	log_NO2NO3	0.537276824967241	0.0985105150652012	139	139	2.41966694116708e-07	7.03965424526513e-07
COG3426	log_NO2NO3	log_NO2NO3	0.769230979680461	0.141094674602767	139	49	2.44329757902428e-07	7.10337328707129e-07
COG0804	log_NO2NO3	log_NO2NO3	-0.415537480778377	0.0763140590570779	139	139	2.52016037766582e-07	7.3216540533601e-07
COG1431	log_NO2NO3	log_NO2NO3	0.791161771026131	0.145380952086209	139	131	2.55616103756135e-07	7.42099614296964e-07
COG3473	log_NO2NO3	log_NO2NO3	0.0860349316366022	0.015811584067154	139	139	2.56470561964325e-07	7.44054426941699e-07
COG2203	log_NO2NO3	log_NO2NO3	-0.228778165425295	0.0420558316149776	139	139	2.58104742407719e-07	7.48266959640727e-07
COG3693	log_NO2NO3	log_NO2NO3	-0.386765576495952	0.0711242161859935	139	139	2.60446241770144e-07	7.54522680671194e-07
COG4318	log_NO2NO3	log_NO2NO3	-1.11408674551996	0.205268479239781	139	128	2.73130194481887e-07	7.90710950621277e-07
COG3236	log_NO2NO3	log_NO2NO3	0.420744357407278	0.0775407183006826	139	139	2.74819349848132e-07	7.9504076702544e-07
COG2162	log_NO2NO3	log_NO2NO3	0.796516631247414	0.146811298133794	139	135	2.75651586663298e-07	7.96887204794391e-07
COG0375	log_NO2NO3	log_NO2NO3	-0.590622376476849	0.108878092214253	139	139	2.76688687829031e-07	7.99322875950534e-07
COG5350	log_NO2NO3	log_NO2NO3	-0.307998221746541	0.0568222000883171	139	139	2.82079180925515e-07	8.14322751399872e-07
COG0448	log_NO2NO3	log_NO2NO3	-0.346558455636578	0.0640157729884811	139	139	2.90874119671602e-07	8.39122811524537e-07
COG1220	log_NO2NO3	log_NO2NO3	-0.0874747346094717	0.0161718073841656	139	139	2.9696333346399e-07	8.56087981663207e-07
COG4566	log_NO2NO3	log_NO2NO3	0.439330477809407	0.0812243909648092	139	139	2.97286614808818e-07	8.56418943642793e-07
COG2090	log_NO2NO3	log_NO2NO3	1.4466722137577	0.267548349234588	139	109	2.99602489549136e-07	8.62485653165978e-07
COG4715	log_NO2NO3	log_NO2NO3	1.02409010146651	0.189531738426042	139	105	3.04933405243303e-07	8.77217387072472e-07
COG2169	log_NO2NO3	log_NO2NO3	0.391579409933453	0.0725818297043011	139	139	3.16594326814395e-07	9.10125608504923e-07
COG1589	log_NO2NO3	log_NO2NO3	-0.119614546084383	0.0221888483759513	139	139	3.22772041248752e-07	9.27236045769142e-07
COG0769	log_NO2NO3	log_NO2NO3	-0.109043089946466	0.0202532427716158	139	139	3.32841518237813e-07	9.55494728805685e-07
COG1486	log_NO2NO3	log_NO2NO3	-0.336170916222805	0.0624568522188368	139	139	3.35161681311484e-07	9.61483370689649e-07
COG0304	log_NO2NO3	log_NO2NO3	-0.0819461111492191	0.0152409516422598	139	139	3.44007848796156e-07	9.86171837302587e-07
COG0051	log_NO2NO3	log_NO2NO3	-0.0534969031499573	0.00995612033546165	139	139	3.49409874779209e-07	1.00095939023221e-06
COG0823	log_NO2NO3	log_NO2NO3	0.0858757775786927	0.0159825244202852	139	139	3.49668546326101e-07	1.00100236118998e-06
COG3321	log_NO2NO3	log_NO2NO3	0.329796773449868	0.0613833760141362	139	139	3.50250732463276e-07	1.00197075832809e-06
COG1918	log_NO2NO3	log_NO2NO3	0.508523588590048	0.0946702167954158	139	139	3.52177930488544e-07	1.00678283816767e-06
COG0133	log_NO2NO3	log_NO2NO3	-0.07335694882758	0.0136645754443654	139	139	3.57196633621777e-07	1.02041986851061e-06
COG0773	log_NO2NO3	log_NO2NO3	-0.0965200108183011	0.0179825217953414	139	139	3.58766748726811e-07	1.02419305334937e-06
COG1513	log_NO2NO3	log_NO2NO3	-0.503754651545924	0.0938762644735826	139	139	3.60850703729793e-07	1.02942686869582e-06
COG0552	log_NO2NO3	log_NO2NO3	-0.0404801008456176	0.007548115095765	139	139	3.66139998008144e-07	1.04379119487679e-06
COG2982	log_NO2NO3	log_NO2NO3	0.414534636572237	0.0772992837084359	139	139	3.66502783199511e-07	1.04410085532843e-06
COG2183	log_NO2NO3	log_NO2NO3	0.418307994586644	0.0780260705996912	139	139	3.69152820762843e-07	1.05092154379332e-06
COG0710	log_NO2NO3	log_NO2NO3	0.618075863348894	0.115348164040295	139	139	3.73827494824286e-07	1.0634926237799e-06
COG1898	log_NO2NO3	log_NO2NO3	0.0805843471366942	0.0150459453338409	139	139	3.78020557345178e-07	1.07467712773287e-06
COG3713	log_NO2NO3	log_NO2NO3	0.422262114141621	0.0788513903813377	139	139	3.79254966568609e-07	1.07744080405522e-06
COG0403	log_NO2NO3	log_NO2NO3	-0.101189818336457	0.018918378268123	139	139	3.90400719937826e-07	1.10833874050075e-06
COG1664	log_NO2NO3	log_NO2NO3	0.125292533017331	0.0234257238619306	139	139	3.90851715512747e-07	1.10885279511489e-06
COG0518	log_NO2NO3	log_NO2NO3	0.0479902413326347	0.00897661046467467	139	139	3.95041199985065e-07	1.11996497552702e-06
COG3043	log_NO2NO3	log_NO2NO3	0.815460294315762	0.152602035901077	139	100	3.99415728878771e-07	1.13158607878206e-06
COG2906	log_NO2NO3	log_NO2NO3	0.409599532868278	0.0766674594014873	139	139	4.01510155333312e-07	1.13673584983408e-06
COG3816	log_NO2NO3	log_NO2NO3	-0.179982635031291	0.0336904774662006	139	139	4.02066928419663e-07	1.13752819693387e-06
COG0858	log_NO2NO3	log_NO2NO3	-0.0954621652288897	0.0178766543676489	139	139	4.06070629543078e-07	1.14796912225505e-06
COG2306	log_NO2NO3	log_NO2NO3	0.934071342702441	0.174922590975989	139	83	4.06316237526497e-07	1.14796912225505e-06
COG3409	log_NO2NO3	log_NO2NO3	-0.390493262129462	0.0731499302516076	139	139	4.09361412440272e-07	1.15577778852552e-06
COG0157	log_NO2NO3	log_NO2NO3	-0.0515728111678984	0.00966233719585299	139	139	4.10749615531225e-07	1.1589007009631e-06
COG2919	log_NO2NO3	log_NO2NO3	0.219061300546893	0.0411237168214419	139	139	4.30917465982541e-07	1.21496839413609e-06
COG3770	log_NO2NO3	log_NO2NO3	-0.595492486673956	0.111803637768129	139	139	4.32181121523461e-07	1.21769550563675e-06
COG0598	log_NO2NO3	log_NO2NO3	0.445675210635914	0.0837053916644779	139	139	4.35907522788407e-07	1.22735305251184e-06
COG1178	log_NO2NO3	log_NO2NO3	-0.136531468284497	0.0256458701195627	139	139	4.37106907774329e-07	1.22988710762804e-06
COG2268	log_NO2NO3	log_NO2NO3	0.284565572051062	0.0534636746931636	139	139	4.39328647375629e-07	1.23483501617538e-06
COG2377	log_NO2NO3	log_NO2NO3	-0.125063734802168	0.0234970600846323	139	139	4.39466600206526e-07	1.23483501617538e-06
COG3311	log_NO2NO3	log_NO2NO3	0.389687105358649	0.0732202254239513	139	139	4.40265715101768e-07	1.23623483092144e-06
COG3356	log_NO2NO3	log_NO2NO3	1.18136986788064	0.222045679657007	139	135	4.4371673216656e-07	1.24507399982256e-06
COG1762	log_NO2NO3	log_NO2NO3	0.162937257277787	0.0306542564801218	139	139	4.53964509137319e-07	1.27295986589495e-06
COG4094	log_NO2NO3	log_NO2NO3	-0.470628364251536	0.0885566903750464	139	139	4.55791822785686e-07	1.27721201091651e-06
COG1720	log_NO2NO3	log_NO2NO3	0.414211905926661	0.0779574798633993	139	139	4.58106229645242e-07	1.28282235268075e-06
COG0167	log_NO2NO3	log_NO2NO3	0.0410102361817407	0.00771863356981103	139	139	4.58432874904703e-07	1.28286256819381e-06
COG3295	log_NO2NO3	log_NO2NO3	0.657667838186182	0.123808375881226	139	139	4.60844415551634e-07	1.2880975311916e-06
COG5474	log_NO2NO3	log_NO2NO3	-1.0862813458194	0.204498037543786	139	133	4.60930713449769e-07	1.2880975311916e-06
COG1033	log_NO2NO3	log_NO2NO3	0.0770927422193814	0.0145138016762788	139	139	4.61460601651497e-07	1.28870166661071e-06
COG3177	log_NO2NO3	log_NO2NO3	0.432110831376597	0.0813978592176297	139	139	4.67856875372013e-07	1.30567666034527e-06
COG5571	log_NO2NO3	log_NO2NO3	0.807667179513658	0.152153684772214	139	122	4.68686466989428e-07	1.3071038739936e-06
COG0606	log_NO2NO3	log_NO2NO3	0.376411976885141	0.0709766867096101	139	139	4.79163469396738e-07	1.33541623628345e-06
COG0329	log_NO2NO3	log_NO2NO3	-0.045603618681718	0.00860073655935877	139	139	4.8138011584508e-07	1.34068441755362e-06
COG2077	log_NO2NO3	log_NO2NO3	0.261952869541352	0.0494053228909496	139	139	4.817566589391e-07	1.34082408870042e-06
COG1159	log_NO2NO3	log_NO2NO3	-0.120460590345822	0.0227237864276197	139	139	4.84013151710559e-07	1.34619230008597e-06
COG3026	log_NO2NO3	log_NO2NO3	0.459979235902355	0.0868384841683815	139	139	4.93078029943052e-07	1.37047668944929e-06
COG1990	log_NO2NO3	log_NO2NO3	0.87267908539865	0.164798762012502	139	137	4.96477502887482e-07	1.37899227982541e-06
COG1502	log_NO2NO3	log_NO2NO3	0.304193560438377	0.0574955291321211	139	139	5.07045353408056e-07	1.40739345391912e-06
COG1735	log_NO2NO3	log_NO2NO3	0.477777386429468	0.0903198525438838	139	139	5.09090222016119e-07	1.41211521407307e-06
COG0731	log_NO2NO3	log_NO2NO3	0.615279068619313	0.116364739835184	139	139	5.14452783183273e-07	1.42602701303433e-06
COG4425	log_NO2NO3	log_NO2NO3	-0.572634731993922	0.108617089839362	139	138	5.51382715246203e-07	1.52736358343318e-06
COG1278	log_NO2NO3	log_NO2NO3	0.078066224506212	0.0148122847333328	139	139	5.55549271075249e-07	1.53786819782825e-06
COG3116	log_NO2NO3	log_NO2NO3	0.417349876905405	0.079212804805237	139	139	5.59679083736473e-07	1.5482570208683e-06
COG1296	log_NO2NO3	log_NO2NO3	-0.202924120399837	0.0385374000165367	139	139	5.674447317028e-07	1.56868301334798e-06
COG1650	log_NO2NO3	log_NO2NO3	1.02601153613043	0.194892395403418	139	134	5.70345420489687e-07	1.57564155169579e-06
COG3392	log_NO2NO3	log_NO2NO3	0.20940073633586	0.0397856256307738	139	139	5.73615511806822e-07	1.58361056619787e-06
COG4771	log_NO2NO3	log_NO2NO3	0.18047800663648	0.0342931673842419	139	139	5.74716092017727e-07	1.58558341572117e-06
COG2602	log_NO2NO3	log_NO2NO3	0.615320265743675	0.116944069226174	139	138	5.77643854601222e-07	1.59259124476632e-06
COG2319	log_NO2NO3	log_NO2NO3	-0.240016540779654	0.045621837786349	139	139	5.79357531662884e-07	1.5962446278143e-06
COG5515	log_NO2NO3	log_NO2NO3	-0.515702652115663	0.0981399038229478	139	139	5.9573885831057e-07	1.64027830424921e-06
COG0187	log_NO2NO3	log_NO2NO3	-0.0724360730313057	0.0137861443958196	139	139	5.97083656607447e-07	1.64287988033717e-06
COG0373	log_NO2NO3	log_NO2NO3	0.109497412916136	0.0208496593000287	139	139	6.03813312943733e-07	1.65918780642942e-06
COG3741	log_NO2NO3	log_NO2NO3	0.160678440338847	0.0305951696759399	139	139	6.03818347276528e-07	1.65918780642942e-06
COG5301	log_NO2NO3	log_NO2NO3	-0.426941342931731	0.0814584957435727	139	139	6.32957105149464e-07	1.73809344114572e-06
COG2825	log_NO2NO3	log_NO2NO3	0.153292872537908	0.0292755344905185	139	139	6.47254608802536e-07	1.77616695588565e-06
COG2863	log_NO2NO3	log_NO2NO3	0.168684832496462	0.0322199178555203	139	139	6.49541041862958e-07	1.78125140185116e-06
COG2954	log_NO2NO3	log_NO2NO3	-0.184953390817478	0.0353345361262202	139	139	6.5264823651306e-07	1.78857835596775e-06
COG2808	log_NO2NO3	log_NO2NO3	0.427600239182676	0.081725185578808	139	139	6.59027360750035e-07	1.80485626530743e-06
COG3487	log_NO2NO3	log_NO2NO3	0.348100600765175	0.066584994311219	139	139	6.71666688281534e-07	1.83824567319157e-06
COG2101	log_NO2NO3	log_NO2NO3	0.782830852840772	0.149844453202276	139	139	6.82608138653893e-07	1.86694689320252e-06
COG0434	log_NO2NO3	log_NO2NO3	0.198268587334967	0.0379654183219707	139	139	6.88545578142935e-07	1.88193295742593e-06
COG1746	log_NO2NO3	log_NO2NO3	1.17941750422981	0.225861809340008	139	135	6.90058577511246e-07	1.8848142529363e-06
COG3067	log_NO2NO3	log_NO2NO3	-0.35884119514021	0.068744082152904	139	139	6.95916569110861e-07	1.89955167169928e-06
COG1395	log_NO2NO3	log_NO2NO3	0.916651766591338	0.175628381513606	139	62	6.98055147413033e-07	1.90286034875431e-06
COG2723	log_NO2NO3	log_NO2NO3	-0.190917957983828	0.0365792418711883	139	139	6.97965452154185e-07	1.90286034875431e-06
COG1204	log_NO2NO3	log_NO2NO3	0.635319849429843	0.121732537175892	139	139	6.98950150393129e-07	1.90403661658818e-06
COG0351	log_NO2NO3	log_NO2NO3	-0.086956105093014	0.0166758100241712	139	139	7.13024717922884e-07	1.93893602417051e-06
COG0556	log_NO2NO3	log_NO2NO3	-0.0689438214327102	0.0132216669654576	139	139	7.1317729613477e-07	1.93893602417051e-06
COG1812	log_NO2NO3	log_NO2NO3	0.894104758079553	0.171460600235159	139	82	7.12608265650634e-07	1.93893602417051e-06
COG0784	log_NO2NO3	log_NO2NO3	0.306861051390758	0.0588661468146277	139	139	7.18264897640527e-07	1.95029720372278e-06
COG1897	log_NO2NO3	log_NO2NO3	-0.17442009543612	0.0334596521989647	139	139	7.18305664370148e-07	1.95029720372278e-06
COG5009	log_NO2NO3	log_NO2NO3	-0.114643880200313	0.0219974946433595	139	139	7.22055292746392e-07	1.9591830532379e-06
COG2923	log_NO2NO3	log_NO2NO3	0.266223747843348	0.0510843088194675	139	139	7.22764789949482e-07	1.95981370106434e-06
COG4682	log_NO2NO3	log_NO2NO3	0.703764904975106	0.135075896084653	139	135	7.27004955839884e-07	1.97001079062681e-06
COG2878	log_NO2NO3	log_NO2NO3	0.347501177413038	0.0667046601917865	139	139	7.28934548978513e-07	1.97393746025295e-06
COG2159	log_NO2NO3	log_NO2NO3	0.320430258114868	0.0615112101608444	139	139	7.29746611525843e-07	1.97483470365492e-06
COG0430	log_NO2NO3	log_NO2NO3	0.91653831947422	0.175952601804063	139	135	7.30694392872563e-07	1.97555060882567e-06
COG3510	log_NO2NO3	log_NO2NO3	0.147636778761159	0.0283430620621353	139	139	7.30972961396062e-07	1.97555060882567e-06
COG3667	log_NO2NO3	log_NO2NO3	0.567718503393265	0.109027239425125	139	139	7.36838057553894e-07	1.99009253151308e-06
COG0788	log_NO2NO3	log_NO2NO3	-0.184133519779803	0.0353736378298722	139	139	7.42554656614886e-07	2.00421453966751e-06
COG2985	log_NO2NO3	log_NO2NO3	0.822493199883266	0.158018383612117	139	137	7.43681044631234e-07	2.00593679011498e-06
COG0137	log_NO2NO3	log_NO2NO3	-0.0428717913382537	0.00823731056355457	139	139	7.45209426085928e-07	2.00874036900328e-06
COG0231	log_NO2NO3	log_NO2NO3	-0.0289310501702941	0.00556386322820205	139	139	7.61194859673289e-07	2.05048425150024e-06
COG2608	log_NO2NO3	log_NO2NO3	0.6068545594532	0.116738693899993	139	139	7.65988508538348e-07	2.06204508065238e-06
COG3671	log_NO2NO3	log_NO2NO3	0.64925430722526	0.124931851248321	139	138	7.71226926812878e-07	2.07478730540098e-06
COG1969	log_NO2NO3	log_NO2NO3	0.905318746300727	0.174248517012418	139	118	7.7571959869346e-07	2.08550792633032e-06
COG1373	log_NO2NO3	log_NO2NO3	0.553798848211986	0.106634876901461	139	139	7.83160783194183e-07	2.10413636191086e-06
COG2249	log_NO2NO3	log_NO2NO3	-0.239415178831578	0.0461200416421415	139	139	7.91136106586263e-07	2.12417459206299e-06
COG5635	log_NO2NO3	log_NO2NO3	-0.713702591839231	0.137519929417981	139	139	7.95783758705844e-07	2.13525779279138e-06
COG0827	log_NO2NO3	log_NO2NO3	0.17362545631859	0.0334560337604859	139	139	7.9631968082116e-07	2.13530107624891e-06
COG1970	log_NO2NO3	log_NO2NO3	-0.256297753748382	0.0494070183503523	139	139	8.04078718016476e-07	2.1547001784812e-06
COG3799	log_NO2NO3	log_NO2NO3	0.851667777518251	0.164216881516553	139	51	8.08513397583095e-07	2.16517147149371e-06
COG3266	log_NO2NO3	log_NO2NO3	0.64562400706784	0.124508393449083	139	139	8.11577741981993e-07	2.17196180069187e-06
COG1680	log_NO2NO3	log_NO2NO3	0.0793652616727018	0.0153134340171659	139	139	8.21229583835668e-07	2.19636141301883e-06
COG4672	log_NO2NO3	log_NO2NO3	-0.585770614260146	0.113032040754373	139	138	8.2261560801546e-07	2.19863690157938e-06
COG1756	log_NO2NO3	log_NO2NO3	1.44677328869114	0.27923220733532	139	112	8.26589613993941e-07	2.20782193386678e-06
COG1002	log_NO2NO3	log_NO2NO3	0.193184883174915	0.0372868806556864	139	139	8.27372437599349e-07	2.2084769159572e-06
COG5260	log_NO2NO3	log_NO2NO3	-1.25947234142411	0.243208407144545	139	122	8.3648444049698e-07	2.23134940361143e-06
COG0269	log_NO2NO3	log_NO2NO3	0.450908546374217	0.0870815955382061	139	139	8.38608618153102e-07	2.23556405150743e-06
COG1609	log_NO2NO3	log_NO2NO3	0.194327653232376	0.0375436822191932	139	139	8.45925519476498e-07	2.25360702594647e-06
COG1570	log_NO2NO3	log_NO2NO3	0.0797375811541975	0.0154162063106591	139	139	8.59988640857612e-07	2.28958738602921e-06
COG2118	log_NO2NO3	log_NO2NO3	0.903336011548	0.174664913089966	139	133	8.61892150324173e-07	2.29316901135473e-06
COG0662	log_NO2NO3	log_NO2NO3	-0.0867667049196267	0.0167776492064056	139	139	8.6287773193576e-07	2.29430532219554e-06
COG0102	log_NO2NO3	log_NO2NO3	-0.0427250079448535	0.00826916592813385	139	139	8.81343167087609e-07	2.34188727709955e-06
COG4226	log_NO2NO3	log_NO2NO3	0.65105764773993	0.126169046676251	139	133	9.07414614303056e-07	2.40960519428374e-06
COG1427	log_NO2NO3	log_NO2NO3	0.359712778787894	0.0697248188684389	139	139	9.12109314323806e-07	2.42050714679728e-06
COG4973	log_NO2NO3	log_NO2NO3	0.112118819829513	0.0217400513183805	139	139	9.1935271273491e-07	2.43815425688509e-06
COG5387	log_NO2NO3	log_NO2NO3	-0.270688232606041	0.0525660262864853	139	139	9.51436922265582e-07	2.52161475914001e-06
COG5501	log_NO2NO3	log_NO2NO3	-0.131519588907073	0.0255417131902232	139	139	9.52624902709726e-07	2.52313546120668e-06
COG4529	log_NO2NO3	log_NO2NO3	-0.390179206912587	0.0757928159432374	139	139	9.57847205993015e-07	2.53533268184234e-06
COG4175	log_NO2NO3	log_NO2NO3	0.113985530568963	0.0221481830768871	139	139	9.64111269253378e-07	2.55026986097416e-06
COG3410	log_NO2NO3	log_NO2NO3	0.359983351397125	0.0699799509118626	139	139	9.74401898235662e-07	2.57583204501422e-06
COG2128	log_NO2NO3	log_NO2NO3	0.149106199673611	0.0289970821893913	139	139	9.82970465851409e-07	2.5968120088216e-06
COG2008	log_NO2NO3	log_NO2NO3	0.119852955834519	0.0233119373235572	139	139	9.86627225842268e-07	2.60479732889463e-06
COG2191	log_NO2NO3	log_NO2NO3	0.992084487717485	0.193169177029834	139	66	1.01059679510045e-06	2.66636585373966e-06
COG4085	log_NO2NO3	log_NO2NO3	0.830415070597221	0.16179112081221	139	134	1.02494641869878e-06	2.70249030039447e-06
COG1767	log_NO2NO3	log_NO2NO3	-0.171974773096665	0.0335110388942893	139	139	1.02835490516946e-06	2.70973826198599e-06
COG0611	log_NO2NO3	log_NO2NO3	-0.0804258059347226	0.0156738334878529	139	139	1.03139626039925e-06	2.71601015238468e-06
COG5278	log_NO2NO3	log_NO2NO3	0.574653040903923	0.112016691026779	139	139	1.03663438903012e-06	2.72805513781918e-06
COG4134	log_NO2NO3	log_NO2NO3	-0.260542726110289	0.0508030442682794	139	139	1.04388112086032e-06	2.7453672499963e-06
COG2917	log_NO2NO3	log_NO2NO3	-0.111963624532584	0.0218361452678361	139	139	1.04868774012892e-06	2.7562439132755e-06
COG5013	log_NO2NO3	log_NO2NO3	0.93173324770226	0.18173426465272	139	139	1.05121247526601e-06	2.76111307441994e-06
COG1951	log_NO2NO3	log_NO2NO3	0.282493422934221	0.0551125121215997	139	139	1.05651207652701e-06	2.77148889551276e-06
COG3449	log_NO2NO3	log_NO2NO3	0.834360346744585	0.16277455470708	139	136	1.05601713926887e-06	2.77148889551276e-06
COG1688	log_NO2NO3	log_NO2NO3	0.681730388147312	0.13300743626798	139	74	1.05768912052717e-06	2.77280593945476e-06
COG3306	log_NO2NO3	log_NO2NO3	-0.356468239371422	0.0695515460476722	139	139	1.0589376047526e-06	2.77430846959418e-06
COG4286	log_NO2NO3	log_NO2NO3	0.897185246873125	0.175064682031262	139	130	1.0606171533453e-06	2.77693770933236e-06
COG0078	log_NO2NO3	log_NO2NO3	-0.0564689348297217	0.0110200731554256	139	139	1.06384696103662e-06	2.78321572263676e-06
COG0639	log_NO2NO3	log_NO2NO3	0.133953195607934	0.0261419158733361	139	139	1.06436998545822e-06	2.78321572263676e-06
COG3768	log_NO2NO3	log_NO2NO3	0.680256916938756	0.132823865029673	139	139	1.07654460779738e-06	2.81326033640688e-06
COG4334	log_NO2NO3	log_NO2NO3	0.733957218561786	0.143408676291672	139	88	1.09353386521518e-06	2.85584050750411e-06
COG3946	log_NO2NO3	log_NO2NO3	0.733285556351211	0.143311714430165	139	74	1.09944420084536e-06	2.8694515737438e-06
COG1998	log_NO2NO3	log_NO2NO3	0.839220463752438	0.164021949177052	139	132	1.10043380807468e-06	2.87021084671162e-06
COG1289	log_NO2NO3	log_NO2NO3	0.525435455057524	0.102801827894509	139	139	1.12672734620923e-06	2.93692635674334e-06
COG3019	log_NO2NO3	log_NO2NO3	-0.196958442885291	0.0385634993720617	139	139	1.14556650489681e-06	2.98413899943951e-06
COG4878	log_NO2NO3	log_NO2NO3	0.928129358414916	0.181843208750535	139	112	1.16267577534667e-06	3.02678839361479e-06
COG1294	log_NO2NO3	log_NO2NO3	0.569064605261756	0.111562776160265	139	139	1.17895180943341e-06	3.06721598046387e-06
COG0232	log_NO2NO3	log_NO2NO3	-0.0879774141206299	0.0172494655823852	139	139	1.18179795380826e-06	3.07267467990147e-06
COG1649	log_NO2NO3	log_NO2NO3	0.237855980822657	0.0467140676368311	139	139	1.22705963218613e-06	3.18833710880495e-06
COG5293	log_NO2NO3	log_NO2NO3	0.77674328239867	0.152675530695164	139	128	1.24988712614854e-06	3.24559817586486e-06
COG0835	log_NO2NO3	log_NO2NO3	0.391721633523373	0.0771209966922855	139	139	1.29583201287831e-06	3.36277821156292e-06
COG3482	log_NO2NO3	log_NO2NO3	-0.691813502973424	0.136212042333975	139	115	1.29791943087072e-06	3.36606882703087e-06
COG3155	log_NO2NO3	log_NO2NO3	0.466233992149928	0.0918364465479193	139	139	1.3102616061807e-06	3.39593355090872e-06
COG4694	log_NO2NO3	log_NO2NO3	0.725305242197095	0.142871577852917	139	137	1.31119415755503e-06	3.39620781792943e-06
COG3126	log_NO2NO3	log_NO2NO3	0.851520498668333	0.167824675464472	139	129	1.32711477077276e-06	3.43527881432544e-06
COG2959	log_NO2NO3	log_NO2NO3	0.382747974589575	0.0754510743465516	139	139	1.33336554736516e-06	3.44928568550132e-06
COG1114	log_NO2NO3	log_NO2NO3	0.732931254249082	0.144487224461008	139	139	1.33429919000618e-06	3.44952868001598e-06
COG0699	log_NO2NO3	log_NO2NO3	0.701609117809958	0.138385838481008	139	138	1.35010253588469e-06	3.48818944491467e-06
COG3586	log_NO2NO3	log_NO2NO3	0.202014387932919	0.0398586193183751	139	139	1.36004242383997e-06	3.51166202208335e-06
COG0462	log_NO2NO3	log_NO2NO3	-0.036076460461494	0.00712197258413393	139	139	1.37656461027212e-06	3.55209008731021e-06
COG3308	log_NO2NO3	log_NO2NO3	0.613959810605255	0.121220203790102	139	139	1.38069479302046e-06	3.56051111721786e-06
COG0549	log_NO2NO3	log_NO2NO3	0.499572923114632	0.0986405898949898	139	139	1.38222499110737e-06	3.56222099339339e-06
COG3518	log_NO2NO3	log_NO2NO3	0.579836949320253	0.114502167551582	139	138	1.38583070807423e-06	3.56927432524698e-06
COG1139	log_NO2NO3	log_NO2NO3	0.739008432504619	0.145962962548722	139	139	1.39188571576697e-06	3.58262313306435e-06
COG2949	log_NO2NO3	log_NO2NO3	0.520879253667647	0.10298332820466	139	139	1.42320571309459e-06	3.66094494013312e-06
COG1160	log_NO2NO3	log_NO2NO3	-0.0760589032047096	0.0150416306582922	139	139	1.43156361168597e-06	3.68013974768833e-06
COG5605	log_NO2NO3	log_NO2NO3	0.434205287765509	0.0858736263312876	139	139	1.43300962130173e-06	3.68155317342557e-06
COG5659	log_NO2NO3	log_NO2NO3	0.871898673345014	0.17247674863098	139	139	1.44030987572407e-06	3.69799560592156e-06
COG2452	log_NO2NO3	log_NO2NO3	0.768961642899957	0.15212876915551	139	134	1.44340092986285e-06	3.70361712671868e-06
COG4735	log_NO2NO3	log_NO2NO3	0.861042515391906	0.170443694126041	139	120	1.46184348161664e-06	3.74859739231033e-06
COG2264	log_NO2NO3	log_NO2NO3	-0.119099896194916	0.0235857551420546	139	139	1.4754294793944e-06	3.78107567146114e-06
COG1917	log_NO2NO3	log_NO2NO3	0.227051495244665	0.0449810065497806	139	139	1.48794921782792e-06	3.81078266012287e-06
COG0389	log_NO2NO3	log_NO2NO3	-0.0561465215419677	0.0111261286657615	139	139	1.49676691790221e-06	3.83097725778336e-06
COG0478	log_NO2NO3	log_NO2NO3	0.71942361761557	0.142574156590936	139	61	1.49941952852394e-06	3.83537697582587e-06
COG1243	log_NO2NO3	log_NO2NO3	1.00928989036554	0.200106992519394	139	137	1.51395523840799e-06	3.87014817634102e-06
COG3635	log_NO2NO3	log_NO2NO3	0.939100924993725	0.186224763357593	139	139	1.52001651422014e-06	3.88322626891563e-06
COG0471	log_NO2NO3	log_NO2NO3	0.075967501785814	0.01506835085544	139	139	1.52872341298473e-06	3.9006184972306e-06
COG4680	log_NO2NO3	log_NO2NO3	0.642367966805816	0.12741259435474	139	137	1.52799584629311e-06	3.9006184972306e-06
COG0864	log_NO2NO3	log_NO2NO3	0.915928733251614	0.181746998801961	139	137	1.54176205705248e-06	3.93144539439577e-06
COG2193	log_NO2NO3	log_NO2NO3	-0.183001875365805	0.0363460527931773	139	139	1.57297567688376e-06	4.00855091851022e-06
COG0805	log_NO2NO3	log_NO2NO3	-0.0378946923867877	0.00752971235950154	139	139	1.58881831682122e-06	4.04641391537606e-06
COG2260	log_NO2NO3	log_NO2NO3	1.06205342232542	0.211045047536585	139	93	1.59113181475279e-06	4.04979522614898e-06
COG1391	log_NO2NO3	log_NO2NO3	0.189620175074605	0.0376919915865439	139	139	1.60207693754948e-06	4.07512821018778e-06
COG4927	log_NO2NO3	log_NO2NO3	0.731763004541796	0.145517625620228	139	119	1.61674815324315e-06	4.10990186480376e-06
COG0504	log_NO2NO3	log_NO2NO3	-0.0457102357800761	0.00909093722227233	139	139	1.62083553482344e-06	4.11519924416236e-06
COG1020	log_NO2NO3	log_NO2NO3	0.223607980000388	0.0444713038103158	139	139	1.62062022618018e-06	4.11519924416236e-06
COG0813	log_NO2NO3	log_NO2NO3	-0.413733707243548	0.0822980985065419	139	139	1.62687206599528e-06	4.12797433422397e-06
COG1308	log_NO2NO3	log_NO2NO3	1.09134930742877	0.217171726987492	139	132	1.64092652336163e-06	4.16106552961086e-06
COG1992	log_NO2NO3	log_NO2NO3	0.861468732275977	0.171523026835617	139	137	1.66117233726267e-06	4.20980626864593e-06
COG2851	log_NO2NO3	log_NO2NO3	0.839561810073588	0.167207193745658	139	121	1.67118557469763e-06	4.23257111026995e-06
COG3073	log_NO2NO3	log_NO2NO3	0.537140753781402	0.10705518731703	139	139	1.69807695794552e-06	4.29802843083191e-06
COG1203	log_NO2NO3	log_NO2NO3	0.549736001169364	0.109571977308264	139	139	1.70027303030133e-06	4.30093695103317e-06
COG0309	log_NO2NO3	log_NO2NO3	0.593300375691003	0.118261819890794	139	139	1.70237813889429e-06	4.30361193512476e-06
COG1523	log_NO2NO3	log_NO2NO3	-0.418852605274268	0.0835524233549952	139	139	1.73065177460713e-06	4.37239698037275e-06
COG1182	log_NO2NO3	log_NO2NO3	-0.363142526868567	0.0724661061341003	139	139	1.74460422598773e-06	4.40493802111714e-06
COG3219	log_NO2NO3	log_NO2NO3	0.597758880701329	0.119299434482073	139	138	1.74938390529394e-06	4.41429304849356e-06
COG3493	log_NO2NO3	log_NO2NO3	0.818472906923491	0.16336956901592	139	95	1.75417341641567e-06	4.42366138406112e-06
COG5461	log_NO2NO3	log_NO2NO3	0.655620004208094	0.130900580744014	139	133	1.76498364532933e-06	4.44819191105086e-06
COG0474	log_NO2NO3	log_NO2NO3	0.40872257921346	0.0816469991364601	139	139	1.78474794604262e-06	4.49524497997736e-06
COG0793	log_NO2NO3	log_NO2NO3	-0.0540628746369518	0.0108043051855306	139	139	1.80145827516854e-06	4.53455306028944e-06
COG2172	log_NO2NO3	log_NO2NO3	-0.361471353056663	0.0722859778728118	139	139	1.82709700683308e-06	4.59627342564012e-06
COG3488	log_NO2NO3	log_NO2NO3	0.244413132901117	0.0488864036061903	139	139	1.83472908978264e-06	4.61264816452085e-06
COG1547	log_NO2NO3	log_NO2NO3	-0.578180012483527	0.115769366447233	139	136	1.87802914115551e-06	4.71862000725799e-06
COG3183	log_NO2NO3	log_NO2NO3	0.241587758093265	0.0483866980274844	139	139	1.88935175464501e-06	4.74416687535557e-06
COG3427	log_NO2NO3	log_NO2NO3	0.226406092815827	0.0453570724566961	139	139	1.89935087597722e-06	4.76636126970948e-06
COG4275	log_NO2NO3	log_NO2NO3	0.579176354096152	0.116048696021943	139	139	1.90623177345546e-06	4.78070825723751e-06
COG0753	log_NO2NO3	log_NO2NO3	0.645175330868514	0.129280198037687	139	139	1.90859088196519e-06	4.78370429720135e-06
COG3021	log_NO2NO3	log_NO2NO3	0.270681665523503	0.05424604152916	139	139	1.91382546095065e-06	4.79389938633247e-06
COG2938	log_NO2NO3	log_NO2NO3	0.139596558238326	0.0279827708110939	139	139	1.92403540972463e-06	4.81419725468875e-06
COG4225	log_NO2NO3	log_NO2NO3	0.386534423774652	0.0774830408734695	139	139	1.92427261251191e-06	4.81419725468875e-06
COG1505	log_NO2NO3	log_NO2NO3	0.120322649748205	0.0241534095547335	139	139	1.98382583506094e-06	4.96016830823515e-06
COG2831	log_NO2NO3	log_NO2NO3	-0.18373717281988	0.0369278507596334	139	139	2.03631274718472e-06	5.08830460184601e-06
COG3955	log_NO2NO3	log_NO2NO3	-0.67192545432004	0.135108008951768	139	111	2.05691246979476e-06	5.1366543622595e-06
COG4826	log_NO2NO3	log_NO2NO3	0.614001017567778	0.12347844699529	139	138	2.06324930181955e-06	5.14934880429812e-06
COG0365	log_NO2NO3	log_NO2NO3	-0.0467256245296735	0.00940496406674195	139	139	2.10243680883277e-06	5.24396503380998e-06
COG4945	log_NO2NO3	log_NO2NO3	-0.877640570432972	0.176698351181163	139	135	2.11430496077954e-06	5.27036697747715e-06
COG3967	log_NO2NO3	log_NO2NO3	0.593469558065097	0.11958567895148	139	139	2.1527883991894e-06	5.36304108178901e-06
COG3051	log_NO2NO3	log_NO2NO3	1.21061891745051	0.243961621122101	139	112	2.15633513351432e-06	5.36862104756172e-06
COG3068	log_NO2NO3	log_NO2NO3	0.708558977802681	0.142838515835636	139	137	2.17293022430662e-06	5.4057892584186e-06
COG3256	log_NO2NO3	log_NO2NO3	0.594258146942516	0.119799076027126	139	139	2.17389577772822e-06	5.4057892584186e-06
COG3255	log_NO2NO3	log_NO2NO3	-0.206224954099268	0.0415828200659844	139	139	2.18404693481438e-06	5.42774640545522e-06
COG2388	log_NO2NO3	log_NO2NO3	0.547381017442608	0.110543135199078	139	139	2.25728888527403e-06	5.60637408748834e-06
COG2966	log_NO2NO3	log_NO2NO3	0.678407135175149	0.137070594897133	139	139	2.28093944742065e-06	5.66169138973054e-06
COG4977	log_NO2NO3	log_NO2NO3	0.258021443603866	0.0521699860533808	139	139	2.31607827738782e-06	5.74544055767461e-06
COG1768	log_NO2NO3	log_NO2NO3	0.793400938997136	0.160439622010365	139	85	2.32222973400338e-06	5.7572237460989e-06
COG1836	log_NO2NO3	log_NO2NO3	-0.385271998687915	0.0779737613846576	139	139	2.3638725106769e-06	5.85692899509091e-06
COG4677	log_NO2NO3	log_NO2NO3	0.836245001252507	0.169303789534003	139	138	2.38156924213392e-06	5.89721907576019e-06
COG3605	log_NO2NO3	log_NO2NO3	0.191729867706364	0.0388290145330408	139	139	2.39719642674314e-06	5.92876756234848e-06
COG3673	log_NO2NO3	log_NO2NO3	0.563191471185923	0.114056794151264	139	139	2.39701970063304e-06	5.92876756234848e-06
COG1886	log_NO2NO3	log_NO2NO3	0.219565140586305	0.0444831769136525	139	139	2.41674482938289e-06	5.97351850728335e-06
COG3245	log_NO2NO3	log_NO2NO3	0.192937591154626	0.039110970305591	139	139	2.44641763697307e-06	6.04322528724315e-06
COG5424	log_NO2NO3	log_NO2NO3	0.349119972515917	0.0707893532901072	139	139	2.45979715733398e-06	6.07262423216825e-06
COG3324	log_NO2NO3	log_NO2NO3	0.535985416370767	0.108758154436611	139	139	2.49803195250054e-06	6.16331246899233e-06
COG4200	log_NO2NO3	log_NO2NO3	0.612992845244215	0.124453610358115	139	83	2.52787342919908e-06	6.23319570657253e-06
COG0716	log_NO2NO3	log_NO2NO3	-0.34090044070777	0.0692379075188373	139	139	2.54821359826131e-06	6.27958096080231e-06
COG1291	log_NO2NO3	log_NO2NO3	0.177836583942064	0.0361218445318363	139	139	2.55224802599223e-06	6.28575233259957e-06
COG1261	log_NO2NO3	log_NO2NO3	0.250000619349073	0.0507846474818082	139	139	2.55754822364244e-06	6.29503181708996e-06
COG1740	log_NO2NO3	log_NO2NO3	0.53500592083218	0.108777467440608	139	139	2.60648155785274e-06	6.41163247883776e-06
COG0035	log_NO2NO3	log_NO2NO3	-0.130946053177655	0.0266575818801866	139	139	2.67688243477031e-06	6.58086956435453e-06
COG1894	log_NO2NO3	log_NO2NO3	0.0980537121341488	0.0200088289720099	139	139	2.81388642237716e-06	6.91354391335249e-06
COG2113	log_NO2NO3	log_NO2NO3	0.106241116251677	0.0216951088593425	139	139	2.85661760030894e-06	7.01433658222901e-06
COG0685	log_NO2NO3	log_NO2NO3	0.0577315377443017	0.0117932136275512	139	139	2.87737879672312e-06	7.06109444261564e-06
COG1322	log_NO2NO3	log_NO2NO3	-0.0851087966475347	0.0173867450723246	139	139	2.88082806861394e-06	7.06533833186035e-06
COG1435	log_NO2NO3	log_NO2NO3	0.0961244802152283	0.0196515134801891	139	139	2.92542572493638e-06	7.17043489143118e-06
COG3916	log_NO2NO3	log_NO2NO3	0.634178965800038	0.129659814363448	139	137	2.92988452918988e-06	7.17708148235662e-06
COG3060	log_NO2NO3	log_NO2NO3	0.765843043698183	0.156665020388164	139	137	2.96380945942697e-06	7.25585772307867e-06
COG1881	log_NO2NO3	log_NO2NO3	0.447480476830773	0.0915590521117589	139	139	2.977401120401e-06	7.28479082942662e-06
COG5534	log_NO2NO3	log_NO2NO3	0.55145032921324	0.112859709164732	139	139	2.99254951728998e-06	7.31749608156383e-06
COG1934	log_NO2NO3	log_NO2NO3	0.234709614931704	0.0480386985957642	139	139	2.99656325967513e-06	7.32295173750471e-06
COG2909	log_NO2NO3	log_NO2NO3	0.55907737284049	0.114441499090293	139	139	3.00397160236514e-06	7.33669164239953e-06
COG1802	log_NO2NO3	log_NO2NO3	0.231448407512888	0.0474664003980374	139	139	3.12485115894606e-06	7.62738476586476e-06
COG4271	log_NO2NO3	log_NO2NO3	0.793410098244647	0.162795844130303	139	129	3.15703135933551e-06	7.70135678393721e-06
COG1015	log_NO2NO3	log_NO2NO3	0.166908928265529	0.0342605714439147	139	139	3.18278967403715e-06	7.75958455842411e-06
COG1014	log_NO2NO3	log_NO2NO3	0.288689740445696	0.0593177328467367	139	139	3.25029865708877e-06	7.91947027480466e-06
COG2981	log_NO2NO3	log_NO2NO3	0.277505632346071	0.0570215761057805	139	139	3.25251177369452e-06	7.92016500672027e-06
COG4744	log_NO2NO3	log_NO2NO3	0.64115324959684	0.131805152048391	139	89	3.28427350426461e-06	7.99276987886198e-06
COG4723	log_NO2NO3	log_NO2NO3	-0.586066458848001	0.120517990774764	139	137	3.30545828057393e-06	8.03956342012888e-06
COG2430	log_NO2NO3	log_NO2NO3	0.986826785546318	0.202959679097099	139	67	3.31555659479787e-06	8.05935295350867e-06
COG0842	log_NO2NO3	log_NO2NO3	0.0539430185723798	0.0110983435442352	139	139	3.34005317924725e-06	8.11409725626713e-06
COG2184	log_NO2NO3	log_NO2NO3	0.601551242902718	0.123833046615692	139	139	3.37870524325411e-06	8.20314488137582e-06
COG0087	log_NO2NO3	log_NO2NO3	-0.0393997952378541	0.00811103843400188	139	139	3.38169966410288e-06	8.20556539878005e-06
COG2995	log_NO2NO3	log_NO2NO3	0.614841584409946	0.12668437862558	139	139	3.4430941854777e-06	8.34960502594001e-06
COG2814	log_NO2NO3	log_NO2NO3	0.578661278649776	0.119311272436011	139	139	3.49217505739094e-06	8.46363134853213e-06
COG1371	log_NO2NO3	log_NO2NO3	0.999150900313891	0.206054252318721	139	134	3.50773805967016e-06	8.49633723415391e-06
COG4255	log_NO2NO3	log_NO2NO3	0.555899396452985	0.114663512462818	139	139	3.52086869183573e-06	8.52311643256404e-06
COG0010	log_NO2NO3	log_NO2NO3	0.0569691120081346	0.0117515366778657	139	139	3.52525413546356e-06	8.52646719029282e-06
COG1475	log_NO2NO3	log_NO2NO3	-0.0702914398783527	0.0144998833178026	139	139	3.52640403025986e-06	8.52646719029282e-06
COG3209	log_NO2NO3	log_NO2NO3	0.474683768115684	0.0979271529096366	139	139	3.53256051237248e-06	8.53632857930951e-06
COG3162	log_NO2NO3	log_NO2NO3	0.736071335473736	0.151922079267557	139	124	3.56668455286374e-06	8.61372142455276e-06
COG4635	log_NO2NO3	log_NO2NO3	-0.81406748390837	0.16810346547531	139	139	3.60333977968987e-06	8.69713267624323e-06
COG2848	log_NO2NO3	log_NO2NO3	0.486806289128634	0.10056327209099	139	139	3.63200737387238e-06	8.76117809269979e-06
COG1591	log_NO2NO3	log_NO2NO3	0.832752868450353	0.172046123868019	139	73	3.63986323187326e-06	8.77497544397615e-06
COG2833	log_NO2NO3	log_NO2NO3	0.368154296997853	0.0760668767837608	139	139	3.64624983288559e-06	8.78521660615484e-06
COG4188	log_NO2NO3	log_NO2NO3	-0.181178629301769	0.0374594139919067	139	139	3.69642811722712e-06	8.90089490361605e-06
COG1624	log_NO2NO3	log_NO2NO3	-0.130862172568298	0.0270658071497555	139	139	3.72328849572576e-06	8.96032169914552e-06
COG0511	log_NO2NO3	log_NO2NO3	-0.0668115287099017	0.0138433857166006	139	139	3.86392129896844e-06	9.29331890876017e-06
COG2352	log_NO2NO3	log_NO2NO3	-0.141571503535149	0.029341270439475	139	139	3.8844340408866e-06	9.33718843766072e-06
COG4833	log_NO2NO3	log_NO2NO3	0.963839573586026	0.19978783339763	139	115	3.89567163590762e-06	9.35626813026012e-06
COG5654	log_NO2NO3	log_NO2NO3	0.697929244971207	0.144671340830272	139	133	3.89692667255966e-06	9.35626813026012e-06
COG1476	log_NO2NO3	log_NO2NO3	0.227665738055238	0.0471941860871753	139	139	3.90055307128372e-06	9.35950468272987e-06
COG5507	log_NO2NO3	log_NO2NO3	0.599483812771454	0.124283494037879	139	139	3.90887422665098e-06	9.37399610220796e-06
COG2804	log_NO2NO3	log_NO2NO3	0.0760171966408663	0.0157629844386174	139	139	3.92561426067676e-06	9.40864841473753e-06
COG1993	log_NO2NO3	log_NO2NO3	0.707669347776388	0.146748945981273	139	81	3.92894941055564e-06	9.41115112452629e-06
COG0280	log_NO2NO3	log_NO2NO3	-0.0981862865910574	0.020382564431108	139	139	4.01566901102461e-06	9.61326823851345e-06
COG3540	log_NO2NO3	log_NO2NO3	-0.14877566424982	0.0308948856028404	139	139	4.04348912677749e-06	9.6731747918517e-06
COG5456	log_NO2NO3	log_NO2NO3	0.710533246458941	0.147553377165281	139	134	4.04540270019504e-06	9.6731747918517e-06
COG0374	log_NO2NO3	log_NO2NO3	0.503106476958317	0.104494023981348	139	139	4.05813350270754e-06	9.69797116295669e-06
COG4177	log_NO2NO3	log_NO2NO3	-0.0555172956753651	0.0115326126217473	139	139	4.07110427229241e-06	9.72331183173094e-06
COG5083	log_NO2NO3	log_NO2NO3	0.629746340162956	0.130835500032863	139	80	4.08270967354344e-06	9.74536393894041e-06
COG0764	log_NO2NO3	log_NO2NO3	-0.0630456655950286	0.0131085251322284	139	139	4.1481866436125e-06	9.89590634840892e-06
COG1788	log_NO2NO3	log_NO2NO3	0.136584844123823	0.0284009787892215	139	139	4.15446229187619e-06	9.90512541789169e-06
COG0776	log_NO2NO3	log_NO2NO3	-0.071941653467713	0.0149642277797599	139	139	4.18245825762176e-06	9.96608963011032e-06
COG0592	log_NO2NO3	log_NO2NO3	-0.0407126939640661	0.00847545040964478	139	139	4.25346937936469e-06	1.01294215712639e-05
COG1092	log_NO2NO3	log_NO2NO3	0.217751760612731	0.045346592532674	139	139	4.28347012128511e-06	1.01949566965465e-05
COG3066	log_NO2NO3	log_NO2NO3	0.642220144386025	0.133774688136222	139	139	4.30499223183e-06	1.0240247879767e-05
COG0632	log_NO2NO3	log_NO2NO3	0.0666769515170456	0.0138939646572745	139	139	4.33743582458127e-06	1.03054866208096e-05
COG2746	log_NO2NO3	log_NO2NO3	0.169107317792536	0.035237356643801	139	139	4.33550162927409e-06	1.03054866208096e-05
COG5328	log_NO2NO3	log_NO2NO3	-0.253769608493237	0.0529081567091089	139	139	4.38486694482159e-06	1.04121580400735e-05
COG0801	log_NO2NO3	log_NO2NO3	-0.0714134382533369	0.014889638782599	139	139	4.38921372323955e-06	1.04164586799931e-05
COG1889	log_NO2NO3	log_NO2NO3	0.761852187440347	0.15887346716867	139	136	4.40492061867764e-06	1.04476985574641e-05
COG0458	log_NO2NO3	log_NO2NO3	-0.046227811813314	0.00964715335289007	139	139	4.47023755431263e-06	1.05965007923348e-05
COG3345	log_NO2NO3	log_NO2NO3	0.446025798231921	0.0931406737148737	139	139	4.52975758250263e-06	1.07313980097583e-05
COG1682	log_NO2NO3	log_NO2NO3	0.193739058332732	0.0404639255414508	139	139	4.54486646138689e-06	1.07609864111685e-05
COG3981	log_NO2NO3	log_NO2NO3	0.536698190169428	0.112183084224899	139	138	4.61879755945706e-06	1.0929735238623e-05
COG3253	log_NO2NO3	log_NO2NO3	0.731194070570058	0.152882618264126	139	139	4.64643804382995e-06	1.09888125987642e-05
COG0255	log_NO2NO3	log_NO2NO3	0.142898300698036	0.0298815543325424	139	139	4.65740386921035e-06	1.10084091454063e-05
COG1382	log_NO2NO3	log_NO2NO3	0.710397038267818	0.14862740407636	139	73	4.70564958010566e-06	1.11160485768108e-05
COG0123	log_NO2NO3	log_NO2NO3	-0.091773760674759	0.0192125269128822	139	139	4.7646493449716e-06	1.1248953740887e-05
COG1405	log_NO2NO3	log_NO2NO3	0.705252015278092	0.147768176343649	139	139	4.84729568405409e-06	1.14375018208468e-05
COG2375	log_NO2NO3	log_NO2NO3	0.357158488919752	0.0748436431440131	139	139	4.86020494703264e-06	1.14613788303158e-05
COG2310	log_NO2NO3	log_NO2NO3	0.417626029276937	0.0875824213809197	139	139	4.93632799119455e-06	1.16342142213581e-05
COG2105	log_NO2NO3	log_NO2NO3	-0.267438749643909	0.0560909192538176	139	139	4.94521137370733e-06	1.16484680752235e-05
COG3563	log_NO2NO3	log_NO2NO3	-0.459333964851181	0.0963525586322203	139	139	4.96044947564056e-06	1.1677665585061e-05
COG2204	log_NO2NO3	log_NO2NO3	0.072286685733827	0.0151678538402253	139	139	4.99063851681281e-06	1.17420063156169e-05
COG0826	log_NO2NO3	log_NO2NO3	0.597324824454081	0.125348084061985	139	139	5.0001848935845e-06	1.17577329953321e-05
COG4679	log_NO2NO3	log_NO2NO3	0.597459487683583	0.125399088974525	139	137	5.01843565076771e-06	1.17938979710262e-05
COG3600	log_NO2NO3	log_NO2NO3	0.780977190145231	0.163946862266654	139	126	5.03676090965069e-06	1.18301965790995e-05
COG1508	log_NO2NO3	log_NO2NO3	0.0895035659943065	0.0187939333737141	139	139	5.0630361302791e-06	1.18851156703923e-05
COG3270	log_NO2NO3	log_NO2NO3	0.884622939432949	0.185938536590782	139	121	5.16547525513265e-06	1.21186592507624e-05
COG4099	log_NO2NO3	log_NO2NO3	0.204117658324717	0.0429211271671639	139	139	5.20836968274343e-06	1.22123188679852e-05
COG2369	log_NO2NO3	log_NO2NO3	0.661749235359973	0.139188765870989	139	138	5.23730234158793e-06	1.22731534622038e-05
COG3093	log_NO2NO3	log_NO2NO3	0.5266500086559	0.110839436860136	139	139	5.30075483090617e-06	1.24147667305374e-05
COG1158	log_NO2NO3	log_NO2NO3	-0.0753152507000693	0.0158514051013058	139	139	5.30383606582991e-06	1.24149051614982e-05
COG0141	log_NO2NO3	log_NO2NO3	-0.0762500415539774	0.0160637208034139	139	139	5.40759523871234e-06	1.26505701825913e-05
COG2030	log_NO2NO3	log_NO2NO3	0.0720920691283884	0.0151987196385933	139	139	5.48601310093329e-06	1.28267170282493e-05
COG5433	log_NO2NO3	log_NO2NO3	0.610662484884638	0.128776218910601	139	139	5.51502274934837e-06	1.28872090183863e-05
COG3347	log_NO2NO3	log_NO2NO3	0.152845994516454	0.0322451616888491	139	139	5.55974339242888e-06	1.29843239659453e-05
COG2703	log_NO2NO3	log_NO2NO3	0.756190107347242	0.159626752161163	139	139	5.62747126256909e-06	1.31350295151329e-05
COG3831	log_NO2NO3	log_NO2NO3	0.566981141108452	0.119692988675114	139	133	5.63402562025942e-06	1.31428604474876e-05
COG2212	log_NO2NO3	log_NO2NO3	0.630213231373016	0.133082233635373	139	136	5.66830596628918e-06	1.32078280825388e-05
COG3310	log_NO2NO3	log_NO2NO3	0.558444838668164	0.117924905665066	139	139	5.6664097077307e-06	1.32078280825388e-05
COG5039	log_NO2NO3	log_NO2NO3	0.685903659894966	0.144954406103999	139	118	5.7560486657705e-06	1.34046756910347e-05
COG2900	log_NO2NO3	log_NO2NO3	0.722313272863306	0.152677917044077	139	134	5.77775469449866e-06	1.34476012946178e-05
COG4063	log_NO2NO3	log_NO2NO3	0.997337429538909	0.21084480369071	139	75	5.79630949023687e-06	1.3483148010132e-05
COG4087	log_NO2NO3	log_NO2NO3	0.659565517675328	0.139477133471287	139	65	5.82931644519398e-06	1.35522535126524e-05
COG0599	log_NO2NO3	log_NO2NO3	0.153595735891151	0.0325642156771616	139	139	6.13362580946906e-06	1.42516599690605e-05
COG2891	log_NO2NO3	log_NO2NO3	0.172973386234413	0.0366940723949881	139	139	6.20519402678314e-06	1.44098004872952e-05
COG3633	log_NO2NO3	log_NO2NO3	0.554785443026477	0.117769179722042	139	139	6.28745362600982e-06	1.4592575986242e-05
COG0340	log_NO2NO3	log_NO2NO3	-0.0475544167792014	0.0100965181103188	139	139	6.30865632249482e-06	1.46252596912013e-05
COG3604	log_NO2NO3	log_NO2NO3	0.34484703370654	0.0732147306704356	139	139	6.30613907307654e-06	1.46252596912013e-05
COG3509	log_NO2NO3	log_NO2NO3	-0.196464830378205	0.0417137990744413	139	139	6.31271086130428e-06	1.46264050864286e-05
COG0208	log_NO2NO3	log_NO2NO3	-0.128584184923046	0.02732357340517	139	139	6.41516019913991e-06	1.48553991533635e-05
COG3637	log_NO2NO3	log_NO2NO3	0.495545159529137	0.1053450933472	139	139	6.46801712142472e-06	1.49693601886269e-05
COG3590	log_NO2NO3	log_NO2NO3	0.258450158473554	0.0549548520236373	139	139	6.49682961824721e-06	1.50275766169817e-05
COG1950	log_NO2NO3	log_NO2NO3	0.501594979524662	0.106664852944348	139	139	6.50828489443942e-06	1.50456017706005e-05
COG3403	log_NO2NO3	log_NO2NO3	0.657460993318217	0.139959190722523	139	138	6.64607628362053e-06	1.53555013347093e-05
COG5552	log_NO2NO3	log_NO2NO3	0.868393808886684	0.184988161040045	139	100	6.73544530341165e-06	1.55532373841569e-05
COG1097	log_NO2NO3	log_NO2NO3	0.774830383544561	0.165111582309554	139	137	6.77925339784474e-06	1.56456027855878e-05
COG4637	log_NO2NO3	log_NO2NO3	0.545318122293404	0.11624082087977	139	139	6.82152627647062e-06	1.57343233822242e-05
COG2177	log_NO2NO3	log_NO2NO3	0.118289140676661	0.0252281557686996	139	139	6.89318740275356e-06	1.58906923964712e-05
COG0729	log_NO2NO3	log_NO2NO3	0.411353516452953	0.0877530769101089	139	139	6.92633361849258e-06	1.5958148348159e-05
COG1306	log_NO2NO3	log_NO2NO3	-0.74278480074145	0.158488031541923	139	137	6.95330450221422e-06	1.60113087976996e-05
COG3440	log_NO2NO3	log_NO2NO3	0.1306039965019	0.0278897960786071	139	139	7.06536461717299e-06	1.62602340881494e-05
COG4952	log_NO2NO3	log_NO2NO3	-0.246955301974633	0.0527739016233103	139	139	7.16509158458718e-06	1.64805130064301e-05
COG3199	log_NO2NO3	log_NO2NO3	0.265614911390423	0.0567929118238817	139	139	7.24295762476226e-06	1.66502909471312e-05
COG2733	log_NO2NO3	log_NO2NO3	0.587437401551366	0.125654685896337	139	139	7.30015805123634e-06	1.67723989230866e-05
COG1759	log_NO2NO3	log_NO2NO3	0.894027033792068	0.191266535885534	139	137	7.32350892431294e-06	1.68166431867398e-05
COG2180	log_NO2NO3	log_NO2NO3	0.971851855212416	0.207974875071769	139	133	7.36380599501876e-06	1.68997290656632e-05
COG3230	log_NO2NO3	log_NO2NO3	0.710821951912674	0.152126599756354	139	130	7.37487219196745e-06	1.69156755804591e-05
COG4269	log_NO2NO3	log_NO2NO3	0.286790862999913	0.0613880157691001	139	139	7.39934040884751e-06	1.69623272318893e-05
COG3228	log_NO2NO3	log_NO2NO3	0.39969538356249	0.0855796196708724	139	139	7.44017643382467e-06	1.70464276576418e-05
COG0658	log_NO2NO3	log_NO2NO3	0.360059896941818	0.0771741670127999	139	139	7.5934507751757e-06	1.738790177504e-05
COG3451	log_NO2NO3	log_NO2NO3	0.520045005745913	0.111481482573649	139	139	7.61540071138206e-06	1.74284490932354e-05
COG3252	log_NO2NO3	log_NO2NO3	-0.178434994559009	0.038257462395232	139	139	7.64072287255879e-06	1.74766645659641e-05
COG5658	log_NO2NO3	log_NO2NO3	0.528395224731197	0.113329836920235	139	139	7.69180697459024e-06	1.75837190047951e-05
COG1468	log_NO2NO3	log_NO2NO3	0.692778365324866	0.148606335846879	139	132	7.71161529768915e-06	1.76191966868226e-05
COG4736	log_NO2NO3	log_NO2NO3	0.695840539959054	0.149315596616079	139	128	7.76423608481482e-06	1.77295618879485e-05
COG0036	log_NO2NO3	log_NO2NO3	-0.0325365905058905	0.00698503395529259	139	139	7.83413476819742e-06	1.78792364598639e-05
COG3800	log_NO2NO3	log_NO2NO3	-0.131983905760042	0.0283413318490016	139	139	7.87009976950949e-06	1.79513436164048e-05
COG5405	log_NO2NO3	log_NO2NO3	-0.071070200860876	0.0152724424107167	139	139	7.98361861569021e-06	1.82001694080219e-05
COG2200	log_NO2NO3	log_NO2NO3	0.398587409759443	0.0856841427415565	139	139	8.03918255565075e-06	1.83166732881937e-05
COG0590	log_NO2NO3	log_NO2NO3	-0.0731602682750393	0.0157415911673775	139	139	8.18205783469163e-06	1.86318700581559e-05
COG1608	log_NO2NO3	log_NO2NO3	0.818893322682219	0.176258094106931	139	138	8.23613292392852e-06	1.87446172030462e-05
COG0460	log_NO2NO3	log_NO2NO3	-0.046813391547022	0.0100863325475679	139	139	8.39892555080969e-06	1.91045327589846e-05
COG0282	log_NO2NO3	log_NO2NO3	0.317936044197035	0.068514719469054	139	139	8.42909226061802e-06	1.91588316263668e-05
COG2062	log_NO2NO3	log_NO2NO3	-0.162269049661767	0.0349693799221656	139	139	8.43212453273396e-06	1.91588316263668e-05
COG1846	log_NO2NO3	log_NO2NO3	0.0761971312656489	0.0164318816669444	139	139	8.54349246642644e-06	1.94011426490215e-05
COG1426	log_NO2NO3	log_NO2NO3	0.216931430418153	0.0467945427408625	139	139	8.59049439362755e-06	1.94970999828851e-05
COG5563	log_NO2NO3	log_NO2NO3	0.312866147009347	0.0674919017840296	139	139	8.59823280579193e-06	1.95038875572574e-05
COG1115	log_NO2NO3	log_NO2NO3	0.0906748804899156	0.0195621846117349	139	139	8.61241171438785e-06	1.95252689418903e-05
COG3194	log_NO2NO3	log_NO2NO3	0.144927540321961	0.0312704172721811	139	139	8.63238084372461e-06	1.9559746555996e-05
COG0535	log_NO2NO3	log_NO2NO3	0.192508237460653	0.0415404506626847	139	139	8.64732269470881e-06	1.95828013395059e-05
COG1583	log_NO2NO3	log_NO2NO3	0.642490414238901	0.138650068401058	139	81	8.65938688277545e-06	1.95993175286179e-05
COG0756	log_NO2NO3	log_NO2NO3	-0.10183460163183	0.0219897071356832	139	139	8.7635107189565e-06	1.9824064996406e-05
COG4553	log_NO2NO3	log_NO2NO3	-0.27724691416407	0.0598834698725689	139	139	8.80855098662064e-06	1.99149848393162e-05
COG2316	log_NO2NO3	log_NO2NO3	0.689200556182383	0.148880430603697	139	137	8.82868914100544e-06	1.99495351987076e-05
COG0246	log_NO2NO3	log_NO2NO3	-0.165193920072827	0.035687334017298	139	139	8.83961969707906e-06	1.99522844591213e-05
COG3137	log_NO2NO3	log_NO2NO3	0.443804509897579	0.0958763057055741	139	139	8.83943792638916e-06	1.99522844591213e-05
COG3045	log_NO2NO3	log_NO2NO3	0.614547849971172	0.132781322619889	139	139	8.86352723925157e-06	1.99952607901403e-05
COG4307	log_NO2NO3	log_NO2NO3	-0.386729696040284	0.083578332925597	139	139	8.90461494730757e-06	2.0076925468463e-05
COG1712	log_NO2NO3	log_NO2NO3	0.321014974664334	0.0693900752457376	139	139	8.93838532083684e-06	2.01420114635204e-05
COG2856	log_NO2NO3	log_NO2NO3	0.569870211811258	0.123266528702906	139	139	9.05613010608276e-06	2.03961526731294e-05
COG0840	log_NO2NO3	log_NO2NO3	0.388821448271885	0.0841339784265127	139	139	9.11690860873001e-06	2.05217866107742e-05
COG1555	log_NO2NO3	log_NO2NO3	0.368098052819445	0.0796577353209568	139	139	9.13425934722668e-06	2.05383346460904e-05
COG1965	log_NO2NO3	log_NO2NO3	0.34128124036279	0.0738544606625205	139	139	9.13421086979912e-06	2.05383346460904e-05
COG4849	log_NO2NO3	log_NO2NO3	0.781912315226158	0.169377590576542	139	133	9.30993870975699e-06	2.0921897275537e-05
COG3622	log_NO2NO3	log_NO2NO3	0.135576294877048	0.0293858423205477	139	139	9.41533947916066e-06	2.1147192225474e-05
COG4397	log_NO2NO3	log_NO2NO3	0.761302879388283	0.1650424124738	139	128	9.44997393826654e-06	2.12133841193437e-05
COG3174	log_NO2NO3	log_NO2NO3	0.560609313034433	0.121585476895487	139	139	9.52622342431005e-06	2.13728704680861e-05
COG3220	log_NO2NO3	log_NO2NO3	0.406568083640566	0.0881807827093888	139	139	9.53427275224825e-06	2.13792535296047e-05
COG3094	log_NO2NO3	log_NO2NO3	0.717732287444482	0.155675712793569	139	132	9.54167617425286e-06	2.1384182064283e-05
COG1724	log_NO2NO3	log_NO2NO3	0.695508528946269	0.151029024354594	139	83	9.75266223009932e-06	2.1845112563385e-05
COG3171	log_NO2NO3	log_NO2NO3	0.678068369888847	0.147309074924652	139	90	9.83748179486582e-06	2.20230927592963e-05
COG3008	log_NO2NO3	log_NO2NO3	0.434085420442187	0.0943188849256502	139	139	9.86651757386332e-06	2.20760643755068e-05
COG3898	log_NO2NO3	log_NO2NO3	-0.180278110271222	0.0392059926689918	139	139	1.00342129519883e-05	2.24390565088557e-05
COG3572	log_NO2NO3	log_NO2NO3	-0.124639283570211	0.0271071511811927	139	139	1.00427430377303e-05	2.24459131659392e-05
COG0646	log_NO2NO3	log_NO2NO3	0.127295398833573	0.0276883579148284	139	139	1.00671129726422e-05	2.24881457811931e-05
COG1319	log_NO2NO3	log_NO2NO3	0.226904983674419	0.0493772881435325	139	139	1.01547122232952e-05	2.26714988115744e-05
COG4582	log_NO2NO3	log_NO2NO3	0.214953273981333	0.0468287224757078	139	139	1.03714761242946e-05	2.31428701350364e-05
COG0256	log_NO2NO3	log_NO2NO3	-0.0341121732629495	0.00743452233522322	139	139	1.04509119284037e-05	2.33074626503162e-05
COG2326	log_NO2NO3	log_NO2NO3	-0.113409835761778	0.0247185061593385	139	139	1.0463558514021e-05	2.33230050871396e-05
COG4641	log_NO2NO3	log_NO2NO3	0.198351920433242	0.0432402729310225	139	139	1.05002421872175e-05	2.33920796665345e-05
COG5482	log_NO2NO3	log_NO2NO3	0.568890004559612	0.12404107402475	139	138	1.05391860915997e-05	2.3466111904765e-05
COG1013	log_NO2NO3	log_NO2NO3	0.340907922653478	0.0743474357616934	139	139	1.05812426932537e-05	2.35469907821701e-05
COG0449	log_NO2NO3	log_NO2NO3	-0.0398079529102507	0.00868354630571227	139	139	1.06265403437772e-05	2.36349906509133e-05
COG2877	log_NO2NO3	log_NO2NO3	-0.0750444170290083	0.0163738123218682	139	139	1.06746832960864e-05	2.37292202274475e-05
COG0505	log_NO2NO3	log_NO2NO3	-0.0377152794632685	0.00823405551139258	139	139	1.0798108141026e-05	2.39906047827662e-05
COG3762	log_NO2NO3	log_NO2NO3	0.311440638707663	0.0680051814430537	139	139	1.08310456031278e-05	2.40507758581886e-05
COG1925	log_NO2NO3	log_NO2NO3	0.103728221614551	0.0226526468795229	139	139	1.08570339628519e-05	2.40954594918399e-05
COG3280	log_NO2NO3	log_NO2NO3	0.901276949264251	0.196893176146486	139	121	1.09279917385118e-05	2.42398434458998e-05
COG2867	log_NO2NO3	log_NO2NO3	-0.110712938414155	0.0241872070366012	139	139	1.09350661785892e-05	2.42424456889609e-05
COG3943	log_NO2NO3	log_NO2NO3	0.502130170643659	0.109706243034882	139	139	1.09481816384082e-05	2.42584305127188e-05
COG3610	log_NO2NO3	log_NO2NO3	0.695135951738606	0.151946297624493	139	139	1.10459249767547e-05	2.44618112153684e-05
COG2025	log_NO2NO3	log_NO2NO3	0.0589788142249823	0.0128938387014318	139	139	1.10774249638196e-05	2.451835223673e-05
COG4754	log_NO2NO3	log_NO2NO3	-0.693192670748128	0.151619240714418	139	101	1.11804781700524e-05	2.47331202598683e-05
COG1466	log_NO2NO3	log_NO2NO3	-0.0775757469126978	0.0169739873218701	139	139	1.12568500147607e-05	2.48886651564246e-05
COG0603	log_NO2NO3	log_NO2NO3	0.120370346374756	0.026341288878829	139	139	1.12858658916019e-05	2.49393959562671e-05
COG2884	log_NO2NO3	log_NO2NO3	0.0995734052884539	0.0217928021764645	139	139	1.13113366903111e-05	2.49822425396763e-05
COG4829	log_NO2NO3	log_NO2NO3	0.528389379184881	0.115652549724457	139	136	1.13266892612621e-05	2.50027079447957e-05
COG3777	log_NO2NO3	log_NO2NO3	-0.1823665342061	0.039926522761025	139	139	1.13831555549013e-05	2.51138576904052e-05
COG2096	log_NO2NO3	log_NO2NO3	0.103120827362065	0.022601907767376	139	139	1.16223661902279e-05	2.5627847723809e-05
COG1459	log_NO2NO3	log_NO2NO3	0.0651153178886834	0.0142744915102531	139	139	1.16618628037749e-05	2.57011439902936e-05
COG5324	log_NO2NO3	log_NO2NO3	0.641151014933934	0.14055765723238	139	52	1.16702490737456e-05	2.57058354932692e-05
COG1949	log_NO2NO3	log_NO2NO3	0.0899771059061216	0.0197335097946498	139	139	1.17600797982453e-05	2.58772284258197e-05
COG4246	log_NO2NO3	log_NO2NO3	-0.272352442098515	0.0597316804496145	139	139	1.17606585859312e-05	2.58772284258197e-05
COG4329	log_NO2NO3	log_NO2NO3	0.454921739369696	0.0998006118268213	139	62	1.18230814951587e-05	2.60006524529508e-05
COG0480	log_NO2NO3	log_NO2NO3	0.0459132244773454	0.0100748109815152	139	139	1.1875359458895e-05	2.60876880519468e-05
COG3141	log_NO2NO3	log_NO2NO3	0.708249280423269	0.155408370105467	139	136	1.18698216405643e-05	2.60876880519468e-05
COG1024	log_NO2NO3	log_NO2NO3	0.0558272084859085	0.0122511964227234	139	139	1.18924630673505e-05	2.61112978517777e-05
COG0142	log_NO2NO3	log_NO2NO3	-0.0349287964939614	0.00766741044275988	139	139	1.1960376901409e-05	2.62463826447586e-05
COG3214	log_NO2NO3	log_NO2NO3	0.289951376457995	0.0636720407593868	139	139	1.20420843307905e-05	2.64115763112052e-05
COG0525	log_NO2NO3	log_NO2NO3	-0.0467014995445305	0.0102565933032856	139	139	1.20672982031396e-05	2.64527540120051e-05
COG3656	log_NO2NO3	log_NO2NO3	0.588648937473132	0.129333115150566	139	139	1.21614366539633e-05	2.664489694639e-05
COG0298	log_NO2NO3	log_NO2NO3	0.497057604118953	0.109344631989091	139	139	1.24447812903036e-05	2.72423211822454e-05
COG1056	log_NO2NO3	log_NO2NO3	0.519503960042733	0.114283750443416	139	139	1.24473799559578e-05	2.72423211822454e-05
COG5607	log_NO2NO3	log_NO2NO3	-0.612807815125824	0.13485855101125	139	134	1.25321502458785e-05	2.74132445208034e-05
COG0775	log_NO2NO3	log_NO2NO3	0.104399345521538	0.0229841265551417	139	139	1.26268716183308e-05	2.76057416754139e-05
COG4322	log_NO2NO3	log_NO2NO3	-0.4522080364408	0.0995822880252737	139	138	1.26883418434581e-05	2.77253767515564e-05
COG3654	log_NO2NO3	log_NO2NO3	0.429681487643888	0.0946330435047564	139	139	1.27167564522712e-05	2.77726929856089e-05
COG3090	log_NO2NO3	log_NO2NO3	-0.197461970316465	0.0435046698298257	139	139	1.28019247900432e-05	2.79438400836862e-05
COG3821	log_NO2NO3	log_NO2NO3	0.438023380363393	0.0965173338367463	139	139	1.28323643132089e-05	2.79954076466607e-05
COG0180	log_NO2NO3	log_NO2NO3	-0.0370188040299263	0.00815817601918494	139	139	1.2866741627528e-05	2.80555066910218e-05
COG5513	log_NO2NO3	log_NO2NO3	0.861619675723995	0.189984243070598	139	106	1.29943544835058e-05	2.83187311502609e-05
COG5397	log_NO2NO3	log_NO2NO3	0.651328204344469	0.143640489076	139	114	1.30359911895927e-05	2.83944071086144e-05
COG3954	log_NO2NO3	log_NO2NO3	-0.270528931344298	0.0596933156929393	139	139	1.31672115756488e-05	2.86650265780421e-05
COG4373	log_NO2NO3	log_NO2NO3	0.673130160680552	0.148581636260612	139	138	1.32539128801148e-05	2.88384926438092e-05
COG4382	log_NO2NO3	log_NO2NO3	0.733928663255017	0.162112820710714	139	124	1.34227254168723e-05	2.91903419865068e-05
COG1863	log_NO2NO3	log_NO2NO3	0.172539646912974	0.0381155135028803	139	139	1.34509279546104e-05	2.92361968452591e-05
COG0635	log_NO2NO3	log_NO2NO3	0.0909322532563016	0.0200889210529676	139	139	1.34656853048994e-05	2.92527949405218e-05
COG4644	log_NO2NO3	log_NO2NO3	0.53566364529737	0.118385306521498	139	139	1.35615890158077e-05	2.94455643112779e-05
COG4718	log_NO2NO3	log_NO2NO3	-0.684779611366992	0.151373021574439	139	129	1.36147130743677e-05	2.95452938771804e-05
COG3953	log_NO2NO3	log_NO2NO3	0.561885383503004	0.124243526401541	139	74	1.36891355983529e-05	2.96911135364486e-05
COG3088	log_NO2NO3	log_NO2NO3	-0.0777901292699839	0.0172041229327304	139	139	1.37368720799531e-05	2.97789290260935e-05
COG0358	log_NO2NO3	log_NO2NO3	-0.0445591968853567	0.0098561924026628	139	139	1.37740988100096e-05	2.98438807550208e-05
COG3645	log_NO2NO3	log_NO2NO3	0.683938288262784	0.151412917503492	139	87	1.3994382581949e-05	3.03051785169459e-05
COG3710	log_NO2NO3	log_NO2NO3	0.559730557476147	0.123929654186896	139	139	1.4024183642409e-05	3.03537125411044e-05
COG3797	log_NO2NO3	log_NO2NO3	0.740517291030332	0.164010985361208	139	130	1.41084867725519e-05	3.05200967149253e-05
COG1210	log_NO2NO3	log_NO2NO3	-0.0735461014757841	0.0162909559653362	139	139	1.41378918509639e-05	3.05676103809261e-05
COG4615	log_NO2NO3	log_NO2NO3	0.46011314166793	0.10192579126292	139	139	1.41573792668051e-05	3.05936423082775e-05
COG3360	log_NO2NO3	log_NO2NO3	0.692088277475166	0.15340960119972	139	137	1.43209824277417e-05	3.09309126252171e-05
COG4402	log_NO2NO3	log_NO2NO3	0.621869184161113	0.137859293164073	139	132	1.43488395051552e-05	3.09747938450748e-05
COG2093	log_NO2NO3	log_NO2NO3	0.681197949121629	0.151020233577194	139	135	1.43638875191269e-05	3.09909926095448e-05
COG2019	log_NO2NO3	log_NO2NO3	0.933147264548811	0.206939147575763	139	134	1.44434240488438e-05	3.1135108729192e-05
COG4899	log_NO2NO3	log_NO2NO3	0.603512360914336	0.133838974203751	139	85	1.44458415866212e-05	3.1135108729192e-05
COG0164	log_NO2NO3	log_NO2NO3	-0.0438153400442294	0.00972419596744475	139	139	1.46492081372692e-05	3.15568678699013e-05
COG1500	log_NO2NO3	log_NO2NO3	0.701080836797909	0.155631455077917	139	137	1.47122382251344e-05	3.1676034920782e-05
COG1820	log_NO2NO3	log_NO2NO3	0.167705536878792	0.0372601152182903	139	139	1.4941921766839e-05	3.21537006905054e-05
COG2123	log_NO2NO3	log_NO2NO3	0.698540898995476	0.155247539465012	139	138	1.50278014755213e-05	3.23046616752703e-05
COG3300	log_NO2NO3	log_NO2NO3	0.517164125887092	0.114935720461366	139	139	1.50238439281244e-05	3.23046616752703e-05
COG3150	log_NO2NO3	log_NO2NO3	-0.344215769733808	0.0765026623640091	139	139	1.50359645773257e-05	3.23053046462625e-05
COG3471	log_NO2NO3	log_NO2NO3	0.649234187205423	0.144399558740389	139	133	1.52389330535315e-05	3.27242744296431e-05
COG3512	log_NO2NO3	log_NO2NO3	0.542558938760955	0.120729727786567	139	134	1.53693921539982e-05	3.2987180234391e-05
COG4565	log_NO2NO3	log_NO2NO3	0.547556251250553	0.121910053911743	139	139	1.55273538193156e-05	3.3308809133028e-05
COG0849	log_NO2NO3	log_NO2NO3	0.0691369289174266	0.015398935695266	139	139	1.56384111070579e-05	3.35133663963072e-05
COG1184	log_NO2NO3	log_NO2NO3	0.866562489087203	0.193010726768964	139	123	1.56390271133693e-05	3.35133663963072e-05
COG1379	log_NO2NO3	log_NO2NO3	1.27160266506346	0.283340990514407	139	96	1.57551547836362e-05	3.3744617232105e-05
COG2068	log_NO2NO3	log_NO2NO3	0.16443385286229	0.0366447881228193	139	139	1.57968168182809e-05	3.38162185979667e-05
COG0179	log_NO2NO3	log_NO2NO3	0.0667520499641004	0.0148869658354985	139	139	1.60103752269334e-05	3.42493734052369e-05
COG2829	log_NO2NO3	log_NO2NO3	0.56297671292694	0.125556777043279	139	139	1.60158340582912e-05	3.42493734052369e-05
COG3871	log_NO2NO3	log_NO2NO3	0.546931070500796	0.122031948227199	139	139	1.61444957024149e-05	3.45065496074508e-05
COG1194	log_NO2NO3	log_NO2NO3	-0.0907721503799051	0.0202732238982399	139	139	1.6436738465915e-05	3.50946578056023e-05
COG2012	log_NO2NO3	log_NO2NO3	0.828785020581418	0.185098884785954	139	137	1.64310534373368e-05	3.50946578056023e-05
COG0738	log_NO2NO3	log_NO2NO3	0.248317803513921	0.0554648401781815	139	139	1.64640192837763e-05	3.51346447884431e-05
COG0674	log_NO2NO3	log_NO2NO3	0.353168103727503	0.078907629394717	139	139	1.65519585558654e-05	3.53039697546703e-05
COG0037	log_NO2NO3	log_NO2NO3	0.0340506763241678	0.00760836030621474	139	139	1.65711762459772e-05	3.53266175498049e-05
COG4383	log_NO2NO3	log_NO2NO3	0.589641904702326	0.131850470269578	139	138	1.6799413312409e-05	3.57946005639918e-05
COG1167	log_NO2NO3	log_NO2NO3	0.109088499961335	0.0243955984454958	139	139	1.68268539363561e-05	3.58344820998191e-05
COG3206	log_NO2NO3	log_NO2NO3	0.102569675997026	0.022958602254366	139	139	1.71051594423688e-05	3.64082875591974e-05
COG3434	log_NO2NO3	log_NO2NO3	0.576500879429761	0.12914123800734	139	139	1.73476311087913e-05	3.69052659735446e-05
COG4298	log_NO2NO3	log_NO2NO3	0.613002135646032	0.137444149116496	139	114	1.76376556883292e-05	3.75028413911264e-05
COG4167	log_NO2NO3	log_NO2NO3	0.663389852933638	0.149069482434484	139	139	1.83497468692619e-05	3.89967719290885e-05
COG1661	log_NO2NO3	log_NO2NO3	-0.375625660233737	0.084424770970874	139	139	1.8421728800073e-05	3.9129504607394e-05
COG5042	log_NO2NO3	log_NO2NO3	-0.320263292680114	0.0720112708951839	139	139	1.85582096740648e-05	3.93990311840094e-05
COG3365	log_NO2NO3	log_NO2NO3	0.610821765006763	0.137391403852924	139	53	1.86748426301796e-05	3.96261640107322e-05
COG0574	log_NO2NO3	log_NO2NO3	0.0696343421385815	0.015664037491389	139	139	1.87019765088626e-05	3.96632521932926e-05
COG0643	log_NO2NO3	log_NO2NO3	0.26471285924958	0.0595506634314227	139	139	1.87261701086846e-05	3.96940695595853e-05
COG0641	log_NO2NO3	log_NO2NO3	0.362855252050524	0.0816659181014568	139	139	1.88780784470478e-05	3.99748176600374e-05
COG1899	log_NO2NO3	log_NO2NO3	0.107468705420022	0.0241869913481764	139	139	1.88721607864237e-05	3.99748176600374e-05
COG3845	log_NO2NO3	log_NO2NO3	0.0805067342235217	0.0181241167141018	139	139	1.89695117377881e-05	4.014773530079e-05
COG2190	log_NO2NO3	log_NO2NO3	0.950537464040005	0.214002676043168	139	119	1.89893208076926e-05	4.01689649217307e-05
COG1507	log_NO2NO3	log_NO2NO3	-0.22371074038753	0.0503804537337268	139	139	1.90875858101454e-05	4.03560486402869e-05
COG2002	log_NO2NO3	log_NO2NO3	-0.483978446409312	0.10899913050174	139	137	1.91047116322226e-05	4.0371479107598e-05
COG4916	log_NO2NO3	log_NO2NO3	0.616979734585816	0.139030009246325	139	110	1.92949203045762e-05	4.07524589260664e-05
COG3015	log_NO2NO3	log_NO2NO3	0.71575202192718	0.161301545892828	139	110	1.93253468334877e-05	4.07957475806615e-05
COG3804	log_NO2NO3	log_NO2NO3	0.377307671167446	0.0851335478494215	139	139	1.97502677556309e-05	4.16499486345645e-05
COG5453	log_NO2NO3	log_NO2NO3	0.589803999596995	0.133079382139107	139	133	1.97486176005915e-05	4.16499486345645e-05
COG4312	log_NO2NO3	log_NO2NO3	0.593921719211732	0.134015912816107	139	133	1.97681683554263e-05	4.16663086732126e-05
COG1685	log_NO2NO3	log_NO2NO3	0.777546187641115	0.175484825581146	139	137	1.98382525080927e-05	4.17925852837153e-05
COG0847	log_NO2NO3	log_NO2NO3	-0.0925440213031307	0.0208971711028036	139	139	2.00228512612111e-05	4.21598528862405e-05
COG1782	log_NO2NO3	log_NO2NO3	0.591774148607193	0.133640982258655	139	138	2.00594525059738e-05	4.22152822205638e-05
COG4277	log_NO2NO3	log_NO2NO3	0.534565955868392	0.120758712112018	139	139	2.0169531283056e-05	4.24252096829463e-05
COG0192	log_NO2NO3	log_NO2NO3	-0.0371175986262644	0.00838678138834568	139	139	2.02509119543556e-05	4.25745886942132e-05
COG3083	log_NO2NO3	log_NO2NO3	0.519177668296568	0.11731512665916	139	139	2.0269634362436e-05	4.25921524096609e-05
COG3076	log_NO2NO3	log_NO2NO3	0.7198824549848	0.162714281667124	139	136	2.0374558100583e-05	4.2790738587523e-05
COG0346	log_NO2NO3	log_NO2NO3	0.0654537172591673	0.0148022465663096	139	139	2.05665983637385e-05	4.31719908422267e-05
COG1793	log_NO2NO3	log_NO2NO3	-0.227675327557184	0.0515239954221772	139	139	2.08206108033058e-05	4.36828749642392e-05
COG2041	log_NO2NO3	log_NO2NO3	0.102553208940882	0.0232191427137895	139	139	2.09942724611295e-05	4.40247428638693e-05
COG1269	log_NO2NO3	log_NO2NO3	0.698472938835831	0.158234464909576	139	139	2.12135131498939e-05	4.44617918468185e-05
COG3866	log_NO2NO3	log_NO2NO3	0.655188743080068	0.148583725500515	139	135	2.16090626442794e-05	4.52677355138704e-05
COG2067	log_NO2NO3	log_NO2NO3	0.214605353360249	0.0486806059086249	139	139	2.17065838464025e-05	4.54488513970548e-05
COG4861	log_NO2NO3	log_NO2NO3	0.734632003563943	0.166658179732935	139	135	2.17431582842047e-05	4.55022385285344e-05
COG3550	log_NO2NO3	log_NO2NO3	0.500872096638992	0.113656878587422	139	139	2.18425507139222e-05	4.56869645278984e-05
COG3824	log_NO2NO3	log_NO2NO3	0.594389106515095	0.135043791976435	139	139	2.23225197934594e-05	4.66671304384382e-05
COG3875	log_NO2NO3	log_NO2NO3	0.610783576149943	0.138775626842963	139	139	2.23425221220465e-05	4.66851886456597e-05
COG0696	log_NO2NO3	log_NO2NO3	-0.132512082986618	0.0301152840505496	139	139	2.24385106716068e-05	4.68619226430913e-05
COG0369	log_NO2NO3	log_NO2NO3	-0.259537850602633	0.0589907847933452	139	139	2.24858871952683e-05	4.69370043689848e-05
COG1352	log_NO2NO3	log_NO2NO3	0.292932575637269	0.0665909734726012	139	139	2.25445396994002e-05	4.70355353403433e-05
COG1482	log_NO2NO3	log_NO2NO3	0.217913282100824	0.0495578927429189	139	139	2.27109873878462e-05	4.7358749334656e-05
COG4797	log_NO2NO3	log_NO2NO3	0.713434034109001	0.162305605647069	139	101	2.28499602551645e-05	4.76243717545488e-05
COG3643	log_NO2NO3	log_NO2NO3	0.22041363816339	0.0501733973684187	139	139	2.30874098421022e-05	4.8094867967219e-05
COG1781	log_NO2NO3	log_NO2NO3	0.586259313991566	0.133521256254887	139	137	2.32990598955681e-05	4.85111698180404e-05
COG3789	log_NO2NO3	log_NO2NO3	0.715267157138181	0.162932123742077	139	133	2.33724340340741e-05	4.86392902796234e-05
COG4773	log_NO2NO3	log_NO2NO3	0.527550707804005	0.120287999480434	139	139	2.37719429109653e-05	4.94456412548078e-05
COG3047	log_NO2NO3	log_NO2NO3	0.302303525618325	0.0689402194431037	139	139	2.38404858315688e-05	4.95631152814194e-05
COG1829	log_NO2NO3	log_NO2NO3	0.702164632744858	0.160277912905481	139	137	2.42331859189824e-05	5.03540352833483e-05
COG5516	log_NO2NO3	log_NO2NO3	0.732174479059139	0.167232922924912	139	120	2.45004772245337e-05	5.08837009294158e-05
COG2837	log_NO2NO3	log_NO2NO3	0.472910372328743	0.108031386768082	139	139	2.45635664315619e-05	5.0988949419331e-05
COG3297	log_NO2NO3	log_NO2NO3	0.324472618522093	0.0741624974017565	139	139	2.47969660327741e-05	5.1447442657897e-05
COG1241	log_NO2NO3	log_NO2NO3	0.654608709260797	0.149760291152337	139	139	2.52072525366721e-05	5.22722834026497e-05
COG1573	log_NO2NO3	log_NO2NO3	-0.0650770688127477	0.0148929810564812	139	139	2.53479719738445e-05	5.25375725875648e-05
COG1251	log_NO2NO3	log_NO2NO3	0.475290885559718	0.108962100232968	139	139	2.61338357678026e-05	5.41390808543283e-05
COG0124	log_NO2NO3	log_NO2NO3	-0.0375393069212628	0.00860684860938006	139	139	2.61776976157364e-05	5.42026117970994e-05
COG4967	log_NO2NO3	log_NO2NO3	0.597960942125014	0.137111319625193	139	133	2.62223021984261e-05	5.42676158343246e-05
COG2771	log_NO2NO3	log_NO2NO3	-0.239154278401136	0.0548728298839865	139	139	2.65159704699733e-05	5.48477375078804e-05
COG3272	log_NO2NO3	log_NO2NO3	0.366463934248288	0.084099610738737	139	139	2.66045741761498e-05	5.50033169177772e-05
COG4880	log_NO2NO3	log_NO2NO3	0.320783591578664	0.0736303326947986	139	139	2.66916651804368e-05	5.51556139644037e-05
COG3028	log_NO2NO3	log_NO2NO3	0.315080508401134	0.0723253041658302	139	139	2.67173655856899e-05	5.51809642161961e-05
COG1072	log_NO2NO3	log_NO2NO3	-0.1996177204097	0.045838829567699	139	139	2.68945699092076e-05	5.5519041802525e-05
COG4965	log_NO2NO3	log_NO2NO3	0.405957131940308	0.0932748132425901	139	139	2.71637102056678e-05	5.60464698768877e-05
COG3041	log_NO2NO3	log_NO2NO3	0.633110389229169	0.145496244284669	139	133	2.72592491699728e-05	5.62021751300398e-05
COG5258	log_NO2NO3	log_NO2NO3	-0.643854158874169	0.147967576052192	139	122	2.72665372527189e-05	5.62021751300398e-05
COG4113	log_NO2NO3	log_NO2NO3	0.541137754679135	0.124522110923932	139	107	2.78804343566508e-05	5.74387283536216e-05
COG4724	log_NO2NO3	log_NO2NO3	0.804512501617152	0.185148416127663	139	96	2.79342977058182e-05	5.752084961178e-05
COG3892	log_NO2NO3	log_NO2NO3	-0.226929065007374	0.0522472038147332	139	139	2.81411533920385e-05	5.791776459644e-05
COG5606	log_NO2NO3	log_NO2NO3	0.62723223439049	0.14443427572783	139	132	2.82183219919919e-05	5.80475046284942e-05
COG3218	log_NO2NO3	log_NO2NO3	0.500395534842873	0.115271759831499	139	137	2.8406642114277e-05	5.84056485512762e-05
COG1929	log_NO2NO3	log_NO2NO3	0.138099553315504	0.0318154561586916	139	139	2.84476727448392e-05	5.84607501929962e-05
COG4922	log_NO2NO3	log_NO2NO3	0.548245972641342	0.126315267447878	139	137	2.84866469028415e-05	5.85115727384364e-05
COG4387	log_NO2NO3	log_NO2NO3	0.679804227274336	0.156652089365199	139	122	2.85680298182484e-05	5.86494085424109e-05
COG1378	log_NO2NO3	log_NO2NO3	0.647290273919983	0.149200010816806	139	138	2.87013485906925e-05	5.88936763289534e-05
COG2188	log_NO2NO3	log_NO2NO3	0.278184400318718	0.0641232708388748	139	139	2.87162785496403e-05	5.88948938002608e-05
COG0567	log_NO2NO3	log_NO2NO3	-0.108732481867599	0.025094761409058	139	139	2.93378488048312e-05	6.01396621208815e-05
COG3205	log_NO2NO3	log_NO2NO3	0.541297380630851	0.12494061389647	139	139	2.93888744195714e-05	6.02142125264834e-05
COG5447	log_NO2NO3	log_NO2NO3	-0.340485409597446	0.0786186873170576	139	139	2.95748523970983e-05	6.05650516686341e-05
COG2144	log_NO2NO3	log_NO2NO3	-0.765780580545137	0.176925683065598	139	138	2.98792711048312e-05	6.11579699544825e-05
COG1465	log_NO2NO3	log_NO2NO3	0.877581761089755	0.202822216849053	139	136	3.00465021019964e-05	6.1469636770419e-05
COG3369	log_NO2NO3	log_NO2NO3	0.616675129027875	0.142587123860279	139	138	3.02796250001311e-05	6.19157289699047e-05
COG3838	log_NO2NO3	log_NO2NO3	0.543911056326515	0.125833607868265	139	136	3.05732796649935e-05	6.24850909770116e-05
COG3307	log_NO2NO3	log_NO2NO3	-0.149360157752858	0.0345681938875114	139	139	3.07824779150332e-05	6.2881362145677e-05
COG1419	log_NO2NO3	log_NO2NO3	0.240967267692439	0.0557738560870488	139	139	3.08196924053453e-05	6.29260916506751e-05
COG1924	log_NO2NO3	log_NO2NO3	1.06305522387658	0.246287927235536	139	130	3.13264787751045e-05	6.3929048588241e-05
COG1877	log_NO2NO3	log_NO2NO3	-0.35169487695986	0.0814846265528602	139	139	3.13539926998842e-05	6.3953427016447e-05
COG5441	log_NO2NO3	log_NO2NO3	0.271200859327679	0.0628473424550217	139	139	3.14603867609249e-05	6.41385949448534e-05
COG5448	log_NO2NO3	log_NO2NO3	0.576383145357023	0.133595062913954	139	135	3.15634624484464e-05	6.43168173304653e-05
COG1303	log_NO2NO3	log_NO2NO3	0.654981896688745	0.152173781686212	139	138	3.28655401902801e-05	6.69368562725189e-05
COG1610	log_NO2NO3	log_NO2NO3	-0.0845966954830865	0.0196569801269473	139	139	3.29335630192637e-05	6.70421590104733e-05
COG4279	log_NO2NO3	log_NO2NO3	-0.762531868502658	0.177292028927884	139	136	3.32801338901233e-05	6.7714110956229e-05
COG0638	log_NO2NO3	log_NO2NO3	0.719045204234114	0.167232074824157	139	138	3.34523860423163e-05	6.80308920108097e-05
COG3562	log_NO2NO3	log_NO2NO3	-0.314148231897101	0.0730797871082732	139	139	3.35822862245956e-05	6.82612725436114e-05
COG2770	log_NO2NO3	log_NO2NO3	0.369193371092289	0.085905066873113	139	139	3.37165377475562e-05	6.85002656117512e-05
COG4666	log_NO2NO3	log_NO2NO3	0.079443094438013	0.0184907681455362	139	139	3.38931281529914e-05	6.88249977520952e-05
COG4728	log_NO2NO3	log_NO2NO3	0.34411264815715	0.0801436975810983	139	139	3.42516270973917e-05	6.95186186344295e-05
COG1634	log_NO2NO3	log_NO2NO3	0.747334509818896	0.174076856037637	139	135	3.43281072592303e-05	6.96394393189719e-05
COG3868	log_NO2NO3	log_NO2NO3	0.620255306191445	0.1445262622731	139	138	3.45295806619457e-05	7.00135821121781e-05
COG3322	log_NO2NO3	log_NO2NO3	0.558869876334972	0.130304286946829	139	137	3.48965570949864e-05	7.07227708664055e-05
COG1212	log_NO2NO3	log_NO2NO3	-0.0888941137676623	0.0207521564054055	139	139	3.56393956015444e-05	7.21926218595387e-05
COG3921	log_NO2NO3	log_NO2NO3	0.328410013212605	0.0767285271072308	139	139	3.61267686022021e-05	7.31437976430982e-05
COG3541	log_NO2NO3	log_NO2NO3	0.554981962727411	0.129807666521295	139	138	3.68058838066606e-05	7.44820545210649e-05
COG2887	log_NO2NO3	log_NO2NO3	0.175203022429312	0.0409883075766643	139	139	3.69441039922763e-05	7.47249528312511e-05
COG3784	log_NO2NO3	log_NO2NO3	0.425924808362948	0.0997388375833027	139	139	3.75383233516766e-05	7.58894844137241e-05
COG4422	log_NO2NO3	log_NO2NO3	0.52332436063489	0.122563360184592	139	138	3.76229606305472e-05	7.5988736404465e-05
COG4725	log_NO2NO3	log_NO2NO3	-0.315306197365866	0.0738453604586546	139	139	3.76244133025029e-05	7.5988736404465e-05
COG3447	log_NO2NO3	log_NO2NO3	0.722440094052018	0.169291363807993	139	133	3.79777104950053e-05	7.6664587082792e-05
COG4741	log_NO2NO3	log_NO2NO3	0.439806555281078	0.103070881237147	139	139	3.80382790459357e-05	7.67491406290294e-05
COG0609	log_NO2NO3	log_NO2NO3	0.239568428784499	0.0562208231043236	139	139	3.89174745943428e-05	7.84845290297301e-05
COG2946	log_NO2NO3	log_NO2NO3	0.861518682313116	0.202217743936329	139	115	3.90478379227486e-05	7.87087920444804e-05
COG5481	log_NO2NO3	log_NO2NO3	0.690606021160501	0.162235262114418	139	99	3.95923075233817e-05	7.97671404149348e-05
COG2740	log_NO2NO3	log_NO2NO3	-0.265596658597802	0.0624463666573985	139	139	4.01579826192582e-05	8.08671532352513e-05
COG4325	log_NO2NO3	log_NO2NO3	0.588373326887623	0.138340937410201	139	139	4.01782690359388e-05	8.0868363155138e-05
COG3822	log_NO2NO3	log_NO2NO3	-0.245466256129322	0.0577233931235477	139	139	4.02743811294491e-05	8.10221144367175e-05
COG3573	log_NO2NO3	log_NO2NO3	0.531002092328898	0.124906279049859	139	139	4.04724279443522e-05	8.13806823276548e-05
COG3326	log_NO2NO3	log_NO2NO3	0.598477616787561	0.140803495343796	139	139	4.05927552416952e-05	8.15826998693171e-05
COG4135	log_NO2NO3	log_NO2NO3	-0.227905330913943	0.0536673627056929	139	139	4.12036797956971e-05	8.2770032567591e-05
COG4299	log_NO2NO3	log_NO2NO3	0.190670972416026	0.0449148852603162	139	139	4.1440604291113e-05	8.32052797790285e-05
COG4912	log_NO2NO3	log_NO2NO3	0.66966073534732	0.157838034147577	139	138	4.18401358925855e-05	8.39664280638697e-05
COG4733	log_NO2NO3	log_NO2NO3	-0.351618566693599	0.0828833662574862	139	139	4.19021029056873e-05	8.40497259455877e-05
COG1346	log_NO2NO3	log_NO2NO3	0.38507127008053	0.090802047726033	139	139	4.2157112884243e-05	8.4478741330961e-05
COG3583	log_NO2NO3	log_NO2NO3	0.81904358988431	0.193132635524568	139	107	4.21476638387753e-05	8.4478741330961e-05
COG3081	log_NO2NO3	log_NO2NO3	0.56833426140263	0.134051657403389	139	139	4.23405914876001e-05	8.48050462364999e-05
COG1704	log_NO2NO3	log_NO2NO3	0.135280611574553	0.0319217630121995	139	139	4.26370184714604e-05	8.53571500393565e-05
COG0655	log_NO2NO3	log_NO2NO3	0.132798173337384	0.0313511763191832	139	139	4.29802533135603e-05	8.60023773074066e-05
COG4321	log_NO2NO3	log_NO2NO3	-0.224935125875583	0.0531346966228802	139	139	4.34064318041287e-05	8.68128636082574e-05
COG3745	log_NO2NO3	log_NO2NO3	0.477544149743773	0.11292935528931	139	138	4.41929727105574e-05	8.83429352286957e-05
COG3431	log_NO2NO3	log_NO2NO3	-0.760952732454043	0.179982070586949	139	133	4.43244778502745e-05	8.85627213078443e-05
COG1498	log_NO2NO3	log_NO2NO3	0.682699983179513	0.161552180221575	139	138	4.46814896960122e-05	8.92326493297123e-05
COG3112	log_NO2NO3	log_NO2NO3	0.698061707415803	0.165314489305625	139	114	4.52512006282602e-05	9.03264976583543e-05
COG0631	log_NO2NO3	log_NO2NO3	0.134044431096971	0.031749540620542	139	139	4.5374053360754e-05	9.05277373511304e-05
COG0074	log_NO2NO3	log_NO2NO3	0.0670101287960835	0.0158741908986662	139	139	4.54815475394421e-05	9.06981540252563e-05
COG0564	log_NO2NO3	log_NO2NO3	-0.0716672146452805	0.0169896401130626	139	139	4.60226808351485e-05	9.16882506647866e-05
COG4103	log_NO2NO3	log_NO2NO3	-0.101909103752983	0.0241582342123578	139	139	4.60027555129218e-05	9.16882506647866e-05
COG5493	log_NO2NO3	log_NO2NO3	-0.513670191115167	0.121869817566836	139	83	4.66323265918788e-05	9.28577787879002e-05
COG4619	log_NO2NO3	log_NO2NO3	0.504388598707918	0.119682350199865	139	138	4.67258592996503e-05	9.29677956993919e-05
COG4866	log_NO2NO3	log_NO2NO3	0.725830003551783	0.172227984254355	139	102	4.67328379063399e-05	9.29677956993919e-05
COG1462	log_NO2NO3	log_NO2NO3	0.251999353422896	0.059803203874778	139	139	4.68321608855718e-05	9.31202889244574e-05
COG1467	log_NO2NO3	log_NO2NO3	0.615023652947749	0.145997109326697	139	138	4.70579514525364e-05	9.35239789874309e-05
COG1413	log_NO2NO3	log_NO2NO3	-0.363338405249426	0.0862761445122781	139	139	4.7283954514313e-05	9.3927700747001e-05
COG2152	log_NO2NO3	log_NO2NO3	0.415011944416409	0.0985547147529725	139	139	4.7350677271721e-05	9.40147811658916e-05
COG3802	log_NO2NO3	log_NO2NO3	0.670980228716164	0.159362777586752	139	139	4.74585785938411e-05	9.41834980016904e-05
COG0409	log_NO2NO3	log_NO2NO3	0.430473512419259	0.102248055645468	139	139	4.75149011226922e-05	9.42497410970641e-05
COG3833	log_NO2NO3	log_NO2NO3	-0.428418103686845	0.10176957982197	139	139	4.75893735852847e-05	9.43519047723694e-05
COG1647	log_NO2NO3	log_NO2NO3	0.563180082432047	0.133927594073464	139	138	4.84440257187727e-05	9.60000278112486e-05
COG3065	log_NO2NO3	log_NO2NO3	0.642090996253245	0.152721736389412	139	139	4.85927791806007e-05	9.62483784348639e-05
COG2081	log_NO2NO3	log_NO2NO3	-0.281409014758563	0.0669356483317013	139	139	4.86205615626581e-05	9.62569960960962e-05
COG1674	log_NO2NO3	log_NO2NO3	-0.0729439641440598	0.0173512488817898	139	139	4.86606440722571e-05	9.62899450138884e-05
COG1495	log_NO2NO3	log_NO2NO3	-0.096025232353728	0.0228457916776062	139	139	4.88062776530608e-05	9.65316266724958e-05
COG5449	log_NO2NO3	log_NO2NO3	0.588067341536318	0.139975002683959	139	137	4.91792953786784e-05	9.72225916340765e-05
COG2815	log_NO2NO3	log_NO2NO3	-0.376786896069516	0.0896933269750785	139	139	4.92549536714966e-05	9.72785335012057e-05
COG3364	log_NO2NO3	log_NO2NO3	0.726017029722909	0.172824384766745	139	49	4.92436106164386e-05	9.72785335012057e-05
COG5001	log_NO2NO3	log_NO2NO3	0.333272138791749	0.0793448040029154	139	139	4.93570691100192e-05	9.74333685266502e-05
COG4943	log_NO2NO3	log_NO2NO3	0.643875790389473	0.153361020076921	139	138	4.97167538316384e-05	9.80962654852884e-05
COG1164	log_NO2NO3	log_NO2NO3	0.150832862246754	0.0359328228806768	139	139	4.98708410723462e-05	9.8353055749015e-05
COG1156	log_NO2NO3	log_NO2NO3	0.598025241741591	0.142485055275909	139	139	4.9972781398827e-05	9.85068070951926e-05
COG3739	log_NO2NO3	log_NO2NO3	0.560790276933336	0.133626808155614	139	137	5.00540388953109e-05	9.86196603270682e-05
COG4324	log_NO2NO3	log_NO2NO3	0.343931747934857	0.0819573279721611	139	139	5.00961103196332e-05	9.86552354712623e-05
COG2065	log_NO2NO3	log_NO2NO3	-0.0865482278753715	0.0206342122622698	139	139	5.04999286874272e-05	9.94028304015098e-05
COG3273	log_NO2NO3	log_NO2NO3	0.923667099473558	0.220539133171822	139	128	5.17249179704937e-05	0.000101765307961105
COG3242	log_NO2NO3	log_NO2NO3	0.385179248706218	0.0920364961241945	139	139	5.23605809474824e-05	0.000102966618732531
COG5442	log_NO2NO3	log_NO2NO3	-0.330257423260516	0.0790270426984191	139	139	5.35969268356505e-05	0.000105347452364044
COG3198	log_NO2NO3	log_NO2NO3	0.565115211542576	0.135250772444069	139	138	5.37560396290204e-05	0.000105609665612633
COG4963	log_NO2NO3	log_NO2NO3	0.453332360123021	0.108518486559148	139	139	5.39248791643657e-05	0.000105890728301728
COG4385	log_NO2NO3	log_NO2NO3	0.609917975184462	0.146022137315265	139	92	5.4045934960823e-05	0.000106077735699504
COG1824	log_NO2NO3	log_NO2NO3	0.930966509413218	0.22304378183353	139	127	5.46700894605836e-05	0.000107251541310448
COG0692	log_NO2NO3	log_NO2NO3	-0.182422283122826	0.0437274143259892	139	139	5.51183908081126e-05	0.000108079403073855
COG4933	log_NO2NO3	log_NO2NO3	0.677700438139697	0.162628199649937	139	102	5.61131742235596e-05	0.000109977538029763
COG3504	log_NO2NO3	log_NO2NO3	0.475421162982059	0.114112611420959	139	139	5.63153251464741e-05	0.000110321104292664
COG1503	log_NO2NO3	log_NO2NO3	0.675514213801069	0.162179033402113	139	138	5.65349504594409e-05	0.000110698558859573
COG5268	log_NO2NO3	log_NO2NO3	0.535508176423002	0.128590146399501	139	133	5.67055405594371e-05	0.00011097968585906
COG4303	log_NO2NO3	log_NO2NO3	0.553066256565642	0.132817887891858	139	139	5.67849936349446e-05	0.000111082263739215
COG0680	log_NO2NO3	log_NO2NO3	0.643168146899804	0.15460841108928	139	135	5.76935721190678e-05	0.000112805899221861
COG5639	log_NO2NO3	log_NO2NO3	0.541248828378987	0.130137219384856	139	133	5.78985018998633e-05	0.000113152733494119
COG3384	log_NO2NO3	log_NO2NO3	0.331638205297568	0.0797669414328694	139	139	5.82283622442712e-05	0.000113743277270312
COG0455	log_NO2NO3	log_NO2NO3	0.145022956734214	0.0348858579899527	139	139	5.83451347169923e-05	0.000113917211700287
COG3169	log_NO2NO3	log_NO2NO3	0.597224464026546	0.143680119442688	139	129	5.84452216284323e-05	0.000114058418265843
COG4388	log_NO2NO3	log_NO2NO3	0.690704695111244	0.166223149310891	139	133	5.87479095436952e-05	0.000114594687751899
COG3689	log_NO2NO3	log_NO2NO3	-0.744211313389095	0.179132286219126	139	135	5.89182418296262e-05	0.000114872395555816
COG1972	log_NO2NO3	log_NO2NO3	0.0926177536474846	0.0223190026353159	139	139	6.00200326599397e-05	0.000116965035183602
COG3752	log_NO2NO3	log_NO2NO3	-0.207055346080253	0.0499293430024125	139	139	6.06611528579404e-05	0.000118158376453494
COG4347	log_NO2NO3	log_NO2NO3	0.533679636976131	0.128784246916329	139	53	6.13620987915572e-05	0.000119467062481382
COG5499	log_NO2NO3	log_NO2NO3	0.536565037129175	0.129512728543623	139	137	6.16058011222866e-05	0.000119884713884582
COG3439	log_NO2NO3	log_NO2NO3	0.370690633628628	0.089489190766926	139	139	6.17617336794321e-05	0.000120131250925714
COG1275	log_NO2NO3	log_NO2NO3	0.69835248092103	0.168640742962212	139	136	6.20543725231766e-05	0.000120586264108424
COG1315	log_NO2NO3	log_NO2NO3	0.427389139123528	0.103205145353231	139	139	6.2031712937602e-05	0.000120586264108424
COG4678	log_NO2NO3	log_NO2NO3	-0.845133379124234	0.204341638866261	139	132	6.33030424659671e-05	0.000122954561914985
COG0013	log_NO2NO3	log_NO2NO3	-0.0436576282617237	0.0105578022506811	139	139	6.34927308480538e-05	0.000123264715653972
COG0064	log_NO2NO3	log_NO2NO3	-0.0390900875358858	0.00945483398832047	139	139	6.36645589135227e-05	0.000123539918760865
COG2175	log_NO2NO3	log_NO2NO3	-0.101934772611295	0.0246595985120307	139	139	6.38426344895332e-05	0.000123826979453731
COG1422	log_NO2NO3	log_NO2NO3	0.735370990290435	0.177955220409396	139	136	6.41715998492047e-05	0.000124406291732201
COG2823	log_NO2NO3	log_NO2NO3	-0.0848597505138782	0.0205421376916025	139	139	6.44998412258161e-05	0.000124983654601723
COG5633	log_NO2NO3	log_NO2NO3	-0.505965280401681	0.122502191827698	139	99	6.46868055803903e-05	0.000125286844565886
COG1713	log_NO2NO3	log_NO2NO3	0.853567722501601	0.206705295323915	139	128	6.49008249416901e-05	0.000125642124816429
COG0067	log_NO2NO3	log_NO2NO3	-0.0669718347266406	0.0162197884466243	139	139	6.49941524268573e-05	0.000125763531874484
COG1430	log_NO2NO3	log_NO2NO3	0.095127521964125	0.0230543754072799	139	139	6.56953374622488e-05	0.000127060473773502
COG0047	log_NO2NO3	log_NO2NO3	-0.0251015756084503	0.00608499460396942	139	139	6.59641478614494e-05	0.000127520338548157
COG4176	log_NO2NO3	log_NO2NO3	0.0884319764319602	0.0214476054874825	139	139	6.64712929250635e-05	0.000128439417962132
COG5302	log_NO2NO3	log_NO2NO3	0.601229629469361	0.145821843471023	139	134	6.65021037014253e-05	0.000128439417962132
COG1136	log_NO2NO3	log_NO2NO3	0.0342322743244666	0.00831077610501647	139	139	6.75348656260046e-05	0.000130372757514862
COG1339	log_NO2NO3	log_NO2NO3	0.643759962981056	0.156320625388904	139	135	6.77474820410539e-05	0.000130721773708149
COG2057	log_NO2NO3	log_NO2NO3	0.111209597646076	0.0270082462040378	139	139	6.78997517165547e-05	0.000130954075141599
COG2125	log_NO2NO3	log_NO2NO3	0.62273554967456	0.151475491359683	139	137	6.96072841839876e-05	0.000134121352452074
COG4335	log_NO2NO3	log_NO2NO3	0.507442987120614	0.123430739279858	139	138	6.96006365383718e-05	0.000134121352452074
COG0367	log_NO2NO3	log_NO2NO3	0.0717901215798145	0.0174802373927283	139	139	7.07349377406469e-05	0.000136230250463468
COG4857	log_NO2NO3	log_NO2NO3	-0.196877060283052	0.0479636077813762	139	139	7.13361148748063e-05	0.000137323692551876
COG5581	log_NO2NO3	log_NO2NO3	0.660542473899132	0.16092822379927	139	124	7.13741276633143e-05	0.000137332513555454
COG0794	log_NO2NO3	log_NO2NO3	-0.0817330525396607	0.0199280651503592	139	139	7.22452766337182e-05	0.000138943631278705
COG1259	log_NO2NO3	log_NO2NO3	0.112893698710098	0.0275506509999426	139	139	7.32810314154759e-05	0.000140869666380335
COG2865	log_NO2NO3	log_NO2NO3	0.395763546222407	0.0965916577876529	139	139	7.33911303717831e-05	0.00014101532440004
COG1525	log_NO2NO3	log_NO2NO3	-0.0722432989371248	0.0176341246473754	139	139	7.35300774326545e-05	0.000141216249693008
COG3148	log_NO2NO3	log_NO2NO3	0.524333314748499	0.12805959477185	139	139	7.419043565444e-05	0.000142417901714224
COG3757	log_NO2NO3	log_NO2NO3	0.271399705957422	0.0663075259569999	139	139	7.45885971678228e-05	0.000143115346644286
COG3846	log_NO2NO3	log_NO2NO3	0.497511134154232	0.121636868846695	139	139	7.54215689988906e-05	0.000144646034289189
COG3701	log_NO2NO3	log_NO2NO3	0.528022407567805	0.129176968164958	139	138	7.61570892753711e-05	0.000145988484714524
COG0747	log_NO2NO3	log_NO2NO3	0.0691109267537025	0.0169138613227129	139	139	7.66045729114554e-05	0.000146777791753852
COG3122	log_NO2NO3	log_NO2NO3	0.473598540685845	0.116015324872806	139	139	7.77354282855911e-05	0.000148875123262102
COG5555	log_NO2NO3	log_NO2NO3	0.601019727462752	0.147255676377899	139	128	7.79536714028536e-05	0.000149223523822424
COG1273	log_NO2NO3	log_NO2NO3	0.588538484181531	0.144206028177095	139	138	7.8024102956667e-05	0.000149288781996268
COG3543	log_NO2NO3	log_NO2NO3	0.512050233476023	0.125491950149486	139	78	7.82891001930579e-05	0.000149726081747245
COG3672	log_NO2NO3	log_NO2NO3	0.422537865592818	0.103622179679088	139	139	7.90876068405113e-05	0.000151182824058083
COG2050	log_NO2NO3	log_NO2NO3	-0.0606441898217814	0.0148727164347194	139	139	7.91272148348874e-05	0.000151188185368241
COG3717	log_NO2NO3	log_NO2NO3	0.4408637178807	0.108140633633082	139	139	7.9363509359178e-05	0.000151569175475362
COG3479	log_NO2NO3	log_NO2NO3	0.470257683942465	0.115539579206308	139	51	8.14004275330973e-05	0.000155387061480466
COG1094	log_NO2NO3	log_NO2NO3	0.60897577490866	0.149642592777761	139	136	8.15755470732986e-05	0.000155649023398565
COG4289	log_NO2NO3	log_NO2NO3	0.935453796290716	0.230098377034465	139	128	8.28512251674532e-05	0.000158009671767826
COG4995	log_NO2NO3	log_NO2NO3	0.207467395066527	0.0510366962990713	139	139	8.29735282531103e-05	0.000158169491444908
COG2336	log_NO2NO3	log_NO2NO3	0.5490023341611	0.135102137204227	139	113	8.34328729859007e-05	0.00015897135539243
COG2098	log_NO2NO3	log_NO2NO3	0.504468047418117	0.124152445885555	139	46	8.35324983291869e-05	0.000159013671518211
COG4663	log_NO2NO3	log_NO2NO3	-0.0902018117734639	0.022199047219324	139	139	8.35249546042371e-05	0.000159013671518211
COG5377	log_NO2NO3	log_NO2NO3	0.341817296019383	0.0841330466668109	139	139	8.368386984582e-05	0.000159228039521366
COG1406	log_NO2NO3	log_NO2NO3	0.561490085255065	0.138212109298676	139	138	8.37773151582308e-05	0.000159332041976857
COG3082	log_NO2NO3	log_NO2NO3	0.684303355657631	0.168493538354257	139	126	8.4166644655004e-05	0.000159998415660693
COG4170	log_NO2NO3	log_NO2NO3	0.653832306925576	0.161022476211923	139	137	8.44225753103981e-05	0.000160410702763698
COG5498	log_NO2NO3	log_NO2NO3	-0.33660481410431	0.0829512267163087	139	139	8.52722834399428e-05	0.00016195031917304
COG0698	log_NO2NO3	log_NO2NO3	-0.0789144195014354	0.0194540499107839	139	139	8.57303155961824e-05	0.000162744979884065
COG3143	log_NO2NO3	log_NO2NO3	0.549888838327632	0.135706808636783	139	139	8.71778863182088e-05	0.000165416515933119
COG4423	log_NO2NO3	log_NO2NO3	0.425262855189685	0.104971949377372	139	64	8.74528829673301e-05	0.000165861700475435
COG1093	log_NO2NO3	log_NO2NO3	0.65841145673304	0.162569710975579	139	137	8.784455396577e-05	0.000166527654679918
COG0796	log_NO2NO3	log_NO2NO3	0.117259515132659	0.0289571745878056	139	139	8.80491068123256e-05	0.000166838436708964
COG4688	log_NO2NO3	log_NO2NO3	0.727337040918414	0.17965647426123	139	136	8.83577371883275e-05	0.000167346050885039
COG0090	log_NO2NO3	log_NO2NO3	-0.0359317534281564	0.00887850103695636	139	139	8.88395956567658e-05	0.000168181133160366
COG0482	log_NO2NO3	log_NO2NO3	-0.0383801663927381	0.00950129794595395	139	139	9.14271357632055e-05	0.000172920199684737
COG2979	log_NO2NO3	log_NO2NO3	0.524391341594686	0.129814970539907	139	138	9.14052129474619e-05	0.000172920199684737
COG3659	log_NO2NO3	log_NO2NO3	0.468398904916989	0.116083815147898	139	139	9.29816548520342e-05	0.000175779400889165
COG4568	log_NO2NO3	log_NO2NO3	0.716715427057292	0.177738272408334	139	112	9.38945512733942e-05	0.000177423558707959
COG0600	log_NO2NO3	log_NO2NO3	0.0605299663778335	0.0150122172604369	139	139	9.40270480509276e-05	0.000177592236042855
COG1153	log_NO2NO3	log_NO2NO3	0.357586447242854	0.088705212224086	139	137	9.43364101024191e-05	0.00017809465657203
COG3189	log_NO2NO3	log_NO2NO3	0.558260132093234	0.138497743470827	139	131	9.44621380886399e-05	0.000178168256780593
COG3285	log_NO2NO3	log_NO2NO3	0.60098159944161	0.149095195511718	139	139	9.44501862189129e-05	0.000178168256780593
COG2058	log_NO2NO3	log_NO2NO3	0.605949453784805	0.150406078219258	139	137	9.52027606579584e-05	0.00017948276309449
COG1625	log_NO2NO3	log_NO2NO3	-0.596511017540443	0.148084889532343	139	136	9.54139770805528e-05	0.000179798448553629
COG0447	log_NO2NO3	log_NO2NO3	-0.144973079374596	0.0360330759995422	139	139	9.71710451305695e-05	0.00018302551737569
COG3107	log_NO2NO3	log_NO2NO3	0.199159390594996	0.0495627755068246	139	139	9.90229588984355e-05	0.000186428192096596
COG0836	log_NO2NO3	log_NO2NO3	-0.0454724640413173	0.0113170367491329	139	139	9.91245460138011e-05	0.0001865339601579
COG5622	log_NO2NO3	log_NO2NO3	0.521876984816283	0.129908942114166	139	133	9.94244578169475e-05	0.000187012670655687
COG0235	log_NO2NO3	log_NO2NO3	-0.0630707283339653	0.0157152933750512	139	139	0.000100902531337165	0.000189705994843511
COG0031	log_NO2NO3	log_NO2NO3	-0.0324801043512086	0.00809338984972952	139	139	0.000100967145230703	0.000189740637057515
COG0503	log_NO2NO3	log_NO2NO3	-0.0384344913166859	0.00957740883573781	139	139	0.000101015792629748	0.000189745256572019
COG3864	log_NO2NO3	log_NO2NO3	-0.217045832398738	0.0541009668779523	139	139	0.000101461909960719	0.000190496127110892
COG2109	log_NO2NO3	log_NO2NO3	-0.173211420032066	0.0431832426493599	139	139	0.000101762752765675	0.000190973681298032
COG1527	log_NO2NO3	log_NO2NO3	0.646855720977072	0.161282410316076	139	138	0.000101907367504579	0.000191157746899001
COG3818	log_NO2NO3	log_NO2NO3	-0.130965423135808	0.0326846047642664	139	139	0.000103358112095987	0.00019379056343693
COG2361	log_NO2NO3	log_NO2NO3	0.644391329433472	0.160826530063486	139	121	0.000103434955289647	0.000193846166208882
COG3755	log_NO2NO3	log_NO2NO3	0.458699294662946	0.11449218059262	139	135	0.000103577717746888	0.000194025200412318
COG2323	log_NO2NO3	log_NO2NO3	0.57947798641078	0.144676159056521	139	138	0.000103981885250866	0.000194604822146041
COG5010	log_NO2NO3	log_NO2NO3	0.478388167010574	0.119434665606217	139	138	0.000103945617899473	0.000194604822146041
COG0519	log_NO2NO3	log_NO2NO3	-0.0382337691677581	0.0095464775860658	139	139	0.000104111831791257	0.000194759291893662
COG4461	log_NO2NO3	log_NO2NO3	0.619475154094097	0.15473728852585	139	122	0.000104745471001641	0.000195855436902477
COG1017	log_NO2NO3	log_NO2NO3	0.470372301809521	0.117608058502473	139	139	0.000106295418544135	0.000198663138935081
COG5395	log_NO2NO3	log_NO2NO3	-0.448554640346256	0.112196591542307	139	139	0.000106918375818	0.000199736556553135
COG1019	log_NO2NO3	log_NO2NO3	0.743683305312672	0.186063961334799	139	136	0.000107325371920192	0.000200405739930976
COG1601	log_NO2NO3	log_NO2NO3	0.577585212128388	0.144541046198318	139	139	0.00010770016843753	0.000201014217147376
COG3905	log_NO2NO3	log_NO2NO3	0.548895161636969	0.137385396961959	139	93	0.000107983402799862	0.000201451325477672
COG3092	log_NO2NO3	log_NO2NO3	0.654671925935715	0.163869484486619	139	137	0.000108069945908056	0.000201521260912526
COG2147	log_NO2NO3	log_NO2NO3	0.582501186679851	0.145817019283611	139	138	0.000108208217239885	0.000201687548285593
COG3835	log_NO2NO3	log_NO2NO3	0.653935101967057	0.163727707684073	139	124	0.000108492964723848	0.00020212657554901
COG5257	log_NO2NO3	log_NO2NO3	0.61794430799454	0.154739005834491	139	139	0.000108728862045935	0.000202474236303128
COG1529	log_NO2NO3	log_NO2NO3	0.20371914819424	0.0510741157417046	139	139	0.000110689888243461	0.000206032651066668
COG2951	log_NO2NO3	log_NO2NO3	-0.0851199666571277	0.0213472287447313	139	139	0.000111228733204272	0.000206911337130728
COG4293	log_NO2NO3	log_NO2NO3	0.694304084528805	0.174128014721795	139	135	0.000111262693213676	0.000206911337130728
COG3886	log_NO2NO3	log_NO2NO3	0.226961385981382	0.0569309170740102	139	139	0.000111558965155844	0.000207368429348509
COG0024	log_NO2NO3	log_NO2NO3	-0.026691771960171	0.00669601934922712	139	139	0.00011172447002936	0.000207582145129177
COG1776	log_NO2NO3	log_NO2NO3	0.575202010123472	0.144314769730762	139	139	0.000111920993532094	0.000207853273702461
COG1079	log_NO2NO3	log_NO2NO3	0.0719862433833974	0.0180671262994691	139	139	0.000112496587879108	0.00020882782783885
COG5477	log_NO2NO3	log_NO2NO3	-0.170281577424818	0.0428002602641612	139	139	0.000114992541634575	0.000213364661714018
COG4302	log_NO2NO3	log_NO2NO3	0.575311775488967	0.144618601025091	139	138	0.000115158838997013	0.000213576754221096
COG4172	log_NO2NO3	log_NO2NO3	-0.0816705536682361	0.0205357321211848	139	139	0.000115648530360375	0.000214388160072393
COG0732	log_NO2NO3	log_NO2NO3	0.186217909901076	0.0468279987816877	139	139	0.000115805004029426	0.000214581396731115
COG1254	log_NO2NO3	log_NO2NO3	0.41568199105561	0.104556699138443	139	139	0.000116228271699108	0.000215268593390414
COG1343	log_NO2NO3	log_NO2NO3	0.595674321303612	0.149850410695434	139	112	0.000116460964281585	0.000215602361995833
COG3420	log_NO2NO3	log_NO2NO3	0.446305635584415	0.112306028576351	139	139	0.000116946924593939	0.000216404489293648
COG1697	log_NO2NO3	log_NO2NO3	0.521835932966072	0.13138780890927	139	138	0.000117952914635288	0.000218116911007218
COG3012	log_NO2NO3	log_NO2NO3	0.324321823356539	0.081658916244963	139	139	0.000117978523918704	0.000218116911007218
COG3695	log_NO2NO3	log_NO2NO3	0.15801591691418	0.0397881139151761	139	139	0.000118079721626701	0.00021820580136864
COG4902	log_NO2NO3	log_NO2NO3	0.635219027746569	0.16001020616821	139	122	0.000118774520534672	0.000219391065807748
COG4589	log_NO2NO3	log_NO2NO3	-0.170465903269653	0.0429738934742614	139	139	0.000120173584991744	0.000221875544784756
COG1006	log_NO2NO3	log_NO2NO3	0.141224372042788	0.0356094800742159	139	139	0.000120538177413674	0.000222348824793612
COG3207	log_NO2NO3	log_NO2NO3	0.606390796669809	0.152897948536375	139	62	0.000120509717503249	0.000222348824793612
COG3202	log_NO2NO3	log_NO2NO3	0.11819796557784	0.0298059141346861	139	139	0.000120688171737789	0.000222525587746336
COG2187	log_NO2NO3	log_NO2NO3	0.473121603170068	0.119367095107439	139	139	0.000121594174097239	0.000224095498964314
COG4959	log_NO2NO3	log_NO2NO3	0.505734136587228	0.127680934812332	139	139	0.00012280905295451	0.000226232999792433
COG2007	log_NO2NO3	log_NO2NO3	0.60848926975422	0.153731922136788	139	137	0.000124099669560331	0.00022850804238182
COG4248	log_NO2NO3	log_NO2NO3	0.317642101505628	0.0802888933032484	139	139	0.000124972595289484	0.00023001228559552
COG3064	log_NO2NO3	log_NO2NO3	0.661904824792987	0.167342911762529	139	137	0.000125373732506615	0.000230647242784224
COG5256	log_NO2NO3	log_NO2NO3	0.653834644382042	0.165375236251147	139	138	0.000126188194432046	0.000232041675347737
COG0016	log_NO2NO3	log_NO2NO3	-0.0343442290894804	0.00868758552815935	139	139	0.000126371439150804	0.000232274663101343
COG2359	log_NO2NO3	log_NO2NO3	0.426458345410234	0.107971897872494	139	73	0.000128047977737458	0.000235250935843237
COG2747	log_NO2NO3	log_NO2NO3	0.541591185041652	0.137199426033329	139	131	0.00012912148054115	0.000237117139947717
COG4458	log_NO2NO3	log_NO2NO3	0.384742598055937	0.097523132683209	139	138	0.000130247290066721	0.000239077688826671
COG3077	log_NO2NO3	log_NO2NO3	0.541904839869408	0.137403754853671	139	135	0.000130857077982534	0.00024000018526988
COG5619	log_NO2NO3	log_NO2NO3	0.575584184734777	0.145944119337672	139	101	0.000130866702776176	0.00024000018526988
COG2351	log_NO2NO3	log_NO2NO3	0.0845608594220344	0.0214553531918836	139	139	0.000132148034729655	0.000242241912837762
COG5404	log_NO2NO3	log_NO2NO3	0.60023472611431	0.152343369975228	139	127	0.000132756553183276	0.00024324884945446
COG3085	log_NO2NO3	log_NO2NO3	0.693672386885326	0.176117468027175	139	136	0.000133409933620424	0.000244337051855864
COG4865	log_NO2NO3	log_NO2NO3	0.701412229931647	0.178125145895754	139	110	0.000133877846619822	0.000245084756646269
COG2910	log_NO2NO3	log_NO2NO3	0.410385412907209	0.104275927698523	139	139	0.000134965652650528	0.000246966102934685
COG0149	log_NO2NO3	log_NO2NO3	-0.0369627848272115	0.00939397448836951	139	139	0.000135386766277586	0.000247626373939592
COG2329	log_NO2NO3	log_NO2NO3	0.173053566689653	0.0440099004270521	139	139	0.000136691563580084	0.000249901621356024
COG5338	log_NO2NO3	log_NO2NO3	0.598074114700274	0.152125217188656	139	132	0.000137042933998493	0.000250432550207211
COG4651	log_NO2NO3	log_NO2NO3	-0.278675451194807	0.0709060641803234	139	139	0.000137681984765594	0.000251488480843512
COG3363	log_NO2NO3	log_NO2NO3	0.571932681274259	0.145648213171808	139	55	0.000139428720906571	0.000254565860215197
COG0496	log_NO2NO3	log_NO2NO3	-0.0519773305564348	0.0132392544839127	139	139	0.000139846959762417	0.000255216042071972
COG3549	log_NO2NO3	log_NO2NO3	0.445392402447759	0.113467897429427	139	139	0.000140225561842258	0.000255793342827707
COG1798	log_NO2NO3	log_NO2NO3	0.624371633066655	0.159141911406312	139	137	0.000141221403396374	0.000257495572637507
COG1717	log_NO2NO3	log_NO2NO3	0.609946185226565	0.155551570867301	139	137	0.000142367636400616	0.000259355321655756
COG1999	log_NO2NO3	log_NO2NO3	0.0828336825040684	0.0211246261803199	139	139	0.000142363737711082	0.000259355321655756
COG1310	log_NO2NO3	log_NO2NO3	0.560988331550974	0.143082807473643	139	139	0.000142609545866386	0.000259680857455282
COG3843	log_NO2NO3	log_NO2NO3	0.482193321845044	0.123200896854936	139	139	0.000146271826265915	0.00026623157390358
COG5008	log_NO2NO3	log_NO2NO3	0.37481827730644	0.0957769407221302	139	139	0.000146503852297941	0.000266535795057547
COG2993	log_NO2NO3	log_NO2NO3	0.331151053494146	0.0846712417731796	139	139	0.000147826263314589	0.000268822616067434
COG4117	log_NO2NO3	log_NO2NO3	0.481526495478565	0.123184400075657	139	138	0.000148941668228251	0.000270731138531705
COG0258	log_NO2NO3	log_NO2NO3	-0.0419899929964734	0.0107452196337979	139	139	0.000149607152303171	0.000271820513782144
COG3907	log_NO2NO3	log_NO2NO3	0.47741402648407	0.122175970366236	139	139	0.000149712341606248	0.000271891379009048
COG3825	log_NO2NO3	log_NO2NO3	-0.11027627644257	0.0282617367028876	139	139	0.000152859462903204	0.000277484168628529
COG5434	log_NO2NO3	log_NO2NO3	0.315055087384822	0.0807959417956384	139	139	0.000154317841798314	0.000280007815418496
COG1854	log_NO2NO3	log_NO2NO3	0.608546184586868	0.156157452571953	139	127	0.000155684439300804	0.000282362771146889
COG3372	log_NO2NO3	log_NO2NO3	0.681333063810515	0.174915695851162	139	136	0.000156719262128121	0.000283988852590349
COG3661	log_NO2NO3	log_NO2NO3	0.577568485809015	0.148275688667092	139	138	0.000156704453299261	0.000283988852590349
COG0614	log_NO2NO3	log_NO2NO3	0.117201994295796	0.0301092096964623	139	139	0.000158255780125743	0.000286268051411957
COG2390	log_NO2NO3	log_NO2NO3	0.201427589630311	0.0517456529855563	139	139	0.000158206419182246	0.000286268051411957
COG3044	log_NO2NO3	log_NO2NO3	0.702336426491905	0.180420485596051	139	136	0.0001581318597711	0.000286268051411957
COG5031	log_NO2NO3	log_NO2NO3	-0.381962849795505	0.0981229612317563	139	139	0.00015817821349521	0.000286268051411957
COG0575	log_NO2NO3	log_NO2NO3	-0.0506582897738378	0.0130158304437051	139	139	0.000158554176331709	0.000286681582909621
COG2238	log_NO2NO3	log_NO2NO3	0.599478630270208	0.1541367477919	139	137	0.000160191585265088	0.00028950628017828
COG3033	log_NO2NO3	log_NO2NO3	-0.343918621935551	0.0884302022519208	139	139	0.000160257371257402	0.00028950628017828
COG0780	log_NO2NO3	log_NO2NO3	-0.0774534485051215	0.0199201791090716	139	139	0.000160827075258672	0.000290407747324231
COG0326	log_NO2NO3	log_NO2NO3	-0.0990705641364222	0.0254964971469615	139	139	0.000162336801701173	0.000293005088483488
COG3062	log_NO2NO3	log_NO2NO3	0.519244433204422	0.133758368218513	139	66	0.000164560536860301	0.000296888311559999
COG1102	log_NO2NO3	log_NO2NO3	0.545915656503286	0.140759637732274	139	136	0.000166757664224387	0.000300720142508245
COG0068	log_NO2NO3	log_NO2NO3	0.360846808470124	0.093057144134661	139	139	0.00016716485619161	0.000301322171669651
COG2859	log_NO2NO3	log_NO2NO3	-0.292768199302694	0.075520093816123	139	139	0.000167779358585929	0.000302297195206577
COG3702	log_NO2NO3	log_NO2NO3	0.512781002910381	0.132389521036495	139	134	0.000169900594583944	0.00030598493754969
COG3932	log_NO2NO3	log_NO2NO3	0.36338569859688	0.0939120713537167	139	139	0.000172320602938293	0.000310207290477874
COG3179	log_NO2NO3	log_NO2NO3	-0.446668814185184	0.115481112737782	139	139	0.000173291286671042	0.000311818048902602
COG3386	log_NO2NO3	log_NO2NO3	0.0750531418847812	0.0194085268616679	139	139	0.000173849430988592	0.00031268540389717
COG2130	log_NO2NO3	log_NO2NO3	-0.0832096264514187	0.0215228690248684	139	139	0.000174434959811316	0.000313601231905858
COG5489	log_NO2NO3	log_NO2NO3	0.455010588664334	0.117877929373057	139	139	0.000178373994949857	0.000320542594599306
COG0152	log_NO2NO3	log_NO2NO3	-0.0300892659565252	0.00780480690194412	139	139	0.000181534474659343	0.000325794504980595
COG2075	log_NO2NO3	log_NO2NO3	0.572199317402502	0.148419633289418	139	136	0.000181495810431427	0.000325794504980595
COG3313	log_NO2NO3	log_NO2NO3	-0.194789642310656	0.0505261432988176	139	139	0.000181532820065682	0.000325794504980595
COG3423	log_NO2NO3	log_NO2NO3	0.624275637222888	0.162247184527377	139	101	0.000186614543093203	0.000334601223695309
COG3649	log_NO2NO3	log_NO2NO3	0.590923477143331	0.15358324420983	139	129	0.000186685979724841	0.000334601223695309
COG4603	log_NO2NO3	log_NO2NO3	0.0709024494750776	0.0184271715998709	139	139	0.000186594335024966	0.000334601223695309
COG4757	log_NO2NO3	log_NO2NO3	0.49013260865309	0.127411137606466	139	139	0.000187177823220781	0.000335336457824234
COG0265	log_NO2NO3	log_NO2NO3	-0.040688433783194	0.0105821912232968	139	139	0.000188460164580003	0.000337486641715192
COG5412	log_NO2NO3	log_NO2NO3	-0.544219480720232	0.141646786797688	139	134	0.000190470553139661	0.00034093814043474
COG0184	log_NO2NO3	log_NO2NO3	-0.0308704470238337	0.00804163788203781	139	139	0.000192754378816398	0.000344875865931082
COG2971	log_NO2NO3	log_NO2NO3	0.283636058226208	0.0739323228002332	139	139	0.000194449166649187	0.000347756715975125
COG4872	log_NO2NO3	log_NO2NO3	0.614756915372301	0.160301335304025	139	133	0.000195459831253198	0.000349412091726778
COG1571	log_NO2NO3	log_NO2NO3	0.690155521382802	0.180078512147362	139	137	0.00019723831970569	0.000352438024076109
COG5495	log_NO2NO3	log_NO2NO3	0.198714597339552	0.0518552425789102	139	139	0.000197543132109349	0.000352829211610958
COG0664	log_NO2NO3	log_NO2NO3	0.129451560432867	0.033800469276224	139	139	0.000199154597725515	0.000355552841137077
COG4281	log_NO2NO3	log_NO2NO3	0.419002716635117	0.109411746674867	139	139	0.000199357512894122	0.000355760496511318
COG3109	log_NO2NO3	log_NO2NO3	0.613427476291363	0.160200539925641	139	138	0.000199701570049646	0.000356219735025595
COG0675	log_NO2NO3	log_NO2NO3	0.412250206589197	0.107753369854948	139	139	0.000202084142339411	0.000360313219066971
COG1199	log_NO2NO3	log_NO2NO3	0.112212807470546	0.0293574102829195	139	139	0.000204728428845584	0.000364869581647575
COG2948	log_NO2NO3	log_NO2NO3	0.446381765008705	0.116824407970558	139	139	0.000205726716911023	0.000366489745477227
COG1631	log_NO2NO3	log_NO2NO3	0.595589938684023	0.155925195247659	139	137	0.000206662919513275	0.000367997951174918
COG0553	log_NO2NO3	log_NO2NO3	0.157725243723485	0.0413024117209064	139	139	0.000207360294971996	0.000369079762454489
COG0038	log_NO2NO3	log_NO2NO3	-0.112975752077458	0.0296043630545977	139	139	0.000209334299669595	0.000372431919897227
COG0030	log_NO2NO3	log_NO2NO3	-0.0386669239647131	0.0101335122513435	139	139	0.000209668334565269	0.000372864726577543
COG3546	log_NO2NO3	log_NO2NO3	0.583546652133529	0.153109192764813	139	113	0.000213077943036011	0.000378764253566393
COG2089	log_NO2NO3	log_NO2NO3	0.0645579055882492	0.0169515448954679	139	139	0.000215359387569233	0.000382654136736337
COG3529	log_NO2NO3	log_NO2NO3	0.419975217635749	0.110283207868242	139	139	0.000215536930879568	0.000382804025963366
COG4536	log_NO2NO3	log_NO2NO3	-0.107559989019953	0.0282605597535062	139	139	0.000217219473976669	0.000385625583014761
COG1151	log_NO2NO3	log_NO2NO3	0.976788754488955	0.256835245668251	139	72	0.000219468571204336	0.000389450060694347
COG2511	log_NO2NO3	log_NO2NO3	0.615072678190473	0.161869515626996	139	138	0.000222165585163736	0.000394065727052085
COG0557	log_NO2NO3	log_NO2NO3	-0.103101739108933	0.0271412938541674	139	139	0.000223054790483877	0.000395472196507452
COG4538	log_NO2NO3	log_NO2NO3	0.694350078575382	0.182809736591462	139	95	0.000223453198332954	0.000396007652610775
COG4551	log_NO2NO3	log_NO2NO3	0.51316064888018	0.13523741278644	139	134	0.000226465437419626	0.000401172926657966
COG3915	log_NO2NO3	log_NO2NO3	0.513704499885437	0.13538503552718	139	135	0.000226564275451797	0.000401175018774131
COG3505	log_NO2NO3	log_NO2NO3	0.426040204759345	0.112300737939619	139	139	0.000227100755616368	0.000401843277320121
COG4785	log_NO2NO3	log_NO2NO3	0.618387968870091	0.163003955766366	139	136	0.000227137314979874	0.000401843277320121
COG4929	log_NO2NO3	log_NO2NO3	0.558523454695639	0.147252081082445	139	133	0.000227733912291635	0.00040272531713045
COG1491	log_NO2NO3	log_NO2NO3	0.597500065590552	0.157603075241656	139	138	0.000229227228054385	0.000405191675063432
COG2335	log_NO2NO3	log_NO2NO3	-0.260282407929199	0.0686739242102197	139	139	0.000230100405969508	0.00040656020117107
COG3903	log_NO2NO3	log_NO2NO3	0.624880218037966	0.16489419082744	139	137	0.000230548070724612	0.000407176042363158
COG3970	log_NO2NO3	log_NO2NO3	-0.174178695363752	0.0459652945780306	139	139	0.000230740632275421	0.000407341004463871
COG3806	log_NO2NO3	log_NO2NO3	-0.194131946913962	0.0512329380524661	139	139	0.000230866272783318	0.000407387735650289
COG1035	log_NO2NO3	log_NO2NO3	0.416681471422801	0.110108328006951	139	139	0.000235008324670232	0.000414518762449684
COG4145	log_NO2NO3	log_NO2NO3	0.175099722180697	0.046289573342193	139	139	0.000236357504376026	0.000416719582822624
COG1215	log_NO2NO3	log_NO2NO3	0.142590231168798	0.0377200607660634	139	139	0.000238486068334657	0.000420013945818956
COG3851	log_NO2NO3	log_NO2NO3	0.467500338445481	0.123665427277964	139	137	0.000238364296971962	0.000420013945818956
COG4924	log_NO2NO3	log_NO2NO3	0.576405124855713	0.152481328456559	139	137	0.000238532749658137	0.000420013945818956
COG4867	log_NO2NO3	log_NO2NO3	0.173280878171633	0.0458524538707136	139	139	0.000239457903819863	0.000421462326003427
COG1312	log_NO2NO3	log_NO2NO3	0.147442638121443	0.0390326609764833	139	139	0.000240915550494833	0.00042384628755151
COG2053	log_NO2NO3	log_NO2NO3	0.581371690776348	0.154294273865205	139	136	0.000249295875284706	0.000438402164242112
COG3931	log_NO2NO3	log_NO2NO3	0.106717553291682	0.0283335248221815	139	139	0.000250615324344447	0.000440533912026952
COG0319	log_NO2NO3	log_NO2NO3	-0.0607099471978538	0.0161232579492168	139	139	0.000251621393052519	0.000442113209007591
COG1997	log_NO2NO3	log_NO2NO3	0.555915503438379	0.147745654564719	139	134	0.000254092428675019	0.000446264085932868
COG4190	log_NO2NO3	log_NO2NO3	0.522952639348239	0.13899357481643	139	122	0.00025430210453969	0.000446441472414122
COG3830	log_NO2NO3	log_NO2NO3	0.204655538942152	0.0544146104139788	139	139	0.000255571672071807	0.000448478611222119
COG0158	log_NO2NO3	log_NO2NO3	0.145500055710412	0.0387056103733512	139	139	0.000257320076036903	0.000451353916464388
COG0223	log_NO2NO3	log_NO2NO3	-0.0388888312287343	0.0103457900848547	139	139	0.000257544719653439	0.000451555146537058
COG0073	log_NO2NO3	log_NO2NO3	-0.0338957102347127	0.00902108198605347	139	139	0.000258953072805541	0.000453830726572169
COG3144	log_NO2NO3	log_NO2NO3	0.374141184287939	0.0996931682769528	139	139	0.000263142009999996	0.00046097542732622
COG3706	log_NO2NO3	log_NO2NO3	0.217472627116375	0.0579712878573762	139	139	0.000264604567762315	0.000463339967761121
COG3422	log_NO2NO3	log_NO2NO3	-0.341255593547552	0.0910041038526105	139	138	0.000266027879493581	0.00046563380015323
COG2056	log_NO2NO3	log_NO2NO3	0.512154072870278	0.136623583513421	139	139	0.000267217425050132	0.000467516687438647
COG1280	log_NO2NO3	log_NO2NO3	-0.0593716781207153	0.0158408495858497	139	139	0.000267832063063643	0.000468392556434842
COG3342	log_NO2NO3	log_NO2NO3	0.223688093701912	0.0596858692188963	139	139	0.000268077157842479	0.000468621686985916
COG2111	log_NO2NO3	log_NO2NO3	0.142851184490497	0.0381202295136992	139	139	0.000268434714346557	0.000469047131661274
COG1461	log_NO2NO3	log_NO2NO3	0.472157785045316	0.126034711575244	139	139	0.00026952939454978	0.000470759673813986
COG4336	log_NO2NO3	log_NO2NO3	0.147980784036189	0.039506876030934	139	139	0.000270067077706496	0.000471498323509683
COG3152	log_NO2NO3	log_NO2NO3	0.0871670819981476	0.0233008865967041	139	139	0.000274722973114797	0.000479423098366858
COG4633	log_NO2NO3	log_NO2NO3	0.554002982457358	0.148180584872389	139	138	0.000276931550001872	0.000483072105056344
COG5343	log_NO2NO3	log_NO2NO3	0.483049264853892	0.129210167867823	139	136	0.000277154430144376	0.000483255687195711
COG4705	log_NO2NO3	log_NO2NO3	0.626106816893491	0.167724112228873	139	127	0.000282692461144609	0.000492511831945962
COG5529	log_NO2NO3	log_NO2NO3	0.508215046053687	0.136143142278745	139	47	0.000282702750664211	0.000492511831945962
COG1940	log_NO2NO3	log_NO2NO3	0.0744733763866025	0.0199510344085583	139	139	0.00028284310520989	0.000492547467656732
COG0602	log_NO2NO3	log_NO2NO3	0.0701349785345592	0.0187938487628218	139	139	0.0002838607520196	0.000494110156481576
COG2870	log_NO2NO3	log_NO2NO3	0.0841319249232213	0.0225498245733407	139	139	0.000284746656997735	0.000495442298579711
COG2382	log_NO2NO3	log_NO2NO3	0.189261471113346	0.0507986396148874	139	139	0.000290111448574361	0.000504563010475645
COG0672	log_NO2NO3	log_NO2NO3	0.282854160765016	0.0759482000140532	139	139	0.000291584015652063	0.000506909494836511
COG1736	log_NO2NO3	log_NO2NO3	0.640020322612561	0.171965587608433	139	138	0.000294213148330381	0.000511263795829613
COG3858	log_NO2NO3	log_NO2NO3	0.242470372221768	0.0651683356459238	139	139	0.000295388296374079	0.000513088846302205
COG1913	log_NO2NO3	log_NO2NO3	0.635289130631975	0.170797544230693	139	114	0.000296586413142682	0.000514952233808173
COG1111	log_NO2NO3	log_NO2NO3	0.628020160717257	0.169026796287183	139	138	0.000300895179964419	0.000522212673972891
COG3059	log_NO2NO3	log_NO2NO3	0.57476221289964	0.154698558692755	139	136	0.000301043042064344	0.000522248655743381
COG4424	log_NO2NO3	log_NO2NO3	0.641092851480825	0.172616766276485	139	129	0.000302554084934567	0.000524648451207767
COG3544	log_NO2NO3	log_NO2NO3	-0.135822036821982	0.0365727226861128	139	139	0.000302785139856403	0.000524827575751099
COG4146	log_NO2NO3	log_NO2NO3	0.0960791842362888	0.0258736080164376	139	139	0.000303160831903545	0.00052525714781095
COG1890	log_NO2NO3	log_NO2NO3	0.577703083809829	0.155691318598286	139	137	0.000306245951184543	0.000530378738392118
COG1274	log_NO2NO3	log_NO2NO3	0.327684926461826	0.0883368329574606	139	139	0.000307420588891096	0.000532188697498788
COG2905	log_NO2NO3	log_NO2NO3	0.391172299536228	0.105567419176094	139	139	0.00031191044681446	0.000539733831303202
COG1537	log_NO2NO3	log_NO2NO3	0.612538453428913	0.16533650335152	139	138	0.000312608897282924	0.000540714673700317
COG2274	log_NO2NO3	log_NO2NO3	-0.114945346138189	0.0310320199965245	139	139	0.000313400910342605	0.000541712434775121
COG3607	log_NO2NO3	log_NO2NO3	0.558769615765339	0.150853897911199	139	122	0.000313449478447045	0.000541712434775121
COG0189	log_NO2NO3	log_NO2NO3	-0.0567382759924103	0.015325087980128	139	139	0.000315388876569759	0.000544834947413192
COG4850	log_NO2NO3	log_NO2NO3	0.490530259767971	0.132618447965584	139	139	0.000319348641050755	0.000551443555038462
COG2890	log_NO2NO3	log_NO2NO3	-0.0321684665290374	0.00870031073261238	139	139	0.000320961630091625	0.000553995956477476
COG2229	log_NO2NO3	log_NO2NO3	0.544815855812242	0.147441772737769	139	98	0.00032356081806849	0.000558247728108088
COG3237	log_NO2NO3	log_NO2NO3	0.506568277351323	0.137203662998844	139	136	0.00032707180564759	0.000564068420487111
COG2201	log_NO2NO3	log_NO2NO3	0.233163244924401	0.0631864675570274	139	139	0.000329414228054051	0.000567869764517852
COG4942	log_NO2NO3	log_NO2NO3	0.119618207371137	0.03244689697778	139	139	0.000333532755488639	0.000574728422628912
COG0166	log_NO2NO3	log_NO2NO3	-0.039089792791543	0.0106046105218218	139	139	0.000334090851121381	0.000575300131983133
COG0410	log_NO2NO3	log_NO2NO3	-0.0504823675034347	0.013695453231606	139	139	0.000334144623883095	0.000575300131983133
COG0144	log_NO2NO3	log_NO2NO3	-0.0763213642242949	0.0207200128734814	139	139	0.000337250374438039	0.000580404079678033
COG1129	log_NO2NO3	log_NO2NO3	-0.0769260106001962	0.0208933513933181	139	139	0.000339194005224515	0.000583504595252223
COG1733	log_NO2NO3	log_NO2NO3	0.235695399404555	0.0640374661827882	139	139	0.000340708135924465	0.000585863969182797
COG5565	log_NO2NO3	log_NO2NO3	0.521609120676635	0.141888683617826	139	137	0.000346065123863501	0.000594826581100946
COG5108	log_NO2NO3	log_NO2NO3	-0.278566257822618	0.0757862735021344	139	139	0.000346682852074738	0.00059563912853326
COG4448	log_NO2NO3	log_NO2NO3	-0.137949484067995	0.0375358068638682	139	139	0.000347344990236495	0.000596527265840938
COG5314	log_NO2NO3	log_NO2NO3	0.49108479875644	0.133666005831328	139	137	0.000348793159251946	0.000598764019309233
COG2451	log_NO2NO3	log_NO2NO3	0.549437590204495	0.149782121539157	139	49	0.000355933265888595	0.000610657339654447
COG3819	log_NO2NO3	log_NO2NO3	0.584237315443244	0.159271811727376	139	100	0.000356018580446057	0.000610657339654447
COG0744	log_NO2NO3	log_NO2NO3	-0.0808165782794711	0.0220510634273091	139	139	0.000360075883866591	0.000617358819250399
COG1594	log_NO2NO3	log_NO2NO3	0.553459343288487	0.151030517553176	139	136	0.000360612500033647	0.00061802092204348
COG1394	log_NO2NO3	log_NO2NO3	0.535401203209332	0.146130935980503	139	139	0.000361515485795382	0.000619310098268319
COG3832	log_NO2NO3	log_NO2NO3	0.498061925068928	0.135954877083869	139	138	0.000362040124881068	0.000619950326390758
COG4308	log_NO2NO3	log_NO2NO3	0.236604707811459	0.0645896957296943	139	139	0.00036234693785252	0.000620217175290896
COG3303	log_NO2NO3	log_NO2NO3	0.78163656501257	0.213575816239535	139	105	0.0003667712810323	0.000627528705739562
COG3278	log_NO2NO3	log_NO2NO3	0.262630076658214	0.0717711358889476	139	139	0.000367406696201221	0.000628354166525653
COG4962	log_NO2NO3	log_NO2NO3	0.25277840644848	0.069111209781289	139	139	0.000369634145811155	0.000631900570533593
COG2097	log_NO2NO3	log_NO2NO3	0.504793743018057	0.138038339340948	139	136	0.000370484049877501	0.000633090048625946
COG4767	log_NO2NO3	log_NO2NO3	-0.500699671072907	0.136965112573443	139	111	0.000372105041835576	0.000635595639027254
COG5472	log_NO2NO3	log_NO2NO3	-0.412956630755319	0.113068462893274	139	136	0.000376599523521205	0.000643005337749422
COG3133	log_NO2NO3	log_NO2NO3	-0.33363970003566	0.0914369799925877	139	139	0.000381171707143358	0.000650541492706654
COG3669	log_NO2NO3	log_NO2NO3	0.163450576063348	0.0448043377946565	139	139	0.000382182806795457	0.000651996250131121
COG3283	log_NO2NO3	log_NO2NO3	0.52620801229376	0.144262580609769	139	139	0.000382892116633384	0.000652935166097941
COG3375	log_NO2NO3	log_NO2NO3	0.498127321754741	0.136614508798381	139	138	0.000384711812256014	0.000655673895490878
COG4795	log_NO2NO3	log_NO2NO3	0.224948697922021	0.0616948936310672	139	139	0.000384817371477241	0.000655673895490878
COG1267	log_NO2NO3	log_NO2NO3	-0.0659297738080197	0.0180903184859009	139	139	0.000387087219456719	0.000659267950882339
COG1658	log_NO2NO3	log_NO2NO3	0.64694245818788	0.177636351651367	139	130	0.000390550974443651	0.000664891588485089
COG1644	log_NO2NO3	log_NO2NO3	0.583654452409205	0.160318309673655	139	136	0.000392412727464785	0.000667774897703073
COG4274	log_NO2NO3	log_NO2NO3	-0.0898859910617998	0.0246906708517697	139	139	0.000392569712257284	0.000667774897703073
COG1806	log_NO2NO3	log_NO2NO3	-0.0819673130125693	0.0225181965831937	139	139	0.000393172715383581	0.000668523805792944
COG4606	log_NO2NO3	log_NO2NO3	0.606657546850032	0.166746317800587	139	123	0.000395728326936007	0.000672590801428679
COG4264	log_NO2NO3	log_NO2NO3	0.476541030171518	0.130989767185598	139	139	0.000396013259981357	0.000672796721258649
COG4152	log_NO2NO3	log_NO2NO3	0.163003067405806	0.0448302228487477	139	139	0.000398799793595194	0.000677250744972739
COG0066	log_NO2NO3	log_NO2NO3	-0.0301109970521159	0.0082829408737755	139	139	0.000399790699402349	0.000678652972373905
COG1245	log_NO2NO3	log_NO2NO3	0.617459696293028	0.169856843846074	139	138	0.000399967352172937	0.000678672400960936
COG2320	log_NO2NO3	log_NO2NO3	0.297684606824166	0.0818991032914582	139	139	0.000400536641851324	0.000679357772388621
COG3184	log_NO2NO3	log_NO2NO3	0.60350423527725	0.166095845618746	139	130	0.00040237506019615	0.000682194282825335
COG0412	log_NO2NO3	log_NO2NO3	0.107320688938399	0.029551498332202	139	139	0.000404957027223092	0.000686288559336825
COG0175	log_NO2NO3	log_NO2NO3	0.0932350865734211	0.025697296624269	139	139	0.000409884961274046	0.000694353575634549
COG5419	log_NO2NO3	log_NO2NO3	0.503702861589327	0.138971680805233	139	133	0.000415251626215786	0.000703154855933408
COG2502	log_NO2NO3	log_NO2NO3	0.622192344115945	0.171702021976238	139	117	0.000416455191996615	0.00070490162821911
COG3744	log_NO2NO3	log_NO2NO3	-0.328008272055139	0.0905210500020546	139	138	0.000416626376172346	0.00070490162821911
COG1163	log_NO2NO3	log_NO2NO3	0.59257444017704	0.163554996937318	139	137	0.00041731117953065	0.000705769586460234
COG2047	log_NO2NO3	log_NO2NO3	0.609193627557619	0.168172999813982	139	136	0.000418289344593475	0.000707132768555554
COG3161	log_NO2NO3	log_NO2NO3	0.178202390643542	0.0492055931383124	139	139	0.000419514902639708	0.000708912883605067
COG0701	log_NO2NO3	log_NO2NO3	0.193830568038307	0.0535298776637608	139	139	0.000420411743437192	0.000710136283733546
COG5642	log_NO2NO3	log_NO2NO3	0.572792790370785	0.158195209913875	139	135	0.000420679799550352	0.000710297006392456
COG4964	log_NO2NO3	log_NO2NO3	0.231104095495096	0.063879984905486	139	139	0.000425144173394919	0.000717539960684605
COG4887	log_NO2NO3	log_NO2NO3	0.621069395976905	0.171729166682107	139	59	0.000426969019278405	0.000720323914248743
COG3243	log_NO2NO3	log_NO2NO3	0.360841522589346	0.0998615044831079	139	139	0.000431695862066627	0.000727999425849632
COG5646	log_NO2NO3	log_NO2NO3	0.620706051540137	0.171883890210779	139	111	0.000435072447155645	0.000733392537101103
COG0441	log_NO2NO3	log_NO2NO3	-0.031932452536963	0.00884664674060258	139	139	0.000437575550950786	0.000737309418911332
COG3154	log_NO2NO3	log_NO2NO3	0.592285573858586	0.164189553420015	139	133	0.000440996476672179	0.000742768973419152
COG0537	log_NO2NO3	log_NO2NO3	-0.0347911076929638	0.0096534603104382	139	139	0.000446151275872741	0.000751143213641484
COG4665	log_NO2NO3	log_NO2NO3	-0.0715042612445067	0.0198632682830636	139	139	0.000452714302060707	0.00076188052145243
COG1749	log_NO2NO3	log_NO2NO3	-0.1098826567647	0.0305273734784818	139	139	0.000453258438343074	0.000762483892184008
COG2414	log_NO2NO3	log_NO2NO3	0.420159247445347	0.116743007964676	139	139	0.00045400223552546	0.00076342250656512
COG1775	log_NO2NO3	log_NO2NO3	0.968314777965532	0.269201050624869	139	100	0.000457207095954446	0.000768182719910374
COG4720	log_NO2NO3	log_NO2NO3	0.437447643379261	0.121610986198425	139	48	0.000457029220548414	0.000768182719910374
COG1719	log_NO2NO3	log_NO2NO3	0.615828802265748	0.171433576112385	139	130	0.000464870383233793	0.000780738975602788
COG3733	log_NO2NO3	log_NO2NO3	-0.322921784842444	0.0899416834729983	139	139	0.000467932937327212	0.000785561302223207
COG0150	log_NO2NO3	log_NO2NO3	-0.0345524806377344	0.00962505147134265	139	139	0.000468744710828196	0.00078660264382444
COG1497	log_NO2NO3	log_NO2NO3	0.454121166643656	0.126521403361547	139	52	0.000469669509742285	0.000787832726019318
COG2094	log_NO2NO3	log_NO2NO3	-0.358218750281865	0.0998280423423919	139	139	0.000471186391297507	0.000790054569571494
COG3726	log_NO2NO3	log_NO2NO3	0.594996102067969	0.165914226852443	139	130	0.000474796443326342	0.000795782859724444
COG5050	log_NO2NO3	log_NO2NO3	0.737981181252712	0.205796173418518	139	129	0.000475103756738373	0.000795973178091859
COG1229	log_NO2NO3	log_NO2NO3	-0.13470241721419	0.0375713437725573	139	139	0.000476325523830474	0.000797694762289273
COG1334	log_NO2NO3	log_NO2NO3	0.276697965554665	0.0772785116219102	139	139	0.000484205431689612	0.000810560681899318
COG3268	log_NO2NO3	log_NO2NO3	-0.126777423784961	0.0354323264439301	139	139	0.000488456573877241	0.000817344034821876
COG0533	log_NO2NO3	log_NO2NO3	-0.0280417763037401	0.00783837780617563	139	139	0.000489337747006282	0.000818485124064253
COG2869	log_NO2NO3	log_NO2NO3	-0.154698215514009	0.0432448625601709	139	139	0.000489737928852622	0.000818821087393802
COG3668	log_NO2NO3	log_NO2NO3	0.380698076144677	0.106464532984163	139	139	0.000492198232654407	0.000822599812751955
COG2425	log_NO2NO3	log_NO2NO3	-0.462612539072998	0.129434466988593	139	135	0.000495139231802132	0.000827178513315639
COG1369	log_NO2NO3	log_NO2NO3	0.532974883478626	0.149205619952194	139	52	0.000498631124222014	0.000832335090737113
COG4890	log_NO2NO3	log_NO2NO3	0.564501474301161	0.158029923625578	139	105	0.000498571468252897	0.000832335090737113
COG4549	log_NO2NO3	log_NO2NO3	0.539445839019013	0.151162915380969	139	130	0.000504629713007511	0.000841664174191984
COG5267	log_NO2NO3	log_NO2NO3	0.113208459023579	0.0317226459229642	139	139	0.000504530611171783	0.000841664174191984
COG2513	log_NO2NO3	log_NO2NO3	0.0466116243559593	0.0130687260398784	139	139	0.000508117056283769	0.000847136715589985
COG4138	log_NO2NO3	log_NO2NO3	0.609706488664232	0.170973430596069	139	133	0.000509113812775341	0.000848454175610995
COG4815	log_NO2NO3	log_NO2NO3	0.541480902446081	0.151890124289138	139	108	0.000511126915378915	0.000851463653031866
COG0061	log_NO2NO3	log_NO2NO3	-0.035745714613294	0.0100361548430248	139	139	0.000516931489880778	0.000860752350357732
COG1307	log_NO2NO3	log_NO2NO3	0.466764878026127	0.131055272244451	139	139	0.000517121908637508	0.000860752350357732
COG3773	log_NO2NO3	log_NO2NO3	-0.219557169705091	0.0616659124208122	139	139	0.000519201007598709	0.000863862996847102
COG1359	log_NO2NO3	log_NO2NO3	0.118178577845492	0.033210737200006	139	139	0.000522784052394961	0.000869472423983198
COG0155	log_NO2NO3	log_NO2NO3	0.163315004813388	0.04593218852424	139	139	0.000528018458365536	0.000877822673802356
COG5383	log_NO2NO3	log_NO2NO3	0.425705280413087	0.119777481764403	139	138	0.000530644182606451	0.00088183102837674
COG4701	log_NO2NO3	log_NO2NO3	0.650560109575633	0.183079135779988	139	75	0.00053192718293249	0.000883605688429709
COG0070	log_NO2NO3	log_NO2NO3	-0.0681060770232684	0.0191803154836824	139	139	0.000536741734086727	0.000891242944069634
COG1599	log_NO2NO3	log_NO2NO3	0.605757746121379	0.170616683297209	139	138	0.000537541133174106	0.000892209686900698
COG0327	log_NO2NO3	log_NO2NO3	0.112501854583483	0.0316922121169455	139	139	0.000538611175798929	0.000893624681010501
COG1512	log_NO2NO3	log_NO2NO3	0.252482585124174	0.0711791571984813	139	139	0.000543632451904317	0.00090159148664632
COG3013	log_NO2NO3	log_NO2NO3	0.419068886972821	0.118174744488755	139	71	0.000545443262251165	0.000904229588913553
COG5485	log_NO2NO3	log_NO2NO3	0.163059029618637	0.046052487393817	139	139	0.00055582205506643	0.000921063736269824
COG1825	log_NO2NO3	log_NO2NO3	-0.0542788097057876	0.0153383487764016	139	139	0.000559587519163829	0.000926929648679439
COG3566	log_NO2NO3	log_NO2NO3	0.469133605948038	0.132578680003875	139	83	0.000560041574318345	0.000927307854614978
COG3057	log_NO2NO3	log_NO2NO3	0.595313040063143	0.168340093513965	139	133	0.00056422705785548	0.000933861705749521
COG0820	log_NO2NO3	log_NO2NO3	-0.0462613720723673	0.0130871069042817	139	139	0.000567132406109088	0.000938292357751161
COG1632	log_NO2NO3	log_NO2NO3	0.546897429903181	0.154805787992428	139	138	0.000571221667041255	0.000944677378504619
COG2842	log_NO2NO3	log_NO2NO3	0.486271132492705	0.137673513046144	139	136	0.000572673877471515	0.000946697902878464
COG3118	log_NO2NO3	log_NO2NO3	-0.0997286995329633	0.0282430895952184	139	139	0.000574604625777641	0.000949507563433044
COG3131	log_NO2NO3	log_NO2NO3	0.38670585601751	0.109538549913571	139	139	0.000576122236700947	0.000951632548599715
COG4638	log_NO2NO3	log_NO2NO3	0.0956741181952221	0.0271040329370935	139	139	0.000576981079161267	0.000952668116235726
COG1263	log_NO2NO3	log_NO2NO3	0.577364896888801	0.163609043010006	139	128	0.000578881193958565	0.000955421432214457
COG1471	log_NO2NO3	log_NO2NO3	0.569039824293241	0.16129395269049	139	138	0.000580803161814591	0.000958208589853149
COG5527	log_NO2NO3	log_NO2NO3	0.607666326669217	0.172284002694833	139	131	0.000582500389136569	0.000960622881803703
COG3290	log_NO2NO3	log_NO2NO3	0.416351687915644	0.11812505628429	139	139	0.000587434591647514	0.000968371309184586
COG2610	log_NO2NO3	log_NO2NO3	0.179540049360717	0.050946187348749	139	139	0.000588561520687016	0.000969839842351489
COG4636	log_NO2NO3	log_NO2NO3	0.537018278119771	0.152424324287389	139	132	0.000590451229851981	0.000972230221269337
COG5511	log_NO2NO3	log_NO2NO3	0.302116696613768	0.0857515576816974	139	139	0.00059048549222663	0.000972230221269337
COG5459	log_NO2NO3	log_NO2NO3	0.601821676761822	0.170919114584924	139	118	0.000594708160839857	0.000978790514715597
COG4823	log_NO2NO3	log_NO2NO3	0.484418440851046	0.137726050838586	139	137	0.000602587024923897	0.000991360632113485
COG1292	log_NO2NO3	log_NO2NO3	0.123753608077645	0.0351906740109945	139	139	0.000603833570196414	0.000993013733533574
COG2042	log_NO2NO3	log_NO2NO3	0.568465797354038	0.161672071606119	139	138	0.000604857927811459	0.000994300267086625
COG1428	log_NO2NO3	log_NO2NO3	0.109726135004891	0.0312343102096813	139	139	0.000611467980650532	0.00100476418580495
COG1900	log_NO2NO3	log_NO2NO3	-0.696516881195175	0.198689068394353	139	68	0.00062726749845816	0.00103031382793527
COG0165	log_NO2NO3	log_NO2NO3	-0.0325906307820829	0.00929775364251965	139	139	0.000628013033885317	0.00103097780172136
COG1264	log_NO2NO3	log_NO2NO3	0.592253033653963	0.168973620226041	139	121	0.00062847082309581	0.00103097780172136
COG3213	log_NO2NO3	log_NO2NO3	0.43912497433653	0.125288593127932	139	139	0.000628675606940604	0.00103097780172136
COG3942	log_NO2NO3	log_NO2NO3	0.5617538109786	0.160267233850695	139	132	0.000628246621294993	0.00103097780172136
COG1909	log_NO2NO3	log_NO2NO3	0.538219604646201	0.153730587446378	139	138	0.000637022505601758	0.00104424918316521
COG1335	log_NO2NO3	log_NO2NO3	0.103418419250507	0.0295478353826041	139	139	0.000639259050754837	0.00104749747925843
COG2237	log_NO2NO3	log_NO2NO3	0.603495606570553	0.172636303797038	139	138	0.000648669674253824	0.00106249402784478
COG0626	log_NO2NO3	log_NO2NO3	-0.0425443578777172	0.0121719692778031	139	139	0.000649757331031068	0.00106385138137729
COG0115	log_NO2NO3	log_NO2NO3	-0.0283898836416374	0.00812446802557549	139	139	0.000651771100055935	0.00106672337809951
COG3975	log_NO2NO3	log_NO2NO3	0.161694694919764	0.0462760086251807	139	139	0.00065228774185885	0.00106714378476948
COG4314	log_NO2NO3	log_NO2NO3	0.494156664856996	0.141504253498581	139	124	0.000656691735321547	0.00107392103849559
COG3545	log_NO2NO3	log_NO2NO3	0.534019468710028	0.152932307559622	139	134	0.00065736548329031	0.00107459506779013
COG2235	log_NO2NO3	log_NO2NO3	0.363287398236082	0.104046205494159	139	139	0.000657975607670176	0.00107516459678166
COG4960	log_NO2NO3	log_NO2NO3	0.491562343120404	0.140932264962126	139	131	0.000666262218107309	0.00108827244214108
COG5274	log_NO2NO3	log_NO2NO3	0.659712919462438	0.189328045494171	139	86	0.000674125201790242	0.00110067819115831
COG3758	log_NO2NO3	log_NO2NO3	0.588933287176189	0.169044202675787	139	134	0.000675496294568113	0.00110234764858735
COG3764	log_NO2NO3	log_NO2NO3	0.173851630008906	0.049902593463526	139	139	0.000675684366879976	0.00110234764858735
COG4386	log_NO2NO3	log_NO2NO3	0.583532423395258	0.167516776672098	139	105	0.000676590487652895	0.00110338774246848
COG4455	log_NO2NO3	log_NO2NO3	0.569565567344876	0.163517225242921	139	125	0.000677080693368611	0.00110374900331677
COG0076	log_NO2NO3	log_NO2NO3	0.108547454538294	0.0311752715283468	139	139	0.000680251839715401	0.00110847860275719
COG4894	log_NO2NO3	log_NO2NO3	-0.35243155907069	0.101330280930191	139	139	0.000689115305125095	0.00112247647638933
COG1155	log_NO2NO3	log_NO2NO3	0.497153600647108	0.143010617542855	139	138	0.000693136051986267	0.0011285782408084
COG4133	log_NO2NO3	log_NO2NO3	-0.0895672088545477	0.0257688420001979	139	139	0.000694425659026752	0.00113023003458078
COG3782	log_NO2NO3	log_NO2NO3	0.283899830888157	0.0817545905982065	139	139	0.000702056226583861	0.0011421968232897
COG2161	log_NO2NO3	log_NO2NO3	0.337858127262719	0.0973275596279016	139	139	0.000705013170589967	0.00114655348566254
COG0551	log_NO2NO3	log_NO2NO3	0.10705625130735	0.0308768213073726	139	139	0.000715029357596907	0.00116238250930277
COG3452	log_NO2NO3	log_NO2NO3	0.452651378738025	0.130631333078707	139	139	0.00072014959976301	0.00117024309961489
COG2197	log_NO2NO3	log_NO2NO3	0.135001750155745	0.038968832845103	139	139	0.00072199708544934	0.00117278134718303
COG5380	log_NO2NO3	log_NO2NO3	0.497655247720208	0.143673319298469	139	136	0.000723359307414888	0.00117452965804757
COG4130	log_NO2NO3	log_NO2NO3	0.236153899190784	0.0682064019362986	139	139	0.000726944524254204	0.00117988467231777
COG3404	log_NO2NO3	log_NO2NO3	0.166242291124143	0.0481112559343569	139	139	0.000744350595184542	0.00120765886454111
COG3793	log_NO2NO3	log_NO2NO3	0.503085464507335	0.145670066907398	139	129	0.000748849841967938	0.00121447893833568
COG4330	log_NO2NO3	log_NO2NO3	0.55712728628682	0.161541783437237	139	102	0.000761089231551025	0.00123384157979937
COG1389	log_NO2NO3	log_NO2NO3	0.460292903259465	0.133470863653989	139	138	0.00076153464498705	0.00123407665546619
COG3809	log_NO2NO3	log_NO2NO3	0.43341379165018	0.125681066261308	139	137	0.000761840718564595	0.00123408583275369
COG0190	log_NO2NO3	log_NO2NO3	-0.0312466840415422	0.00906879581008173	139	139	0.000769632329478498	0.00124621584923046
COG0488	log_NO2NO3	log_NO2NO3	0.0709604509891965	0.0206523639534007	139	139	0.000794946154077067	0.00128669771510977
COG4143	log_NO2NO3	log_NO2NO3	0.0646288763056561	0.0188146923478442	139	139	0.000797438192422197	0.00129022295961811
COG4875	log_NO2NO3	log_NO2NO3	0.339470677655234	0.0989866889968886	139	139	0.000812559621089621	0.00131417122969928
COG1106	log_NO2NO3	log_NO2NO3	0.530953792796621	0.154829998160696	139	137	0.000813076157264717	0.00131423628201545
COG4948	log_NO2NO3	log_NO2NO3	0.0859410922998558	0.0250617358313696	139	139	0.000813333927532267	0.00131423628201545
COG5401	log_NO2NO3	log_NO2NO3	-0.538954362117612	0.157171096752748	139	76	0.000813559606904892	0.00131423628201545
COG4784	log_NO2NO3	log_NO2NO3	0.099668767208782	0.0290900482351731	139	139	0.000821496056558156	0.00132653529887614
COG1298	log_NO2NO3	log_NO2NO3	-0.0952377535232656	0.0278092352681527	139	139	0.000825757099163426	0.0013328920091801
COG2975	log_NO2NO3	log_NO2NO3	-0.165987084815293	0.048475056461346	139	139	0.000827165638240166	0.00133464117906151
COG1723	log_NO2NO3	log_NO2NO3	0.579703124846911	0.169324143266965	139	131	0.000828688438706336	0.0013365732650984
COG2153	log_NO2NO3	log_NO2NO3	-0.177880112499991	0.0519590186497551	139	139	0.000829135462036756	0.00133676941838579
COG4941	log_NO2NO3	log_NO2NO3	0.43927634833299	0.128455164303763	139	139	0.000839770523750562	0.00135338458672707
COG2854	log_NO2NO3	log_NO2NO3	-0.0582640343926676	0.0170453322293016	139	139	0.000844036536131827	0.00135972630997237
COG4856	log_NO2NO3	log_NO2NO3	0.690694929430649	0.202072781791057	139	93	0.00084440862970639	0.00135979249346682
COG1805	log_NO2NO3	log_NO2NO3	-0.147066973404625	0.0430549172403128	139	139	0.000850828854730089	0.00136959441035706
COG1096	log_NO2NO3	log_NO2NO3	0.698022022475344	0.204367522581398	139	132	0.000851620667115305	0.00137033204093602
COG3742	log_NO2NO3	log_NO2NO3	0.480916842315107	0.14081066234792	139	112	0.000852134562545779	0.00137062207632657
COG2219	log_NO2NO3	log_NO2NO3	0.595512614344934	0.174564325483328	139	137	0.000863447907118628	0.00138827553911676
COG1087	log_NO2NO3	log_NO2NO3	-0.0519290191589499	0.0152448037935597	139	139	0.000878311929139014	0.00141162183290417
COG1038	log_NO2NO3	log_NO2NO3	-0.154772245172379	0.0454630316248996	139	139	0.000884195189843022	0.00142052164250103
COG3136	log_NO2NO3	log_NO2NO3	0.536628594521935	0.157802735785619	139	105	0.000895314901946107	0.00143782393166326
COG3178	log_NO2NO3	log_NO2NO3	-0.0801135562545278	0.0235799513245358	139	139	0.000904671984622132	0.00145228312341841
COG4721	log_NO2NO3	log_NO2NO3	0.596836488012233	0.17570436802731	139	96	0.000906816286063821	0.00145515675904304
COG4399	log_NO2NO3	log_NO2NO3	0.26108319508626	0.0768699288341298	139	139	0.000908014243966534	0.00145651015783464
COG0089	log_NO2NO3	log_NO2NO3	-0.0315085529334076	0.00928144243859771	139	139	0.000913010425836153	0.00146395270465844
COG1148	log_NO2NO3	log_NO2NO3	0.875613383746218	0.25812138173178	139	128	0.000920798577854715	0.00147528882910576
COG3747	log_NO2NO3	log_NO2NO3	0.437759638437851	0.129046467608011	139	135	0.000920770016994244	0.00147528882910576
COG5339	log_NO2NO3	log_NO2NO3	0.529829179598701	0.156451954464483	139	124	0.000938607789571128	0.00150323617916499
COG3839	log_NO2NO3	log_NO2NO3	-0.0807125728722287	0.0238427697535797	139	139	0.000942786319434331	0.00150933990656128
COG0499	log_NO2NO3	log_NO2NO3	-0.0340724295888286	0.0100669934141226	139	139	0.000944782346594873	0.00151194619392744
COG2508	log_NO2NO3	log_NO2NO3	0.478556515369655	0.141434962306523	139	138	0.000947909263959122	0.00151635952349847
COG3130	log_NO2NO3	log_NO2NO3	0.353176022364284	0.104542969958155	139	139	0.000964821813265247	0.0015428135495888
COG4260	log_NO2NO3	log_NO2NO3	0.18204565909712	0.0538956583988576	139	139	0.000966572819678091	0.00154501211799128
COG1034	log_NO2NO3	log_NO2NO3	-0.0538762806708611	0.0159721921894009	139	139	0.000981562956455172	0.00156836274800383
COG1862	log_NO2NO3	log_NO2NO3	0.0702924835454056	0.0208440665561987	139	139	0.000984277386518339	0.00157208845405029
COG0645	log_NO2NO3	log_NO2NO3	0.395644657036918	0.117351514084491	139	139	0.00098707956155715	0.00157595135595677
COG4877	log_NO2NO3	log_NO2NO3	-0.610109593175772	0.180987165888576	139	99	0.000988524594346747	0.00157764531218976
COG0050	log_NO2NO3	log_NO2NO3	-0.040953858997928	0.0121572874844346	139	139	0.000996272520691956	0.00158933981941991
COG2844	log_NO2NO3	log_NO2NO3	0.0645277344998248	0.0191558751901644	139	139	0.00099662594323897	0.00158933981941991
COG2604	log_NO2NO3	log_NO2NO3	0.268703165329382	0.0798212647127206	139	139	0.00100412461556835	0.00160067672516677
COG4925	log_NO2NO3	log_NO2NO3	0.454702948551149	0.13510313331312	139	131	0.00100650703546632	0.00160385217288427
COG4292	log_NO2NO3	log_NO2NO3	0.47809368328659	0.142141840976947	139	134	0.00101357314234523	0.00161448564123855
COG0406	log_NO2NO3	log_NO2NO3	-0.0648954754812454	0.0193050199567798	139	139	0.00102004086394063	0.00162415808878609
COG3968	log_NO2NO3	log_NO2NO3	0.294124322520252	0.0875675506102884	139	139	0.00102943910319674	0.00163848734441387
COG4552	log_NO2NO3	log_NO2NO3	0.401664428994699	0.119617553556801	139	139	0.00103260062958546	0.00164288279873628
COG1095	log_NO2NO3	log_NO2NO3	0.547457060585728	0.163337243267931	139	137	0.00105411537144783	0.00167646378083921
COG5518	log_NO2NO3	log_NO2NO3	0.410108570257753	0.122407353876896	139	138	0.00105880994560219	0.00168327835005177
COG3235	log_NO2NO3	log_NO2NO3	0.464258732926163	0.138576152323405	139	139	0.00105934550753103	0.00168347827657156
COG4263	log_NO2NO3	log_NO2NO3	0.490513560995465	0.146447547562723	139	138	0.00106213294145376	0.00168725526817171
COG1105	log_NO2NO3	log_NO2NO3	0.380232908871692	0.113605764583944	139	139	0.00107084935213241	0.00170044419735599
COG4588	log_NO2NO3	log_NO2NO3	0.549497800965539	0.164464095750819	139	110	0.00109166749792706	0.00173283233442209
COG1330	log_NO2NO3	log_NO2NO3	-0.196741085587713	0.058891456213139	139	139	0.00109311726427097	0.00173446339189847
COG0733	log_NO2NO3	log_NO2NO3	-0.0558122166434525	0.0167100648680613	139	139	0.00109567172874131	0.00173784535199587
COG1944	log_NO2NO3	log_NO2NO3	0.335719031117073	0.100527546399266	139	139	0.0010973542444622	0.0017398422370709
COG1744	log_NO2NO3	log_NO2NO3	0.0663674949177805	0.0198868294203845	139	139	0.00110579161466969	0.00175254319176816
COG1101	log_NO2NO3	log_NO2NO3	-0.381980076955694	0.114516658892163	139	138	0.00111193182865561	0.0017615950451667
COG2139	log_NO2NO3	log_NO2NO3	0.520113857667647	0.155995918913286	139	137	0.0011172217545139	0.00176929335680151
COG0214	log_NO2NO3	log_NO2NO3	0.400571815626322	0.120330862476336	139	139	0.00113670523424727	0.00179945476003383
COG3469	log_NO2NO3	log_NO2NO3	0.65476879776526	0.196750683215796	139	122	0.00114049953500418	0.0018047658281191
COG1976	log_NO2NO3	log_NO2NO3	0.552491021405057	0.166078554421285	139	137	0.00114512756872226	0.00181108376957234
COG3114	log_NO2NO3	log_NO2NO3	0.471959920474241	0.141873718468721	139	109	0.0011453738153235	0.00181108376957234
COG4097	log_NO2NO3	log_NO2NO3	0.443137563423471	0.133233718773921	139	139	0.00114765714417767	0.00181399597856171
COG1536	log_NO2NO3	log_NO2NO3	0.0969607847816664	0.0291591343710549	139	139	0.00115064700256379	0.00181802226405079
COG4115	log_NO2NO3	log_NO2NO3	0.305866509715935	0.0920627270387279	139	139	0.00116154963273704	0.00183454282632977
COG2261	log_NO2NO3	log_NO2NO3	0.482973562482526	0.145487357702353	139	127	0.00117184766188539	0.00185009615489054
COG0806	log_NO2NO3	log_NO2NO3	-0.04253357907767	0.0128165689783755	139	139	0.00117592784909969	0.0018558246654251
COG3711	log_NO2NO3	log_NO2NO3	0.60886834807342	0.183594428750056	139	114	0.00118473046868307	0.00186899875781493
COG1473	log_NO2NO3	log_NO2NO3	0.0414625325412844	0.0125168159563907	139	139	0.00119977169150657	0.00189200080948522
COG1936	log_NO2NO3	log_NO2NO3	0.544832175513126	0.16452464428914	139	138	0.00120369862092312	0.00189746505554574
COG4232	log_NO2NO3	log_NO2NO3	0.0542642602154618	0.0163891853037823	139	139	0.00120597411681938	0.00190032285074568
COG1069	log_NO2NO3	log_NO2NO3	0.216067642743943	0.0652792137636019	139	139	0.00121026801339062	0.00190635774501866
COG5500	log_NO2NO3	log_NO2NO3	-0.423777566735882	0.128067048947977	139	137	0.00121373966448229	0.00191109334675863
COG0741	log_NO2NO3	log_NO2NO3	0.0351331075651262	0.0106185394440331	139	139	0.00121522436733832	0.00191269796974169
COG0060	log_NO2NO3	log_NO2NO3	-0.0323398560944901	0.00979217172511462	139	139	0.00123956738943794	0.00195026535266606
COG5608	log_NO2NO3	log_NO2NO3	0.499721996308433	0.151741527481016	139	123	0.00127831111363964	0.00201045254779159
COG2156	log_NO2NO3	log_NO2NO3	0.454921704730329	0.13818594793286	139	110	0.00128312477075713	0.00201725088337937
COG3157	log_NO2NO3	log_NO2NO3	0.267676343532932	0.0813270076917019	139	139	0.00128623858493393	0.00202137264992677
COG2996	log_NO2NO3	log_NO2NO3	0.254935702623017	0.0776349529049349	139	139	0.00131857727154952	0.00207140169465599
COG3098	log_NO2NO3	log_NO2NO3	0.306339592802327	0.0934762787242067	139	139	0.00134726708274595	0.00211566252902155
COG1347	log_NO2NO3	log_NO2NO3	-0.130245587315063	0.0397703100950717	139	139	0.00135718415377911	0.0021304212853361
COG0456	log_NO2NO3	log_NO2NO3	0.0552093235028493	0.0168600961593707	139	139	0.0013589115329226	0.00213231802033844
COG0859	log_NO2NO3	log_NO2NO3	0.0528876184613813	0.0161546651877965	139	139	0.00136213727868249	0.00213656355128968
COG1737	log_NO2NO3	log_NO2NO3	0.189691570923863	0.0579528676874386	139	139	0.00136492007659689	0.00214011132620611
COG1258	log_NO2NO3	log_NO2NO3	0.529410152405754	0.161794907382315	139	139	0.00136981917966633	0.00214697336515425
COG0045	log_NO2NO3	log_NO2NO3	0.04424223684959	0.0135345754130939	139	139	0.00138453460118995	0.00216920981757754
COG3675	log_NO2NO3	log_NO2NO3	-0.246885596755383	0.0755420481876588	139	139	0.00138744065674254	0.00217217324619176
COG3720	log_NO2NO3	log_NO2NO3	0.329147817761518	0.100712932817876	139	139	0.00138748359250418	0.00217217324619176
COG3480	log_NO2NO3	log_NO2NO3	-0.397240174962747	0.121585476574666	139	139	0.00139206098745054	0.00217850915674165
COG1971	log_NO2NO3	log_NO2NO3	0.450839833228613	0.138107169597361	139	136	0.0014045819135002	0.00219677546342956
COG3025	log_NO2NO3	log_NO2NO3	0.339804557793599	0.104094925922668	139	139	0.0014048026150023	0.00219677546342956
COG0428	log_NO2NO3	log_NO2NO3	0.131077085029135	0.0401659157048387	139	139	0.00140929898285556	0.00220296812084119
COG5504	log_NO2NO3	log_NO2NO3	0.473864475427899	0.145316591752572	139	102	0.0014207250726369	0.00221998425195603
COG0610	log_NO2NO3	log_NO2NO3	0.107643030121613	0.0330520542189347	139	139	0.00143998446921202	0.00224922288955246
COG0361	log_NO2NO3	log_NO2NO3	-0.0265851621182479	0.00816346455558698	139	139	0.00144078034441015	0.00224961066318392
COG1516	log_NO2NO3	log_NO2NO3	0.185211005353282	0.0569456892199481	139	139	0.00146052917665838	0.00227957973317349
COG3309	log_NO2NO3	log_NO2NO3	0.296704328405896	0.0914109104761281	139	47	0.00149208860682865	0.0023279529042355
COG1770	log_NO2NO3	log_NO2NO3	-0.0790323042189631	0.0243605363641185	139	139	0.00149963197491838	0.00233883377105722
COG2026	log_NO2NO3	log_NO2NO3	0.367626704531946	0.1133437318442	139	139	0.00150356962645817	0.00234408501916135
COG1783	log_NO2NO3	log_NO2NO3	-0.34726654553299	0.107092262040332	139	139	0.00150738579919011	0.00234914296778186
COG1362	log_NO2NO3	log_NO2NO3	0.201728393607892	0.0622190047015405	139	139	0.00150960891550944	0.00235171536780917
COG3683	log_NO2NO3	log_NO2NO3	0.284651351285206	0.0878268761482053	139	139	0.00151539664305045	0.00235983677393907
COG2821	log_NO2NO3	log_NO2NO3	0.152165374775773	0.0469728499082829	139	139	0.00152336367000124	0.00237134443212015
COG0421	log_NO2NO3	log_NO2NO3	-0.144434533231987	0.0446651451400373	139	139	0.00155180671135758	0.00241470529176399
COG0607	log_NO2NO3	log_NO2NO3	-0.0385484737467672	0.0119216110466927	139	139	0.00155293070945278	0.00241553932390459
COG1726	log_NO2NO3	log_NO2NO3	-0.138398954826144	0.0428503522857982	139	139	0.001571497435862	0.0024434941205606
COG3281	log_NO2NO3	log_NO2NO3	0.440377892380545	0.136361330837213	139	136	0.00157316584809929	0.00244516280892618
COG0170	log_NO2NO3	log_NO2NO3	-0.31834565779708	0.0985854459038428	139	136	0.00157498775633966	0.00244706872278492
COG2010	log_NO2NO3	log_NO2NO3	-0.0723850821280457	0.0224518411043556	139	139	0.00160125136840313	0.00248693407236297
COG4287	log_NO2NO3	log_NO2NO3	0.308632934688716	0.0958183403849109	139	139	0.0016168004739864	0.00251013467389877
COG1146	log_NO2NO3	log_NO2NO3	0.0449104144420969	0.0139468071936253	139	139	0.00162150181377789	0.00251648260332435
COG2231	log_NO2NO3	log_NO2NO3	0.621499362296963	0.193053719829514	139	132	0.00162576337953097	0.00252214349060168
COG3665	log_NO2NO3	log_NO2NO3	0.0561157582244311	0.0174347830688582	139	139	0.00162942951506113	0.00252687672626317
COG4171	log_NO2NO3	log_NO2NO3	0.507264181988344	0.157720132820214	139	137	0.00164197957153907	0.00254537814335188
COG4453	log_NO2NO3	log_NO2NO3	0.442936924946929	0.137815855721718	139	129	0.00165394522535291	0.00256296000971322
COG4991	log_NO2NO3	log_NO2NO3	0.593425343651569	0.185003585055824	139	115	0.00168801862329351	0.00261477394588603
COG2103	log_NO2NO3	log_NO2NO3	0.0937851485796448	0.0292465614383736	139	139	0.00169310634081158	0.00262166635810553
COG3405	log_NO2NO3	log_NO2NO3	0.5205164440141	0.162375218827964	139	135	0.00169892714080166	0.0026296882797337
COG2932	log_NO2NO3	log_NO2NO3	0.28111463225382	0.0877131827152391	139	139	0.00170280700605366	0.00263470100974329
COG2895	log_NO2NO3	log_NO2NO3	0.0885057802142792	0.0276540052068126	139	139	0.00172739627111303	0.00267073537137084
COG5455	log_NO2NO3	log_NO2NO3	0.360592746850839	0.112668081857591	139	61	0.00172729439952205	0.00267073537137084
COG3458	log_NO2NO3	log_NO2NO3	0.366031381061077	0.114400476890515	139	139	0.00173243599379873	0.00267751958710504
COG1025	log_NO2NO3	log_NO2NO3	0.242104596833915	0.0757648838487837	139	139	0.00175532544594116	0.00271187549151045
COG2605	log_NO2NO3	log_NO2NO3	0.119878963817383	0.037531854981233	139	139	0.00176330152421036	0.00272317393287826
COG2086	log_NO2NO3	log_NO2NO3	0.0393076320561395	0.0123121396045924	139	139	0.00177161994733463	0.00273499238769284
COG1138	log_NO2NO3	log_NO2NO3	-0.0450218425463393	0.014102874979233	139	139	0.00177277869204477	0.00273575314309539
COG2520	log_NO2NO3	log_NO2NO3	0.515270424347305	0.161513094224851	139	137	0.00178485082577029	0.00275334855135726
COG2016	log_NO2NO3	log_NO2NO3	0.482770930947095	0.151342860016472	139	138	0.00178688130329818	0.00275544609382467
COG0583	log_NO2NO3	log_NO2NO3	0.0990921994885528	0.0310858046108271	139	139	0.00179961229020264	0.00277403650587334
COG5018	log_NO2NO3	log_NO2NO3	0.317900631493764	0.0997394284430794	139	139	0.00180184885847647	0.00277644227705227
COG0249	log_NO2NO3	log_NO2NO3	-0.0589458503366396	0.0185032657998879	139	139	0.00181117151387239	0.0027897609969958
COG1701	log_NO2NO3	log_NO2NO3	0.486542006830628	0.152817786419525	139	139	0.00182218987869169	0.00280568066779065
COG5595	log_NO2NO3	log_NO2NO3	0.533206972267358	0.167571740191454	139	96	0.00183296258552869	0.00282121030399096
COG3223	log_NO2NO3	log_NO2NO3	-0.237742043891018	0.0748176911138604	139	139	0.00185859845054674	0.00285959641754532
COG0532	log_NO2NO3	log_NO2NO3	-0.0333434423660135	0.0105020198219672	139	139	0.00187447604716109	0.00288186661741683
COG4108	log_NO2NO3	log_NO2NO3	-0.124548617131064	0.0392280699807549	139	139	0.00187428489947191	0.00288186661741683
COG1487	log_NO2NO3	log_NO2NO3	0.314095661672168	0.0989806060865842	139	139	0.00188437819050104	0.0028951530552071
COG3870	log_NO2NO3	log_NO2NO3	0.475590481146621	0.149873456338989	139	66	0.00188452757293666	0.0028951530552071
COG1434	log_NO2NO3	log_NO2NO3	-0.0718985361778187	0.0226593979824114	139	139	0.00188614358797025	0.00289655247079693
COG1727	log_NO2NO3	log_NO2NO3	0.515477255571237	0.162494700648851	139	138	0.00189060741714721	0.00290202405772905
COG1910	log_NO2NO3	log_NO2NO3	0.264478130049087	0.0833740837593322	139	139	0.00189111937744418	0.00290202405772905
COG1075	log_NO2NO3	log_NO2NO3	-0.17000682985889	0.0536914906160622	139	139	0.00192656286045741	0.00295208266872145
COG1606	log_NO2NO3	log_NO2NO3	-0.32867309113303	0.103792398640663	139	139	0.00192487594333349	0.00295208266872145
COG2943	log_NO2NO3	log_NO2NO3	0.340334776237132	0.107480648506593	139	139	0.00192588501531748	0.00295208266872145
COG3437	log_NO2NO3	log_NO2NO3	0.190471078260339	0.060154662270918	139	139	0.00192661480887103	0.00295208266872145
COG3558	log_NO2NO3	log_NO2NO3	-0.302784102643741	0.0956730305198696	139	139	0.00193631501373525	0.00296583970038196
COG2043	log_NO2NO3	log_NO2NO3	0.32122930992301	0.101624288662944	139	139	0.00196007839663573	0.00300111891665284
COG3269	log_NO2NO3	log_NO2NO3	0.630952484585206	0.19965143138114	139	99	0.00196432490865103	0.00300650027002178
COG0002	log_NO2NO3	log_NO2NO3	-0.0352731422245651	0.0111713553621544	139	139	0.00198194951136357	0.00303234584457414
COG5272	log_NO2NO3	log_NO2NO3	0.384765873110596	0.122024305101475	139	137	0.00200905682177741	0.00307267513918897
COG3965	log_NO2NO3	log_NO2NO3	0.429347407851349	0.136212429832375	139	138	0.00201639640082761	0.00308275266639367
COG3325	log_NO2NO3	log_NO2NO3	0.160657793359195	0.051025901708907	139	139	0.00203886311198249	0.00311594109524705
COG0429	log_NO2NO3	log_NO2NO3	-0.136861018137274	0.0434926900483938	139	139	0.00205050938900222	0.00313257440313169
COG4267	log_NO2NO3	log_NO2NO3	0.473982192346357	0.150687616460096	139	134	0.0020589644055506	0.00314432185055832
COG3738	log_NO2NO3	log_NO2NO3	0.216095348222091	0.0687126602789634	139	139	0.00206255311962282	0.00314863181546286
COG1390	log_NO2NO3	log_NO2NO3	0.446115600928761	0.141951951344905	139	138	0.00207693041538659	0.0031694019860357
COG2253	log_NO2NO3	log_NO2NO3	0.491862014916127	0.156545650683897	139	94	0.00208187946105111	0.00317577453620422
COG3536	log_NO2NO3	log_NO2NO3	0.105425281740451	0.0335992234351759	139	139	0.00211004802954752	0.00321754911112888
COG0582	log_NO2NO3	log_NO2NO3	0.0958783378205689	0.0305720308801312	139	139	0.00212065792148484	0.00323252791890899
COG1582	log_NO2NO3	log_NO2NO3	0.429172752827092	0.136891107219293	139	107	0.00212741956363957	0.00324163188702944
COG2899	log_NO2NO3	log_NO2NO3	-0.376989841481746	0.120269587400603	139	138	0.0021314606755741	0.00324658526335128
COG3053	log_NO2NO3	log_NO2NO3	0.394969907955827	0.126053954818831	139	54	0.00213956856474456	0.00325772708078971
COG4181	log_NO2NO3	log_NO2NO3	-0.080490705284816	0.0256922353773974	139	139	0.00214268071943188	0.00326125690827201
COG3759	log_NO2NO3	log_NO2NO3	0.49827690764859	0.159073326915872	139	116	0.00214612715443951	0.00326529272238426
COG4254	log_NO2NO3	log_NO2NO3	0.173926866957518	0.0555480774756228	139	139	0.00215474581548187	0.00327719208071068
COG4798	log_NO2NO3	log_NO2NO3	0.0753717307380387	0.0240855860308541	139	139	0.00216687546918881	0.00329442058750098
COG3248	log_NO2NO3	log_NO2NO3	0.380641519408142	0.121656169099131	139	139	0.00217029494482573	0.00329839868048247
COG5349	log_NO2NO3	log_NO2NO3	-0.121358054591692	0.0388226382438328	139	139	0.00219005756937192	0.00332720284577657
COG4646	log_NO2NO3	log_NO2NO3	0.328077873569736	0.104965713388041	139	139	0.00219275127526093	0.00333006367422251
COG2110	log_NO2NO3	log_NO2NO3	0.242237996804719	0.0776145247332692	139	139	0.00222434365255856	0.0033767936898413
COG4870	log_NO2NO3	log_NO2NO3	0.1973889349052	0.0632707706236557	139	139	0.00223341459754744	0.0033893118458533
COG1956	log_NO2NO3	log_NO2NO3	0.134786681229705	0.043242686323855	139	139	0.00225298274230933	0.00341774486905714
COG0201	log_NO2NO3	log_NO2NO3	-0.0269357958614291	0.00865591073274012	139	139	0.00228978120499862	0.00347228541533198
COG3424	log_NO2NO3	log_NO2NO3	0.193066570260986	0.062059880532077	139	139	0.00229603214558321	0.00348047972474385
COG4985	log_NO2NO3	log_NO2NO3	-0.273391105009613	0.0879113744226441	139	139	0.00230416228245929	0.00349151555010799
COG4961	log_NO2NO3	log_NO2NO3	0.310418431562318	0.0999121632067231	139	139	0.00232553723558328	0.00352260581260181
COG0401	log_NO2NO3	log_NO2NO3	0.406630730360598	0.131004842463925	139	134	0.00234739786164369	0.00355440855718108
COG3575	log_NO2NO3	log_NO2NO3	0.442107577541715	0.142458094505724	139	138	0.00235119694496664	0.00355884931832091
COG0509	log_NO2NO3	log_NO2NO3	-0.0567233826193433	0.0183010278716063	139	139	0.00238060047922554	0.00360202827574899
COG0577	log_NO2NO3	log_NO2NO3	-0.0452101109799891	0.0145991652796726	139	139	0.00240088775153105	0.00363138692315522
COG2384	log_NO2NO3	log_NO2NO3	0.565846026699378	0.182814878223312	139	125	0.00241277020312088	0.00364801619227846
COG3238	log_NO2NO3	log_NO2NO3	0.114350635209125	0.0369578457727031	139	139	0.0024211291337982	0.00365930775630722
COG3399	log_NO2NO3	log_NO2NO3	0.360557003851142	0.116571464134327	139	68	0.00242926499046834	0.0036702539833924
COG2256	log_NO2NO3	log_NO2NO3	0.104925613172006	0.03396599190973	139	139	0.00245893655393767	0.0037137174130794
COG4675	log_NO2NO3	log_NO2NO3	-0.256977246089936	0.0832047929142352	139	139	0.00246391847016968	0.00371987397113453
COG5304	log_NO2NO3	log_NO2NO3	0.471263069811939	0.152611400899395	139	119	0.00246775549665892	0.00372429815586879
COG3048	log_NO2NO3	log_NO2NO3	0.485321088590135	0.1573167222015	139	105	0.00249103422083875	0.0037580494231383
COG3853	log_NO2NO3	log_NO2NO3	0.386393007040619	0.125679786721962	139	139	0.00257466953502778	0.00388279825620196
COG1225	log_NO2NO3	log_NO2NO3	-0.0518763084959022	0.0168754241084414	139	139	0.00257748367205872	0.00388419036126825
COG2944	log_NO2NO3	log_NO2NO3	0.398739110522961	0.129706901293233	139	139	0.00257683568694847	0.00388419036126825
COG1162	log_NO2NO3	log_NO2NO3	-0.0921374088070937	0.0300171610708016	139	139	0.00261459012087361	0.00393866381244914
COG2342	log_NO2NO3	log_NO2NO3	0.348921001882385	0.113723603275495	139	138	0.00262554601726469	0.00395371812277249
COG5478	log_NO2NO3	log_NO2NO3	0.385667703010817	0.125800093886297	139	49	0.00264550166711864	0.0039823088488543
COG2984	log_NO2NO3	log_NO2NO3	0.381167514642616	0.124344895230551	139	139	0.00264808413109212	0.00398473612107195
COG1316	log_NO2NO3	log_NO2NO3	-0.339994586399691	0.111009998757323	139	139	0.0026701614885927	0.00401648604728627
COG2071	log_NO2NO3	log_NO2NO3	0.0598612648340105	0.0195529372262409	139	139	0.00268049306854958	0.00403055107086446
COG1420	log_NO2NO3	log_NO2NO3	0.101510934203039	0.0331595774572919	139	139	0.00268225990348056	0.00403173204665135
COG1287	log_NO2NO3	log_NO2NO3	0.466686150005801	0.152622457944931	139	139	0.00271164598717348	0.00407441174663813
COG4539	log_NO2NO3	log_NO2NO3	0.20518589828097	0.0671088178290895	139	139	0.00271393446249835	0.0040763593316063
COG3249	log_NO2NO3	log_NO2NO3	0.175617027262534	0.0574720199617313	139	139	0.00272927786480204	0.00409790696952002
COG2990	log_NO2NO3	log_NO2NO3	0.466475542439094	0.152677593215657	139	78	0.00273265571214944	0.00410147960011322
COG2074	log_NO2NO3	log_NO2NO3	0.45040832803813	0.147461764044005	139	138	0.00274022445159354	0.00411133748982698
COG0686	log_NO2NO3	log_NO2NO3	-0.0573353642210086	0.018774210427622	139	139	0.00274418302691886	0.00411577359422515
COG1914	log_NO2NO3	log_NO2NO3	-0.129305082980798	0.042356372484915	139	139	0.00275402928741446	0.00412903369076592
COG5342	log_NO2NO3	log_NO2NO3	-0.230281609120899	0.0755201088593426	139	139	0.00278422820579879	0.00417278711033252
COG4719	log_NO2NO3	log_NO2NO3	0.488400912947536	0.160233895143389	139	98	0.00279483148679374	0.00418715089268734
COG0427	log_NO2NO3	log_NO2NO3	0.18555810488152	0.0608958729867322	139	139	0.00280274956822543	0.00419748276568358
COG3078	log_NO2NO3	log_NO2NO3	0.516801922242799	0.169630657348585	139	103	0.00280716038799864	0.00420255644092507
COG0642	log_NO2NO3	log_NO2NO3	-0.050194316554321	0.0164772141063538	139	139	0.00281015420396404	0.00420550581780848
COG3805	log_NO2NO3	log_NO2NO3	-0.215597495048626	0.0707826439051009	139	138	0.00281344513609259	0.00420889753061485
COG2151	log_NO2NO3	log_NO2NO3	0.039218046689746	0.01289131943217	139	139	0.00284591307494131	0.00425591951651216
COG5630	log_NO2NO3	log_NO2NO3	-0.395765281203829	0.130122365197282	139	139	0.00285226867077099	0.00426387179749899
COG5483	log_NO2NO3	log_NO2NO3	0.305744767348623	0.100549754914633	139	139	0.00285893839682667	0.00427228771704764
COG2215	log_NO2NO3	log_NO2NO3	0.169455156781153	0.0557580730335197	139	139	0.00287328226063406	0.0042921612824308
COG4645	log_NO2NO3	log_NO2NO3	0.418069059117793	0.137614426823473	139	138	0.00288343800369233	0.004305766382831
COG1747	log_NO2NO3	log_NO2NO3	0.410370694487594	0.135087411510754	139	134	0.00288484879292994	0.00430630771851605
COG1302	log_NO2NO3	log_NO2NO3	-0.423699265118248	0.139498188705897	139	126	0.00288936649329993	0.00431148476370364
COG3173	log_NO2NO3	log_NO2NO3	-0.0557576987709549	0.0183583643954258	139	139	0.00289050979583868	0.00431162463373467
COG0237	log_NO2NO3	log_NO2NO3	-0.0309455000931581	0.0101946687619882	139	139	0.00290595533716831	0.00433309057171957
COG3108	log_NO2NO3	log_NO2NO3	-0.229752159727568	0.075699963222271	139	139	0.00290975396194641	0.00433718043384465
COG4220	log_NO2NO3	log_NO2NO3	0.443871271277071	0.146293696879209	139	134	0.00291809481625249	0.00434803536640016
COG4737	log_NO2NO3	log_NO2NO3	0.38706382043477	0.127583177278647	139	135	0.00292075874070943	0.00435042672474051
COG3900	log_NO2NO3	log_NO2NO3	0.519553448831284	0.171539432541587	139	85	0.00296663990708664	0.00441716445752517
COG4752	log_NO2NO3	log_NO2NO3	0.509435237213286	0.168227868024158	139	133	0.00297144773007	0.00442272002722013
COG5626	log_NO2NO3	log_NO2NO3	0.322197830879996	0.106456008973834	139	138	0.00298674039230759	0.0044438716159361
COG3628	log_NO2NO3	log_NO2NO3	-0.219712442366603	0.072624034225901	139	139	0.00299820002856377	0.00445930692155684
COG2273	log_NO2NO3	log_NO2NO3	0.100427107686755	0.0332832137479206	139	139	0.00307294731016434	0.00456882647490232
COG5464	log_NO2NO3	log_NO2NO3	0.419591870938926	0.139247802112519	139	137	0.00311172931283936	0.00462481332024027
COG2037	log_NO2NO3	log_NO2NO3	-0.109817955886402	0.0364504050713427	139	139	0.00311622910147022	0.00462982609361289
COG0795	log_NO2NO3	log_NO2NO3	-0.0482984997808067	0.0160374833737743	139	139	0.00312778680744233	0.00464531749999027
COG1698	log_NO2NO3	log_NO2NO3	0.567284701594499	0.188410042480099	139	134	0.00313448784604876	0.00465245148698114
COG4983	log_NO2NO3	log_NO2NO3	0.211728151423221	0.0703213310126189	139	139	0.00313485533494737	0.00465245148698114
COG3521	log_NO2NO3	log_NO2NO3	0.372076688865662	0.123693850146096	139	136	0.00316215436720937	0.00469127126778479
COG1989	log_NO2NO3	log_NO2NO3	0.0501345638598321	0.0166696282980068	139	139	0.00316707104234464	0.0046968692570223
COG3402	log_NO2NO3	log_NO2NO3	0.378311261922961	0.125792888929227	139	137	0.00316829371731289	0.00469698686059955
COG2828	log_NO2NO3	log_NO2NO3	-0.126419832748681	0.0420775110069371	139	139	0.0031972438802486	0.00473819547621257
COG3001	log_NO2NO3	log_NO2NO3	-0.199826202154122	0.0666545867515032	139	139	0.00326177164897221	0.00483208003389031
COG2904	log_NO2NO3	log_NO2NO3	-0.133840815830884	0.0446809423082463	139	139	0.00328642141636177	0.00486684180908946
COG0217	log_NO2NO3	log_NO2NO3	-0.041121650977585	0.0137330571863174	139	139	0.00329774918614983	0.00488185717358684
COG1548	log_NO2NO3	log_NO2NO3	-0.124053481243096	0.0414829400608203	139	139	0.00333719694746244	0.00493847444530825
COG2376	log_NO2NO3	log_NO2NO3	-0.0893665467378926	0.0299140323766799	139	139	0.00336820158260556	0.00498256107358431
COG0281	log_NO2NO3	log_NO2NO3	-0.0528904187664559	0.017707952593004	139	139	0.00337467732955867	0.00499034358165119
COG0286	log_NO2NO3	log_NO2NO3	0.097820831176953	0.0327901151090864	139	139	0.00341174533978635	0.00504334287723725
COG4102	log_NO2NO3	log_NO2NO3	0.0932108544698638	0.0312515866468489	139	139	0.00341847726052682	0.00505147646987201
COG0513	log_NO2NO3	log_NO2NO3	0.0660541763329533	0.0221701747424576	139	139	0.00345181488353843	0.00509890526486007
COG5323	log_NO2NO3	log_NO2NO3	0.242333481230639	0.0815298481668108	139	139	0.00352720490819453	0.00520839603266108
COG3215	log_NO2NO3	log_NO2NO3	0.274881395839893	0.0925527971103509	139	139	0.00355234795302406	0.00524363830076278
COG3723	log_NO2NO3	log_NO2NO3	-0.388040118530848	0.1306916755636	139	138	0.0035617565482759	0.00525563789522896
COG1012	log_NO2NO3	log_NO2NO3	0.0402826550614433	0.0135999038603036	139	139	0.00363999189574983	0.00536915142109167
COG0765	log_NO2NO3	log_NO2NO3	-0.0578643605727676	0.0195608102983588	139	139	0.00368226886264763	0.00542956227126937
COG2365	log_NO2NO3	log_NO2NO3	-0.0671283450621367	0.0227020231384471	139	139	0.00369621701215538	0.00544817347898611
COG2209	log_NO2NO3	log_NO2NO3	-0.114893360692156	0.038923241081397	139	139	0.00375426864609497	0.00553175595342832
COG3376	log_NO2NO3	log_NO2NO3	0.42716558359263	0.144730503789065	139	63	0.0037581178251463	0.00553544210315561
COG3856	log_NO2NO3	log_NO2NO3	0.228674130254968	0.0776971626526535	139	48	0.00385383993734882	0.00567439944897095
COG1708	log_NO2NO3	log_NO2NO3	0.404185019441287	0.137381473761075	139	139	0.00386648042028654	0.00569097153942569
COG3678	log_NO2NO3	log_NO2NO3	0.491094450781217	0.167069344749995	139	134	0.00389696854199924	0.00573173890817504
COG5523	log_NO2NO3	log_NO2NO3	-0.217212450425325	0.0738947652967259	139	139	0.00389674672563056	0.00573173890817504
COG3443	log_NO2NO3	log_NO2NO3	0.471857988780724	0.160597012498875	139	109	0.00391248619306076	0.00575250296388461
COG1439	log_NO2NO3	log_NO2NO3	0.498069541523672	0.169543037550305	139	136	0.00391759163962713	0.00575794864242872
COG1134	log_NO2NO3	log_NO2NO3	0.10102836232171	0.0344088139796427	139	139	0.00393654931872331	0.0057837427043331
COG0727	log_NO2NO3	log_NO2NO3	-0.140957608497453	0.0480283358968967	139	139	0.00395124434897381	0.00580258683469131
COG1256	log_NO2NO3	log_NO2NO3	-0.0864278061819978	0.0294492585221237	139	139	0.00395220008847768	0.00580258683469131
COG2983	log_NO2NO3	log_NO2NO3	0.116918108934691	0.0398410114757883	139	139	0.00395443311186184	0.00580379107664467
COG0039	log_NO2NO3	log_NO2NO3	0.0348134001765983	0.0118696455841846	139	139	0.00397404599925171	0.0058304932017593
COG2924	log_NO2NO3	log_NO2NO3	0.0750855474849591	0.0256212069374677	139	139	0.00400262021908801	0.00587031912174707
COG3212	log_NO2NO3	log_NO2NO3	0.449502178344831	0.1533975265537	139	122	0.00400614927863374	0.00587339801449943
COG2898	log_NO2NO3	log_NO2NO3	0.402286776407967	0.137324812407515	139	139	0.00401648445492959	0.00588644956862318
COG4944	log_NO2NO3	log_NO2NO3	0.44835546918572	0.153106760865272	139	95	0.00402945513990565	0.00590335296531113
COG0490	log_NO2NO3	log_NO2NO3	0.49730743981355	0.170190802941304	139	77	0.00410694122989473	0.0060147289028191
COG3537	log_NO2NO3	log_NO2NO3	0.198651839979973	0.0679868185538014	139	139	0.00410868697932041	0.00601514116573352
COG0484	log_NO2NO3	log_NO2NO3	0.0333123372447369	0.0114093563140141	139	139	0.00413569492615017	0.00605252396032237
COG1868	log_NO2NO3	log_NO2NO3	0.092854416459711	0.0318161046087793	139	139	0.00415146952381126	0.00607344615520537
COG1600	log_NO2NO3	log_NO2NO3	0.048019102836946	0.0164569805818692	139	139	0.00415916272607456	0.00608253488028276
COG1208	log_NO2NO3	log_NO2NO3	0.0393497480284074	0.01348641613817	139	139	0.00416071538973562	0.00608264014983414
COG1181	log_NO2NO3	log_NO2NO3	-0.0399132318879849	0.0136836323442243	139	139	0.00417163946320831	0.00609644073812157
COG2706	log_NO2NO3	log_NO2NO3	0.208862849499848	0.0716087066490158	139	139	0.00417333431387618	0.00609674870604671
COG5545	log_NO2NO3	log_NO2NO3	-0.169582496261012	0.0581550239114132	139	139	0.00418189586628105	0.00610708432942856
COG3331	log_NO2NO3	log_NO2NO3	0.342711418798655	0.117739064115247	139	83	0.00424860069140671	0.00620229269378066
COG3817	log_NO2NO3	log_NO2NO3	0.466312367390914	0.16029248924901	139	107	0.00426950668288276	0.00623059802958521
COG1168	log_NO2NO3	log_NO2NO3	0.0661807067921389	0.0227512136012739	139	139	0.00427267476329864	0.00623300707657344
COG4525	log_NO2NO3	log_NO2NO3	0.0594112108625202	0.0204504731360927	139	139	0.00432110503621147	0.00630141976881673
COG4623	log_NO2NO3	log_NO2NO3	0.120215959346405	0.0413845447776187	139	139	0.00432466532794634	0.00630437372860311
COG3224	log_NO2NO3	log_NO2NO3	0.320563546976955	0.110443123181491	139	139	0.0043549482051677	0.0063462671964629
COG3089	log_NO2NO3	log_NO2NO3	0.225490406815232	0.0777950539480748	139	139	0.004407429844957	0.00641953510527994
COG3514	log_NO2NO3	log_NO2NO3	0.453821026358679	0.1565737690412	139	117	0.00440835163875236	0.00641953510527994
COG4150	log_NO2NO3	log_NO2NO3	0.421130631736468	0.14546600542442	139	136	0.00445343907765392	0.00648289430581229
COG5000	log_NO2NO3	log_NO2NO3	-0.0559732799721841	0.0193426361482838	139	139	0.00447034089873819	0.00650519320298139
COG1052	log_NO2NO3	log_NO2NO3	-0.059119917771873	0.0204402238696424	139	139	0.00448967743862937	0.00653101803041411
COG4801	log_NO2NO3	log_NO2NO3	0.412601495414435	0.142716941236817	139	48	0.00450692935399404	0.00655379319865753
COG0062	log_NO2NO3	log_NO2NO3	0.142155408252835	0.0492007505059704	139	139	0.00453059029851813	0.0065858687000398
COG1938	log_NO2NO3	log_NO2NO3	0.442990651716646	0.15332920315696	139	138	0.00453256734206963	0.00658641197071879
COG2445	log_NO2NO3	log_NO2NO3	0.472245734609568	0.163480867553279	139	112	0.00453874068366244	0.00659305046976142
COG0172	log_NO2NO3	log_NO2NO3	-0.0210817702216298	0.00730184529681893	139	139	0.00455919414918311	0.00662042048951722
COG3779	log_NO2NO3	log_NO2NO3	0.477897029201559	0.165554328841082	139	72	0.00456649033349595	0.00662867218727963
COG4405	log_NO2NO3	log_NO2NO3	0.323145380198338	0.112084199174273	139	139	0.00461559973325171	0.00669759226570047
COG4605	log_NO2NO3	log_NO2NO3	0.515358640906055	0.178898435492308	139	110	0.00464769052215346	0.00674177707097684
COG1544	log_NO2NO3	log_NO2NO3	-0.126615814816499	0.0439801644333357	139	139	0.004672706102037	0.00677567125561877
COG1474	log_NO2NO3	log_NO2NO3	0.441472158007757	0.153426808489992	139	139	0.0046938604614502	0.00680394452210212
COG3619	log_NO2NO3	log_NO2NO3	0.423037699851747	0.147184305128795	139	128	0.00473886189105903	0.00686675296242346
COG0722	log_NO2NO3	log_NO2NO3	-0.0828122910265942	0.028830465206685	139	139	0.00476450324192326	0.00690147366636839
COG0612	log_NO2NO3	log_NO2NO3	0.0483737964795816	0.0168460385173259	139	139	0.0047767606494053	0.00691678983001656
COG4231	log_NO2NO3	log_NO2NO3	0.109771795478229	0.0382305370935409	139	139	0.00477976546021809	0.00691870208265536
COG3009	log_NO2NO3	log_NO2NO3	0.393728037394218	0.137184941656557	139	139	0.0047976732216838	0.00694217738452873
COG2761	log_NO2NO3	log_NO2NO3	0.107908018638363	0.0376066130035059	139	139	0.00480713444403315	0.00695341841411556
COG4519	log_NO2NO3	log_NO2NO3	0.411264352957925	0.143481888567023	139	120	0.00485119622421805	0.00701468288950642
COG5525	log_NO2NO3	log_NO2NO3	0.201751164262964	0.0704227505328697	139	139	0.00487221889395442	0.00704260211694749
COG0489	log_NO2NO3	log_NO2NO3	-0.0209317912559839	0.00731837165218166	139	139	0.00494038451221883	0.00713862102574568
COG0586	log_NO2NO3	log_NO2NO3	-0.103094026943809	0.0360774293675369	139	139	0.00497847883957299	0.00719113610160543
COG5440	log_NO2NO3	log_NO2NO3	-0.479616875589224	0.16784992444849	139	132	0.00498086625201581	0.00719205573401791
COG1637	log_NO2NO3	log_NO2NO3	0.422893786469403	0.148027200724623	139	139	0.00498897498703203	0.00720123304523105
COG1407	log_NO2NO3	log_NO2NO3	-0.171713216048483	0.060136218361258	139	139	0.00501059401537085	0.00722989821395977
COG4253	log_NO2NO3	log_NO2NO3	0.471511155106963	0.165254421308758	139	133	0.00504271848448178	0.00727369646567807
COG3629	log_NO2NO3	log_NO2NO3	0.403043201401097	0.141326767455875	139	138	0.00506349443641769	0.0073011004369266
COG4326	log_NO2NO3	log_NO2NO3	0.490699334215192	0.17231647229058	139	104	0.00512656593185682	0.00738945012212906
COG3703	log_NO2NO3	log_NO2NO3	0.0923749958534581	0.0324518055904603	139	139	0.00514377281070823	0.00741165159817236
COG1959	log_NO2NO3	log_NO2NO3	0.0528975463100115	0.0186466685604148	139	139	0.005292898385242	0.00762385223231912
COG3798	log_NO2NO3	log_NO2NO3	0.525793465325056	0.185381020253143	139	120	0.00530149332684438	0.00763355576119058
COG3475	log_NO2NO3	log_NO2NO3	0.169892543406239	0.0599311271891553	139	139	0.00532478296098213	0.00766440378546411
COG1921	log_NO2NO3	log_NO2NO3	0.169327132662328	0.0597704616174758	139	139	0.00535368778486292	0.00770330977941047
COG0299	log_NO2NO3	log_NO2NO3	-0.0415517697544775	0.0147172343130709	139	139	0.00550711939035598	0.00792130478136637
COG1842	log_NO2NO3	log_NO2NO3	0.238418345487508	0.084484677051021	139	139	0.00552833461361479	0.0079466641508458
COG5566	log_NO2NO3	log_NO2NO3	0.381496486967067	0.135185937800006	139	62	0.00552861882743849	0.0079466641508458
COG2267	log_NO2NO3	log_NO2NO3	-0.0993595772035556	0.0352670325788531	139	139	0.00560472882813576	0.00805324450016849
COG4273	log_NO2NO3	log_NO2NO3	0.400165498981028	0.142267638591508	139	94	0.00568049063689773	0.00815925018754401
COG4430	log_NO2NO3	log_NO2NO3	0.352101686869542	0.125270626085166	139	138	0.0057144547966979	0.00820516613241348
COG5591	log_NO2NO3	log_NO2NO3	0.392304225272273	0.139693801128046	139	137	0.00575492445062298	0.00826038771598855
COG2401	log_NO2NO3	log_NO2NO3	-0.425898843089805	0.152057741658159	139	104	0.0058808924983454	0.00843824882403175
COG3617	log_NO2NO3	log_NO2NO3	0.446165493574849	0.159310970117708	139	127	0.00588616557138413	0.00844286598018367
COG1048	log_NO2NO3	log_NO2NO3	0.0458712006053856	0.0164424875417169	139	139	0.00607430665060079	0.00870937120599517
COG5340	log_NO2NO3	log_NO2NO3	0.433748612419075	0.155482762180213	139	123	0.00607620688324785	0.00870937120599517
COG5484	log_NO2NO3	log_NO2NO3	0.452324801275889	0.162289841237235	139	126	0.00612139957567749	0.0087710880561155
COG3783	log_NO2NO3	log_NO2NO3	0.447500577978758	0.160838521856096	139	76	0.00620818492158079	0.0088892379427863
COG4270	log_NO2NO3	log_NO2NO3	-0.120814792632281	0.0434214411071797	139	139	0.00620675832027294	0.0088892379427863
COG4834	log_NO2NO3	log_NO2NO3	0.30906215675212	0.111122217235086	139	60	0.00622652437479388	0.00891239098663876
COG3919	log_NO2NO3	log_NO2NO3	0.123513449048465	0.044475983955722	139	139	0.00630286468283873	0.00901851902372049
COG2122	log_NO2NO3	log_NO2NO3	0.144332605194103	0.0520561201386084	139	139	0.00638463504067519	0.0091323400929992
COG3684	log_NO2NO3	log_NO2NO3	0.141309056232624	0.0510329518007999	139	139	0.00645261678515687	0.00922636608194375
COG0709	log_NO2NO3	log_NO2NO3	-0.0661670092858468	0.0238978002403169	139	139	0.00645687180084548	0.00922923777239848
COG1217	log_NO2NO3	log_NO2NO3	-0.0723140604290934	0.0261233889793827	139	139	0.00646764156079625	0.00924141618495687
COG4208	log_NO2NO3	log_NO2NO3	0.371272714409824	0.134273876876045	139	138	0.00652650434706275	0.0093222808962913
COG4533	log_NO2NO3	log_NO2NO3	0.495126274706356	0.179159787056018	139	109	0.00655370694134197	0.00935788255649386
COG1722	log_NO2NO3	log_NO2NO3	0.0511535384892891	0.0185228568758708	139	139	0.00659087811094126	0.00940768842242762
COG4457	log_NO2NO3	log_NO2NO3	0.24446024257384	0.0885375797584247	139	139	0.00660143129022264	0.00941947889553129
COG3788	log_NO2NO3	log_NO2NO3	-0.126497550103357	0.0458805980995147	139	139	0.0066778428189027	0.00952520079862927
COG2516	log_NO2NO3	log_NO2NO3	-0.495310007694029	0.180097539104093	139	138	0.00681142898184614	0.00971237426498575
COG4300	log_NO2NO3	log_NO2NO3	0.479400779359809	0.174364374134936	139	111	0.00682738701142308	0.00973175081295143
COG1370	log_NO2NO3	log_NO2NO3	0.469979560677307	0.170955742314606	139	137	0.00683307664215781	0.00973648243010207
COG3618	log_NO2NO3	log_NO2NO3	0.0803593480410463	0.0292376978371587	139	139	0.00684579408363443	0.00975122125366513
COG0363	log_NO2NO3	log_NO2NO3	-0.0530377764104341	0.0193118869250687	139	139	0.00688737666969449	0.00980705142429982
COG1545	log_NO2NO3	log_NO2NO3	0.132351216380712	0.0482205061667018	139	139	0.00692057343818238	0.00985090633543078
COG3551	log_NO2NO3	log_NO2NO3	-0.282060785507036	0.102860669382854	139	139	0.00697138334132449	0.0099197931299484
COG3513	log_NO2NO3	log_NO2NO3	0.230391324930806	0.0841293209165797	139	139	0.00704437049821271	0.0100201779801447
COG0085	log_NO2NO3	log_NO2NO3	-0.0281746459588094	0.0102906495654824	139	139	0.00705752383614332	0.0100354129175759
COG4763	log_NO2NO3	log_NO2NO3	0.447719824934712	0.163617314932637	139	120	0.00708805113967612	0.0100753335923147
COG5661	log_NO2NO3	log_NO2NO3	0.395779135689302	0.14485981769469	139	133	0.00717459155311877	0.0101948191284026
COG0618	log_NO2NO3	log_NO2NO3	0.0938443097884379	0.0343556385386509	139	139	0.00718689544910854	0.0102087712672676
COG3772	log_NO2NO3	log_NO2NO3	-0.187846842788396	0.0687798684387406	139	139	0.00719562573413163	0.0102176393072287
COG3539	log_NO2NO3	log_NO2NO3	0.416898777071705	0.15271602472997	139	98	0.0072211468841944	0.0102503356600797
COG0270	log_NO2NO3	log_NO2NO3	-0.0559483841613594	0.0205106568571318	139	139	0.00726520409347621	0.0103093120607946
COG0530	log_NO2NO3	log_NO2NO3	0.0227277546860578	0.00834618751438093	139	139	0.00736232841794202	0.0104435238746222
COG3640	log_NO2NO3	log_NO2NO3	0.402328760784936	0.147845437647611	139	137	0.00740138190609768	0.0104952975044009
COG3014	log_NO2NO3	log_NO2NO3	0.241227635186453	0.0886657099992515	139	139	0.00741488346896157	0.0105086874641501
COG3486	log_NO2NO3	log_NO2NO3	0.415588396112845	0.152756611113428	139	138	0.00741594083704261	0.0105086874641501
COG1928	log_NO2NO3	log_NO2NO3	0.186985888651819	0.0688020233169965	139	139	0.00747663813453244	0.0105910446402273
COG5385	log_NO2NO3	log_NO2NO3	0.286631545237742	0.105486850803808	139	139	0.0074875945920067	0.0106029088534862
COG2001	log_NO2NO3	log_NO2NO3	-0.0493140662128442	0.0181569334582137	139	139	0.00751402562862818	0.0106366703247431
COG3719	log_NO2NO3	log_NO2NO3	0.386888350757938	0.142552643826784	139	135	0.00755676010568418	0.0106934793366003
COG2931	log_NO2NO3	log_NO2NO3	0.0640005860532097	0.0235881209461716	139	139	0.00757290791857221	0.0107126397140133
COG4729	log_NO2NO3	log_NO2NO3	0.410976793924477	0.151549627887654	139	101	0.00760374559003521	0.0107525600288691
COG1533	log_NO2NO3	log_NO2NO3	0.163396465539752	0.0603131109196161	139	139	0.00766232779142017	0.0108316732853249
COG3631	log_NO2NO3	log_NO2NO3	0.0945327809040923	0.0349211666414956	139	139	0.0077083566738371	0.0108929925064062
COG0470	log_NO2NO3	log_NO2NO3	0.0370180310107333	0.0136772553853166	139	139	0.00771921553113063	0.0109045864518173
COG0071	log_NO2NO3	log_NO2NO3	-0.0867490513672703	0.0320699249046261	139	139	0.00775317900928431	0.0109488000584874
COG0783	log_NO2NO3	log_NO2NO3	0.182675677633394	0.0675638024747519	139	139	0.00778072181085675	0.010983919312371
COG3976	log_NO2NO3	log_NO2NO3	0.606464222721263	0.224697570009683	139	73	0.00788597643893484	0.0111286812817397
COG0151	log_NO2NO3	log_NO2NO3	-0.0233622068043339	0.00865645110097834	139	139	0.00789054834285673	0.0111313092693872
COG2006	log_NO2NO3	log_NO2NO3	0.534247644781181	0.198014176541478	139	136	0.0079083469160476	0.0111525880985663
COG0464	log_NO2NO3	log_NO2NO3	0.183367424974956	0.0680558093531824	139	139	0.00799092437647195	0.0112651741038252
COG2039	log_NO2NO3	log_NO2NO3	0.273899634816727	0.101768728481852	139	139	0.00805865549871711	0.0113567604764082
COG4813	log_NO2NO3	log_NO2NO3	-0.275012894606228	0.102367488859986	139	138	0.00817056707520781	0.0115105245353065
COG3885	log_NO2NO3	log_NO2NO3	0.388815726641599	0.144746717024816	139	47	0.00817857175292972	0.0115178514779003
COG3101	log_NO2NO3	log_NO2NO3	0.213152309099447	0.0793615640499939	139	139	0.0081864921946561	0.011525054810023
COG4575	log_NO2NO3	log_NO2NO3	0.362039031239513	0.134843615007074	139	109	0.00820870690271087	0.011552369974764
COG5530	log_NO2NO3	log_NO2NO3	0.356188367307259	0.132854233817679	139	132	0.00829823658586285	0.0116743684570975
COG1358	log_NO2NO3	log_NO2NO3	0.439795413037927	0.164124262478575	139	136	0.00833108468303889	0.0117155199934847
COG2916	log_NO2NO3	log_NO2NO3	0.37569458435789	0.140213924605711	139	137	0.00833604307228717	0.0117155199934847
COG5569	log_NO2NO3	log_NO2NO3	-0.444962566633378	0.166062278202715	139	129	0.00833477914016923	0.0117155199934847
COG4782	log_NO2NO3	log_NO2NO3	0.248813213913648	0.0930971369338428	139	139	0.00849811408381329	0.0119392108947692
COG3381	log_NO2NO3	log_NO2NO3	0.239702181960567	0.0897952223339216	139	139	0.00857485857802445	0.0120429124918032
COG3973	log_NO2NO3	log_NO2NO3	0.443079855660434	0.16649258120989	139	138	0.00877446303083277	0.0123190342210051
COG3435	log_NO2NO3	log_NO2NO3	0.160770017821372	0.0604307601319705	139	139	0.00879567195418464	0.0123445918646363
COG2055	log_NO2NO3	log_NO2NO3	-0.0529645589311214	0.0199194444483468	139	139	0.00883191907336793	0.0123912307217881
COG5650	log_NO2NO3	log_NO2NO3	-0.337093535833466	0.126957864828214	139	134	0.00892612915628591	0.0125191323229848
COG2164	log_NO2NO3	log_NO2NO3	0.358614116477584	0.135127130282298	139	135	0.00895773640916404	0.0125591744603569
COG2060	log_NO2NO3	log_NO2NO3	0.4192837239231	0.15804384194958	139	128	0.00898148469365879	0.0125881743846982
COG5652	log_NO2NO3	log_NO2NO3	0.339830057907934	0.128361095640258	139	136	0.00912119662921609	0.0127796302021895
COG3233	log_NO2NO3	log_NO2NO3	0.403286089460712	0.152344782801251	139	116	0.00912785404883988	0.0127845974881126
COG1297	log_NO2NO3	log_NO2NO3	0.224247466284449	0.0847269250996482	139	139	0.00914026260900877	0.0127976137688507
COG5266	log_NO2NO3	log_NO2NO3	0.407801546186447	0.154100088088811	139	126	0.00914964792803906	0.0128063896723627
COG4520	log_NO2NO3	log_NO2NO3	0.127857075211107	0.0483822236811572	139	139	0.00924483075100035	0.0129352059690427
COG2049	log_NO2NO3	log_NO2NO3	0.040060342344236	0.0151654792877452	139	139	0.00927326697149141	0.0129705756618613
COG2882	log_NO2NO3	log_NO2NO3	0.355112888343175	0.134493018326267	139	130	0.00930357302819738	0.0130085357385415
COG1030	log_NO2NO3	log_NO2NO3	0.258683400437954	0.0980337761157194	139	139	0.00934697275033399	0.0130647717109126
COG1433	log_NO2NO3	log_NO2NO3	0.379132492479068	0.143871048523134	139	49	0.00943863613396004	0.0131884072239142
COG0079	log_NO2NO3	log_NO2NO3	0.0249419753201487	0.00946707077350627	139	139	0.00945502171827865	0.0132068103429747
COG0644	log_NO2NO3	log_NO2NO3	0.0561624959420325	0.0213401427086172	139	139	0.00952990470294813	0.0133068825695822
COG3378	log_NO2NO3	log_NO2NO3	0.204991424887424	0.0779218878428187	139	139	0.00955778767831308	0.0133412816114543
COG2519	log_NO2NO3	log_NO2NO3	0.323628206478452	0.12312444247966	139	139	0.00961835427520766	0.0134212633704324
COG0526	log_NO2NO3	log_NO2NO3	-0.0135138130043023	0.00514276672138656	139	139	0.00963800630868806	0.0134441188170087
COG4738	log_NO2NO3	log_NO2NO3	-0.470107599761266	0.178933008056899	139	118	0.00965008322544839	0.0134563957536124
COG2353	log_NO2NO3	log_NO2NO3	0.077103036071207	0.0293610294883219	139	139	0.00968373995006255	0.0134987457464733
COG0182	log_NO2NO3	log_NO2NO3	0.0652971142658149	0.0248830162643815	139	139	0.00973428229819206	0.0135645969067073
COG4848	log_NO2NO3	log_NO2NO3	0.346787407110211	0.132163882071756	139	78	0.00974090572836878	0.0135692237138484
COG2840	log_NO2NO3	log_NO2NO3	0.0741885531442453	0.0282988507290165	139	139	0.00980372243001493	0.0136520988957632
COG4632	log_NO2NO3	log_NO2NO3	0.288294815506081	0.110099444522572	139	138	0.00988903541721852	0.013766234325291
COG5628	log_NO2NO3	log_NO2NO3	0.473900822611168	0.181053290629808	139	94	0.00991735482219655	0.0138009802200486
COG2881	log_NO2NO3	log_NO2NO3	0.291188063169571	0.111368764473329	139	48	0.00999581106460178	0.0139054493238687
COG1651	log_NO2NO3	log_NO2NO3	0.0358540659413774	0.013722171652176	139	139	0.0100451373593382	0.0139646105827957
COG1709	log_NO2NO3	log_NO2NO3	0.417487959052527	0.159776377637676	139	130	0.0100424841307559	0.0139646105827957
COG3969	log_NO2NO3	log_NO2NO3	-0.239672093072984	0.0918989365929769	139	139	0.0101814764395146	0.0141493590032225
COG3110	log_NO2NO3	log_NO2NO3	0.385240638330086	0.147826282264238	139	111	0.0102369346809089	0.0142216190967784
COG0473	log_NO2NO3	log_NO2NO3	-0.0319574719019529	0.0122798138433081	139	139	0.0103394016162597	0.0143591148883012
COG5662	log_NO2NO3	log_NO2NO3	0.377718686157208	0.14523864374308	139	127	0.0103899706742671	0.0144244675667081
COG2216	log_NO2NO3	log_NO2NO3	0.43423446703138	0.167095308279114	139	128	0.0104462403020574	0.0144976875543418
COG1597	log_NO2NO3	log_NO2NO3	0.119305661399217	0.0459350789794434	139	139	0.0104883802239183	0.0145512549678678
COG4819	log_NO2NO3	log_NO2NO3	-0.40526073847127	0.156132004919028	139	134	0.0105359608262345	0.0146123318953988
COG0689	log_NO2NO3	log_NO2NO3	0.0501734588000089	0.0193325042241733	139	139	0.0105458220658103	0.0146210722397397
COG2032	log_NO2NO3	log_NO2NO3	0.137897885781445	0.0531504792829492	139	139	0.0105694308682423	0.0146488603261603
COG0559	log_NO2NO3	log_NO2NO3	-0.0296764188254447	0.0114430273750191	139	139	0.0106008310610101	0.0146874246201112
COG3393	log_NO2NO3	log_NO2NO3	0.312224464231898	0.120462665083148	139	138	0.0106456604220705	0.0147445627153964
COG1022	log_NO2NO3	log_NO2NO3	-0.0367702210773367	0.0141920491614479	139	139	0.0106743262712085	0.0147792828857851
COG3319	log_NO2NO3	log_NO2NO3	0.293042537010483	0.113123810652393	139	139	0.0106874203929339	0.0147924268780905
COG3750	log_NO2NO3	log_NO2NO3	-0.16252256838204	0.062743142888284	139	139	0.0106925618496878	0.01479455846363
COG1448	log_NO2NO3	log_NO2NO3	-0.126938381286341	0.0490151470493363	139	139	0.0107074808888055	0.0148102126233041
COG4174	log_NO2NO3	log_NO2NO3	0.0687907867308897	0.026618714922477	139	139	0.0108703332799142	0.0150304036061553
COG2845	log_NO2NO3	log_NO2NO3	0.498516158300809	0.193057797000702	139	135	0.0109330482050141	0.015112032983243
COG2768	log_NO2NO3	log_NO2NO3	0.640698322297926	0.248260696491115	139	122	0.0109771776300167	0.0151679265738677
COG1916	log_NO2NO3	log_NO2NO3	0.303431642211894	0.117596769016639	139	139	0.0109915666223991	0.0151827019787544
COG3599	log_NO2NO3	log_NO2NO3	-0.247688763987985	0.0962059754494334	139	139	0.0111652693108839	0.0154174542282726
COG3766	log_NO2NO3	log_NO2NO3	-0.179329295611586	0.0698558716455255	139	139	0.0113953517582113	0.015729873999574
COG2358	log_NO2NO3	log_NO2NO3	0.048428765345056	0.018888438657398	139	139	0.0114955562085057	0.0158628635890297
COG3944	log_NO2NO3	log_NO2NO3	0.44908959257547	0.17546097147381	139	128	0.0116364882195024	0.0160519454686756
COG2908	log_NO2NO3	log_NO2NO3	-0.109435200610289	0.0427743679405065	139	139	0.0116701015758687	0.0160908460290011
COG4112	log_NO2NO3	log_NO2NO3	0.336254516069129	0.131433951643202	139	136	0.0116725221924107	0.0160908460290011
COG2040	log_NO2NO3	log_NO2NO3	0.0403935359715405	0.01581412561658	139	139	0.0118035163379377	0.0162659661577484
COG3553	log_NO2NO3	log_NO2NO3	0.288774952476195	0.113106630719081	139	137	0.0118405726893099	0.016311560230612
COG2978	log_NO2NO3	log_NO2NO3	0.19030997446543	0.0745454480421033	139	139	0.0118464711718961	0.0163142150768184
COG1984	log_NO2NO3	log_NO2NO3	0.0412776898098785	0.016190381213446	139	139	0.0119575220399604	0.0164616288673449
COG1515	log_NO2NO3	log_NO2NO3	0.318791814456152	0.12517041284951	139	139	0.0120444503203166	0.0165757460354642
COG2247	log_NO2NO3	log_NO2NO3	0.605878489723804	0.238016019533514	139	116	0.0120880373890026	0.0166301599444149
COG2893	log_NO2NO3	log_NO2NO3	-0.101374296884507	0.0398352725398563	139	139	0.012111077330127	0.0166562791001546
COG3867	log_NO2NO3	log_NO2NO3	-0.168662468342262	0.0663466875517772	139	139	0.0122004029617838	0.016773512505692
COG1437	log_NO2NO3	log_NO2NO3	0.387613644107244	0.152712695123124	139	136	0.0123321855626325	0.0169490191673784
COG2318	log_NO2NO3	log_NO2NO3	0.186930404865456	0.0736526813519116	139	139	0.0123385605729511	0.0169521093089241
COG3795	log_NO2NO3	log_NO2NO3	0.332308764627155	0.130979955837963	139	137	0.0123688584716414	0.0169880543635917
COG0580	log_NO2NO3	log_NO2NO3	-0.091403509632568	0.0360329945490706	139	139	0.0123834832050082	0.0170024562186409
COG3700	log_NO2NO3	log_NO2NO3	-0.381135612505085	0.150263391251224	139	131	0.0123905942306746	0.0170065356163085
COG1118	log_NO2NO3	log_NO2NO3	0.20086538082214	0.0791960758484898	139	139	0.0123954940070861	0.0170075782836038
COG0545	log_NO2NO3	log_NO2NO3	0.0423866680667708	0.016762978496011	139	139	0.0126578426663674	0.0173617421280258
COG3511	log_NO2NO3	log_NO2NO3	0.25590418045455	0.101388724297397	139	139	0.012816504037134	0.0175734975248821
COG1126	log_NO2NO3	log_NO2NO3	-0.0474796582743767	0.0188141836468393	139	139	0.012829722524504	0.0175857524626835
COG4496	log_NO2NO3	log_NO2NO3	-0.145372890239813	0.0577692020615766	139	139	0.0130808396165358	0.0179239790342659
COG3412	log_NO2NO3	log_NO2NO3	-0.454549312212889	0.180675193436395	139	124	0.0131022690715425	0.0179473562340436
COG5512	log_NO2NO3	log_NO2NO3	-0.340240484435218	0.135395005614153	139	139	0.0132049084514834	0.0180797481490545
COG5573	log_NO2NO3	log_NO2NO3	-0.299380540332057	0.119138977473837	139	137	0.0132077225402416	0.0180797481490545
COG4427	log_NO2NO3	log_NO2NO3	0.335923656512637	0.133898069350945	139	137	0.0133534129291712	0.0182730913767606
COG1745	log_NO2NO3	log_NO2NO3	0.297152252602491	0.118643373736461	139	49	0.0135060261337246	0.0184757760097705
COG3734	log_NO2NO3	log_NO2NO3	-0.125695689395113	0.050210657304778	139	139	0.0135503472065817	0.0185302351280419
COG2014	log_NO2NO3	log_NO2NO3	0.301402604764746	0.120470893652619	139	137	0.0136050112348625	0.018598797388624
COG1700	log_NO2NO3	log_NO2NO3	0.355506566986754	0.14223609314767	139	138	0.013695291025552	0.0187159865379134
COG3736	log_NO2NO3	log_NO2NO3	0.344340802202774	0.137878278715384	139	130	0.0137685872593444	0.0188098957304246
COG1511	log_NO2NO3	log_NO2NO3	0.352493776677407	0.141212989490659	139	138	0.0138145647439462	0.0188664335000435
COG1715	log_NO2NO3	log_NO2NO3	0.153737706066976	0.0616067414695158	139	139	0.0138411705154439	0.0188964866990507
COG5282	log_NO2NO3	log_NO2NO3	0.407521867919966	0.163325773926848	139	139	0.0138531283569664	0.018906528667913
COG4988	log_NO2NO3	log_NO2NO3	0.240924156267537	0.0965661505986608	139	139	0.0138618436311412	0.0189121400321249
COG1893	log_NO2NO3	log_NO2NO3	-0.0552833399653839	0.0221865742713349	139	139	0.013980127354049	0.0190671856475542
COG0613	log_NO2NO3	log_NO2NO3	0.0826031500098285	0.0331738064013973	139	139	0.0140453831330497	0.0191498287124355
COG3585	log_NO2NO3	log_NO2NO3	0.313992153877492	0.12612443344389	139	81	0.0140630412276442	0.0191675425889722
COG2021	log_NO2NO3	log_NO2NO3	-0.044288860998155	0.0178127112426714	139	139	0.0141833975732818	0.0193251732109591
COG2871	log_NO2NO3	log_NO2NO3	-0.0915676844979821	0.0370002628675822	139	139	0.0146294171375247	0.0199262750666284
COG2334	log_NO2NO3	log_NO2NO3	0.0390432444046965	0.0157787814114559	139	139	0.0146438852889187	0.0199393704895187
COG0383	log_NO2NO3	log_NO2NO3	-0.244365494667319	0.0987682835217258	139	139	0.0146550390082785	0.0199479457408906
COG2232	log_NO2NO3	log_NO2NO3	0.156877441281584	0.0634239934653064	139	139	0.0146807866821281	0.0199763735310309
COG0714	log_NO2NO3	log_NO2NO3	0.0261561296191371	0.0106066367691586	139	139	0.01497551786094	0.0203706713154773
COG3897	log_NO2NO3	log_NO2NO3	-0.180918320969746	0.0733946404968357	139	139	0.0150157708802802	0.0204186649375012
COG4583	log_NO2NO3	log_NO2NO3	-0.0539192911748018	0.0218771401379639	139	139	0.0150304280700808	0.0204250739371128
COG5583	log_NO2NO3	log_NO2NO3	0.324500747044444	0.131656265433716	139	71	0.0150257639694281	0.0204250739371128
COG1351	log_NO2NO3	log_NO2NO3	-0.036879102021697	0.0149721063185757	139	139	0.015088681662589	0.0204974551157128
COG3156	log_NO2NO3	log_NO2NO3	-0.102145850820492	0.0415109734764873	139	139	0.0151890332783265	0.0206269582503687
COG0527	log_NO2NO3	log_NO2NO3	0.0325035309553789	0.0132119619189484	139	139	0.015210687724627	0.0206495390524678
COG2182	log_NO2NO3	log_NO2NO3	-0.127300246723071	0.0517520623912928	139	139	0.0152248134565722	0.0206618875717207
COG5614	log_NO2NO3	log_NO2NO3	-0.278089721107376	0.113128180547244	139	130	0.0152908089346595	0.0207445981187521
COG0476	log_NO2NO3	log_NO2NO3	0.0291457660900585	0.0118696549402288	139	139	0.0154007313550856	0.0208868287905882
COG2272	log_NO2NO3	log_NO2NO3	-0.0626256859116487	0.0255590049200495	139	139	0.0156165571736106	0.0211725468215157
COG2720	log_NO2NO3	log_NO2NO3	0.224764848412136	0.0918724461074677	139	139	0.0157725449743187	0.0213769761644676
COG3193	log_NO2NO3	log_NO2NO3	0.104235804254843	0.0426220693422219	139	139	0.0158103913220711	0.0214212030181623
COG2257	log_NO2NO3	log_NO2NO3	0.151994209964798	0.0621867564028093	139	139	0.0158701616800268	0.0214950953450544
COG2020	log_NO2NO3	log_NO2NO3	-0.0885734866543363	0.0362563560491131	139	139	0.0159197438596933	0.0215551442899209
COG1617	log_NO2NO3	log_NO2NO3	0.285595416795149	0.116910890700284	139	50	0.0159252694375461	0.0215555212024512
COG3145	log_NO2NO3	log_NO2NO3	0.104410600000598	0.0427667839843938	139	139	0.0159865500544891	0.0216313397970491
COG3901	log_NO2NO3	log_NO2NO3	0.193597780123937	0.0793363921450748	139	139	0.0160365229758649	0.0216918131000503
COG1202	log_NO2NO3	log_NO2NO3	0.584130849326318	0.239437881712789	139	80	0.0160628897990811	0.0217131791032001
COG3692	log_NO2NO3	log_NO2NO3	0.335244912780701	0.137411729800707	139	95	0.0160578572172667	0.0217131791032001
COG1345	log_NO2NO3	log_NO2NO3	0.095397861119136	0.0391207719417921	139	139	0.0161072996882032	0.0217660483944536
COG4859	log_NO2NO3	log_NO2NO3	0.348343146955215	0.142986445486305	139	102	0.0162075962925061	0.0218943786812283
COG2168	log_NO2NO3	log_NO2NO3	0.181755607073894	0.0749080795317084	139	139	0.0166324296290078	0.0224608878750703
COG3978	log_NO2NO3	log_NO2NO3	0.370750977251815	0.153026103462142	139	63	0.0167901054013087	0.0226663664109681
COG0605	log_NO2NO3	log_NO2NO3	0.0622145979063757	0.025727718245725	139	139	0.0169943970610446	0.022934619949662
COG4114	log_NO2NO3	log_NO2NO3	0.37340127078616	0.15442417895002	139	123	0.0170019865235976	0.022937326975021
COG1029	log_NO2NO3	log_NO2NO3	0.106613206224472	0.0440977822007092	139	139	0.0170184565553059	0.022952009037819
COG0125	log_NO2NO3	log_NO2NO3	-0.0278163928708545	0.011530202387611	139	139	0.0172510382693512	0.0232540427829107
COG2084	log_NO2NO3	log_NO2NO3	-0.0375986084950639	0.0155854233800425	139	139	0.0172537298934547	0.0232540427829107
COG2937	log_NO2NO3	log_NO2NO3	-0.124271225448337	0.0515420924834457	139	139	0.017315274868876	0.0233293372126411
COG4607	log_NO2NO3	log_NO2NO3	0.36429247451729	0.151278260103606	139	132	0.0174503918012512	0.0235036752523082
COG4126	log_NO2NO3	log_NO2NO3	0.0950274660358949	0.0395837305773608	139	139	0.0177925980612291	0.0239567331483216
COG3259	log_NO2NO3	log_NO2NO3	0.408408803407419	0.170380528438743	139	119	0.0179620690540625	0.024176992029518
COG1438	log_NO2NO3	log_NO2NO3	-0.208840913709977	0.0871669392840923	139	139	0.0180168090750579	0.0242427290141951
COG4618	log_NO2NO3	log_NO2NO3	0.137022303897958	0.0573408860084667	139	139	0.0183133591010532	0.0246336867017441
COG0387	log_NO2NO3	log_NO2NO3	-0.222395332230502	0.093216573623895	139	139	0.0184961975605534	0.0248714826771697
COG3455	log_NO2NO3	log_NO2NO3	0.194839252765653	0.081781388350099	139	139	0.0186580639849468	0.0250809315609167
COG3208	log_NO2NO3	log_NO2NO3	-0.203618717483958	0.0858977960765204	139	138	0.0192460880680979	0.0258544570908261
COG4692	log_NO2NO3	log_NO2NO3	0.277383804328252	0.117015399143774	139	139	0.0192454338958216	0.0258544570908261
COG4319	log_NO2NO3	log_NO2NO3	0.234384275550891	0.0990104543687201	139	139	0.0194065614745572	0.0260615085117623
COG3826	log_NO2NO3	log_NO2NO3	0.351102605289594	0.148418345625205	139	113	0.0194890315067867	0.0261637063496339
COG0311	log_NO2NO3	log_NO2NO3	0.253790648517224	0.107352280285858	139	139	0.0195665708132826	0.0262592201571268
COG3149	log_NO2NO3	log_NO2NO3	0.231163104439639	0.0981808278221694	139	139	0.0200588180597048	0.0269110465673636
COG1295	log_NO2NO3	log_NO2NO3	-0.0828824987303404	0.0352079727673089	139	139	0.0200784421877276	0.0269285799892866
COG0300	log_NO2NO3	log_NO2NO3	0.0684677185283241	0.0291168927355028	139	139	0.020213632441692	0.0270922029593706
COG1941	log_NO2NO3	log_NO2NO3	0.38777083169208	0.164904819845425	139	105	0.0202133623418971	0.0270922029593706
COG4276	log_NO2NO3	log_NO2NO3	0.101441945210244	0.0433302912694083	139	139	0.0207583205300286	0.0278131704948981
COG3450	log_NO2NO3	log_NO2NO3	-0.128765716977172	0.055044733652978	139	139	0.0208565487096763	0.0279265652214309
COG5620	log_NO2NO3	log_NO2NO3	0.27920738609249	0.119350933312282	139	60	0.0208517638494792	0.0279265652214309
COG5457	log_NO2NO3	log_NO2NO3	0.370883365850875	0.158653908372671	139	76	0.0209425095537796	0.0280325282655349
COG2999	log_NO2NO3	log_NO2NO3	0.32099955572026	0.137323942636433	139	134	0.0209507215762433	0.0280343857443672
COG2965	log_NO2NO3	log_NO2NO3	0.370205587422503	0.158505769744512	139	121	0.0210550495714023	0.0281648139496323
COG0005	log_NO2NO3	log_NO2NO3	0.0432296237140235	0.0185344379428705	139	139	0.0212284117485679	0.0283797284460374
COG3813	log_NO2NO3	log_NO2NO3	0.312536444164449	0.133999278852885	139	133	0.0212295290931531	0.0283797284460374
COG3387	log_NO2NO3	log_NO2NO3	-0.18723524310081	0.080297686872859	139	139	0.0212627090799888	0.0284148369878315
COG4239	log_NO2NO3	log_NO2NO3	0.0674980054385197	0.0289563139936037	139	139	0.0213027295231792	0.0284590610995838
COG2362	log_NO2NO3	log_NO2NO3	0.359632950901077	0.155027998322199	139	138	0.0219228712766125	0.0292780088440586
COG1387	log_NO2NO3	log_NO2NO3	0.158063818835076	0.0682189344926701	139	139	0.0220790564850345	0.0294686912748782
COG3657	log_NO2NO3	log_NO2NO3	0.292095840256954	0.126066870303633	139	138	0.0220799979902812	0.0294686912748782
COG2104	log_NO2NO3	log_NO2NO3	0.086901994899935	0.0375154411351089	139	139	0.0221114365431973	0.0295010657094688
COG1613	log_NO2NO3	log_NO2NO3	0.37064948585746	0.160160677969081	139	127	0.0222354988075226	0.029656957500423
COG4323	log_NO2NO3	log_NO2NO3	-0.0981356795930878	0.0424189706458832	139	139	0.0222779589788916	0.0297039453051888
COG4105	log_NO2NO3	log_NO2NO3	-0.0422478437438695	0.0182743837788792	139	139	0.0223702028203824	0.029817259307635
COG1099	log_NO2NO3	log_NO2NO3	0.153527501422331	0.0664717915620748	139	139	0.0224955435091366	0.0299746003034489
COG5426	log_NO2NO3	log_NO2NO3	0.169360856720732	0.0734283825196741	139	139	0.0226784321303187	0.0302084951982325
COG0834	log_NO2NO3	log_NO2NO3	-0.0387907610413695	0.016838406673982	139	139	0.0228384060064968	0.0304056498053664
COG2324	log_NO2NO3	log_NO2NO3	-0.136548055334874	0.0592744387510426	139	139	0.0228412452043234	0.0304056498053664
COG0853	log_NO2NO3	log_NO2NO3	-0.0779332331983475	0.0338347849345192	139	139	0.0228593230994381	0.0304198572376067
COG3950	log_NO2NO3	log_NO2NO3	0.258966296785488	0.112490182418599	139	139	0.0229303388821105	0.0305044793159682
COG3979	log_NO2NO3	log_NO2NO3	0.134204509301596	0.0583843749852998	139	139	0.0231338393485486	0.0307652353654379
COG4930	log_NO2NO3	log_NO2NO3	0.146452008145764	0.0637270047263327	139	139	0.0231644510319049	0.030795975676073
COG3594	log_NO2NO3	log_NO2NO3	-0.150928038806308	0.0657035242438192	139	139	0.0232236652422167	0.0308647094192903
COG3398	log_NO2NO3	log_NO2NO3	0.397631446100765	0.17317589160595	139	137	0.0232821800299388	0.0309324694576289
COG3276	log_NO2NO3	log_NO2NO3	0.197764578499517	0.086186615586914	139	139	0.0233709749832543	0.0310404025965757
COG2510	log_NO2NO3	log_NO2NO3	0.376789563702042	0.164322779014116	139	89	0.0234672071611853	0.0311581406005654
COG3401	log_NO2NO3	log_NO2NO3	0.279598139994861	0.122050375047673	139	138	0.0235946360358316	0.0313172099629067
COG1011	log_NO2NO3	log_NO2NO3	0.0245487037746114	0.0107237469724159	139	139	0.0236932720712803	0.0314379721152518
COG3650	log_NO2NO3	log_NO2NO3	0.216144095728719	0.0944731177153605	139	138	0.023771237772378	0.031531238220513
COG4779	log_NO2NO3	log_NO2NO3	0.367564385963573	0.160989999728888	139	114	0.0240571860610005	0.0319002325172982
COG2160	log_NO2NO3	log_NO2NO3	0.228427148853707	0.100141760831103	139	139	0.0241856114496851	0.0320601780688308
COG3138	log_NO2NO3	log_NO2NO3	0.120888798949181	0.0530186953159334	139	139	0.0242418145550807	0.0321243142555715
COG3754	log_NO2NO3	log_NO2NO3	-0.186057040152834	0.0816422604477477	139	139	0.0243143184166701	0.0322100032427219
COG4311	log_NO2NO3	log_NO2NO3	-0.0520906631322946	0.0228733521772788	139	139	0.0244111514879721	0.0323278563225626
COG1301	log_NO2NO3	log_NO2NO3	0.0403577866710621	0.0177228041611589	139	139	0.0244224820247434	0.0323324383363344
COG3428	log_NO2NO3	log_NO2NO3	0.187644050028493	0.0825408365341085	139	139	0.0246581790143181	0.0326234458585568
COG4934	log_NO2NO3	log_NO2NO3	0.417218301861052	0.183524731087232	139	73	0.0246572632682655	0.0326234458585568
COG4354	log_NO2NO3	log_NO2NO3	-0.374147142031	0.164619833217316	139	135	0.0246924729124408	0.0326582996536725
COG4186	log_NO2NO3	log_NO2NO3	0.275846975036115	0.121494275440489	139	138	0.0248382108286414	0.0328404795893334
COG3304	log_NO2NO3	log_NO2NO3	-0.182779575586227	0.0805131129252522	139	139	0.0248549635199171	0.032852056029543
COG1196	log_NO2NO3	log_NO2NO3	-0.0351441955439098	0.01549274034379	139	139	0.0249646427019247	0.0329864111352546
COG1852	log_NO2NO3	log_NO2NO3	0.397994280842051	0.175782762194151	139	134	0.0252355785942019	0.0333336838794153
COG2839	log_NO2NO3	log_NO2NO3	-0.15977859927858	0.0705854489893318	139	139	0.0252676149247355	0.0333652722953435
COG1454	log_NO2NO3	log_NO2NO3	0.0382324525821202	0.0168959920923004	139	139	0.0253187923571115	0.0334221076487834
COG4906	log_NO2NO3	log_NO2NO3	-0.449748277569828	0.198981901948711	139	98	0.0254819301027563	0.0336266523810224
COG0472	log_NO2NO3	log_NO2NO3	-0.0238690992454955	0.0105622163454345	139	139	0.0255068227851135	0.0336486923574971
COG3261	log_NO2NO3	log_NO2NO3	0.519778071838056	0.230818970104558	139	72	0.0260201442514339	0.0343038358744834
COG4222	log_NO2NO3	log_NO2NO3	0.214224712353044	0.0951294783316668	139	139	0.0260174501539749	0.0343038358744834
COG5572	log_NO2NO3	log_NO2NO3	0.278556010971114	0.12382887878412	139	137	0.026174013897744	0.034495620497893
COG1412	log_NO2NO3	log_NO2NO3	0.368447812666056	0.164122254994053	139	110	0.0264735467419388	0.0348791950018873
COG2730	log_NO2NO3	log_NO2NO3	0.0823399527851532	0.0367286606917764	139	139	0.0266796704693517	0.0351394954434424
COG1238	log_NO2NO3	log_NO2NO3	-0.0423923360059353	0.0189325972483656	139	139	0.0268612013231012	0.0353672484087499
COG1639	log_NO2NO3	log_NO2NO3	0.204173510958254	0.09121644734066	139	139	0.0269132058542953	0.0354243670776819
COG3560	log_NO2NO3	log_NO2NO3	0.273508246743015	0.122217379536617	139	74	0.0269438347367545	0.035453322581226
COG4110	log_NO2NO3	log_NO2NO3	0.315385931442429	0.140964794981964	139	134	0.0269803665248842	0.0354900242344618
COG3609	log_NO2NO3	log_NO2NO3	0.18564126367176	0.0829865540188644	139	139	0.0270027806207328	0.0355081378969175
COG1059	log_NO2NO3	log_NO2NO3	-0.396239818696829	0.177236131191063	139	117	0.0270930717373177	0.0356154683830083
COG0648	log_NO2NO3	log_NO2NO3	0.223683444472472	0.100130078872835	139	139	0.0272098461483346	0.0357575329422132
COG2241	log_NO2NO3	log_NO2NO3	-0.09025426367803	0.0404226021094559	139	139	0.0272883911991802	0.0358492839930388
COG4196	log_NO2NO3	log_NO2NO3	0.257545286662845	0.115460746201714	139	139	0.0274363644466504	0.036032156376867
COG1867	log_NO2NO3	log_NO2NO3	0.296857925982012	0.133148214806132	139	138	0.0275084015655079	0.0361152168843421
COG1082	log_NO2NO3	log_NO2NO3	-0.0418939830226675	0.0187962534825122	139	139	0.0275549723428052	0.0361648007617393
COG1227	log_NO2NO3	log_NO2NO3	-0.242938402519909	0.109052224367214	139	139	0.0276317093442189	0.0362539322855481
COG3492	log_NO2NO3	log_NO2NO3	0.0507735756746409	0.0228076050571768	139	139	0.0277384648368687	0.0363823798051905
COG1540	log_NO2NO3	log_NO2NO3	0.0376393643473571	0.0169135688915824	139	139	0.0277916857696631	0.0364405506357409
COG3879	log_NO2NO3	log_NO2NO3	0.361126740027909	0.162743933013974	139	90	0.0282356229866356	0.0370108293647412
COG3685	log_NO2NO3	log_NO2NO3	0.325632330304778	0.147312018411423	139	132	0.0288336354237551	0.037770591301271
COG4291	log_NO2NO3	log_NO2NO3	-0.353055142335421	0.159713573234212	139	125	0.0288295206728946	0.037770591301271
COG1107	log_NO2NO3	log_NO2NO3	0.474915689652352	0.215217972642061	139	88	0.0291062442916068	0.0381155408192288
COG4067	log_NO2NO3	log_NO2NO3	-0.149427240312475	0.0677604824079302	139	139	0.0292099987356187	0.0382392207794524
COG1923	log_NO2NO3	log_NO2NO3	0.06610701188179	0.0299841766435098	139	139	0.0292457314416702	0.0382683509149475
COG2255	log_NO2NO3	log_NO2NO3	0.0316734494392484	0.0143666021806603	139	139	0.029250881663324	0.0382683509149475
COG0659	log_NO2NO3	log_NO2NO3	-0.0825557590598549	0.0374716702830844	139	139	0.0293594855030148	0.0383982064458404
COG1835	log_NO2NO3	log_NO2NO3	-0.0666364704082857	0.0302987122639338	139	139	0.0296373897383897	0.0387493306955139
COG4734	log_NO2NO3	log_NO2NO3	0.252327474170093	0.114766793168983	139	138	0.0296888389532998	0.0388042476678828
COG5212	log_NO2NO3	log_NO2NO3	0.349208778277845	0.159026410129089	139	124	0.0298857253955239	0.0390491602814288
COG4297	log_NO2NO3	log_NO2NO3	0.357060806921384	0.16273084120934	139	125	0.030013259976538	0.0392033297245208
COG3099	log_NO2NO3	log_NO2NO3	0.343586482181447	0.156757889218691	139	68	0.0301866972558136	0.0394173402183351
COG3579	log_NO2NO3	log_NO2NO3	0.085835001563049	0.0391650172030552	139	139	0.0302018382352964	0.0394245794313942
COG4540	log_NO2NO3	log_NO2NO3	0.412704026500183	0.188456373351243	139	120	0.030328284419474	0.0395770623872933
COG1622	log_NO2NO3	log_NO2NO3	-0.0268150981322614	0.012249816367944	139	139	0.0303950000193219	0.0396479856444436
COG3848	log_NO2NO3	log_NO2NO3	-0.401996201211508	0.18364987405795	139	132	0.0304019364118786	0.0396479856444436
COG5451	log_NO2NO3	log_NO2NO3	0.288133177255773	0.131933812965511	139	80	0.0307763180274261	0.0401234891960223
COG3433	log_NO2NO3	log_NO2NO3	0.263673008363989	0.120849984625591	139	56	0.0309346926705744	0.04031716925467
COG4689	log_NO2NO3	log_NO2NO3	-0.255496384214614	0.117120324562334	139	137	0.0309599666436471	0.0403373114405653
COG3271	log_NO2NO3	log_NO2NO3	0.292531008151885	0.134159410952679	139	136	0.0310366240682692	0.0404243664148542
COG1039	log_NO2NO3	log_NO2NO3	-0.231956372378278	0.106617649780213	139	136	0.0314084004095884	0.0408956288058919
COG0288	log_NO2NO3	log_NO2NO3	0.0811784454551756	0.0373199473091723	139	139	0.0314381228280645	0.0409168706982503
COG3507	log_NO2NO3	log_NO2NO3	0.10851219302764	0.0498879668180075	139	139	0.0314446350521851	0.0409168706982503
COG4909	log_NO2NO3	log_NO2NO3	0.222120789155238	0.102177272569507	139	139	0.0315398313496438	0.0410277476834505
COG0789	log_NO2NO3	log_NO2NO3	0.0384588900027529	0.017693070738423	139	139	0.0315557412534458	0.0410354495312299
COG4655	log_NO2NO3	log_NO2NO3	0.373568934333293	0.171885418191987	139	122	0.0315795231170693	0.0410533800521901
COG1067	log_NO2NO3	log_NO2NO3	0.203496366206406	0.0937042874057433	139	139	0.0317084373391299	0.0412079280573065
COG0668	log_NO2NO3	log_NO2NO3	0.0282676009376327	0.0130356213632562	139	139	0.0319560596622266	0.0415166012310016
COG5502	log_NO2NO3	log_NO2NO3	0.31898744479478	0.147183228844354	139	110	0.0320500157160073	0.0416255025486431
COG5450	log_NO2NO3	log_NO2NO3	0.281629284562113	0.130051710509913	139	59	0.0321876334803844	0.0417910234947595
COG3956	log_NO2NO3	log_NO2NO3	-0.352981563830461	0.163078229942823	139	135	0.0322678954302722	0.0418819950797972
COG3951	log_NO2NO3	log_NO2NO3	-0.107228145550077	0.049553666323007	139	139	0.0323159632177055	0.0419311361018111
COG2816	log_NO2NO3	log_NO2NO3	-0.0452904480603902	0.0209351597967182	139	139	0.0323561115927989	0.0419699736101099
COG0432	log_NO2NO3	log_NO2NO3	-0.0456714835208071	0.021136457256502	139	139	0.0325589638211211	0.0422197674801658
COG2205	log_NO2NO3	log_NO2NO3	0.282783726882955	0.130971281599325	139	139	0.0326905950003131	0.0423770792872472
COG2064	log_NO2NO3	log_NO2NO3	0.1693729578669	0.0784722595790463	139	139	0.0327498904370628	0.0424391861601759
COG2807	log_NO2NO3	log_NO2NO3	0.298142830963225	0.138140166258933	139	139	0.0327591673110803	0.0424391861601759
COG3417	log_NO2NO3	log_NO2NO3	0.173696524650161	0.0806086732061467	139	139	0.0330341416738726	0.0427819211841956
COG4189	log_NO2NO3	log_NO2NO3	-0.318880727804357	0.148078450039635	139	77	0.0331425488488613	0.0429087900003536
COG4654	log_NO2NO3	log_NO2NO3	-0.160383413474683	0.074517251214769	139	139	0.0332355941051017	0.0430156964662123
COG1080	log_NO2NO3	log_NO2NO3	-0.0870891660703786	0.0405415572915248	139	139	0.0335709262356483	0.0434360204648954
COG0212	log_NO2NO3	log_NO2NO3	-0.0311146916977632	0.0144988884669749	139	139	0.0337448560221165	0.0436335752404327
COG3049	log_NO2NO3	log_NO2NO3	0.22233027420403	0.10360168705111	139	139	0.033744460386168	0.0436335752404327
COG0597	log_NO2NO3	log_NO2NO3	-0.0288074231949519	0.0134322471264899	139	139	0.0338556776117612	0.0437630974289223
COG3729	log_NO2NO3	log_NO2NO3	0.246078941202308	0.1148654939331	139	64	0.0340459639917451	0.0439952249380587
COG2217	log_NO2NO3	log_NO2NO3	0.100766765129249	0.047042725422867	139	139	0.0340702714993651	0.0440127909809408
COG2431	log_NO2NO3	log_NO2NO3	0.325159725408579	0.152011116246023	139	133	0.0343152949618143	0.044315382490768
COG1743	log_NO2NO3	log_NO2NO3	0.165887810587956	0.0777594182282667	139	139	0.0347895863310683	0.0449137714167281
COG3616	log_NO2NO3	log_NO2NO3	0.065368744539111	0.0306965666718726	139	139	0.0351114482156081	0.0453150578918372
COG5562	log_NO2NO3	log_NO2NO3	0.251900524574823	0.118328868772643	139	56	0.0351701638279169	0.0453765807176767
COG4913	log_NO2NO3	log_NO2NO3	-0.193459137602629	0.0909737094937881	139	139	0.0353629273740848	0.0456109593886155
COG3523	log_NO2NO3	log_NO2NO3	0.15759676252886	0.0741578315359817	139	139	0.0354806150553101	0.0457483887781588
COG5479	log_NO2NO3	log_NO2NO3	0.248278494052984	0.117001515169526	139	136	0.0357487658133216	0.0460796767998509
COG3947	log_NO2NO3	log_NO2NO3	0.345213230567317	0.162801814153317	139	127	0.0358825484441615	0.0462376126124892
COG1671	log_NO2NO3	log_NO2NO3	0.0722756220099093	0.0340906615012646	139	139	0.0359126584523723	0.0462619005714473
COG5198	log_NO2NO3	log_NO2NO3	0.233595835354925	0.11043947214669	139	59	0.0363404818008448	0.0467983383190816
COG0069	log_NO2NO3	log_NO2NO3	-0.0316947023604821	0.0150083952900942	139	139	0.0366323594153457	0.0471594272886995
COG4320	log_NO2NO3	log_NO2NO3	0.252938001187132	0.119806615336918	139	139	0.0366830326162432	0.0472098677905786
COG0572	log_NO2NO3	log_NO2NO3	0.0700802781200057	0.0332268925748695	139	139	0.036865118692503	0.0474147301648395
COG1400	log_NO2NO3	log_NO2NO3	0.328251169113961	0.155632614916134	139	123	0.0368652989645807	0.0474147301648395
COG3548	log_NO2NO3	log_NO2NO3	0.255822852398765	0.12146338914762	139	139	0.037127081470353	0.0477364790861378
COG2048	log_NO2NO3	log_NO2NO3	0.332286134282199	0.157900044953158	139	137	0.0372834245288714	0.0479224993631426
COG0479	log_NO2NO3	log_NO2NO3	0.0246005344943569	0.0116934519267251	139	139	0.0373385768770946	0.0479783777951531
COG5317	log_NO2NO3	log_NO2NO3	0.255333776385972	0.121508126456736	139	136	0.0375537766737563	0.0482398106866137
COG3527	log_NO2NO3	log_NO2NO3	-0.304835915330579	0.145111655840277	139	138	0.0376139308528385	0.0483019781004878
COG4716	log_NO2NO3	log_NO2NO3	0.35406759671792	0.1685648586735	139	127	0.037633271041682	0.0483117116997592
COG4759	log_NO2NO3	log_NO2NO3	0.350702735265572	0.167061024860138	139	138	0.0377437993422911	0.0484384653852334
COG5029	log_NO2NO3	log_NO2NO3	0.346442913644157	0.165538837928232	139	121	0.0383244322664943	0.0491682597597622
COG3506	log_NO2NO3	log_NO2NO3	-0.291449105299614	0.139315591865684	139	128	0.0383984090248165	0.0492477877845601
COG4783	log_NO2NO3	log_NO2NO3	-0.0449385478609254	0.0215014429729378	139	139	0.0385791990422447	0.0494642164998568
COG0809	log_NO2NO3	log_NO2NO3	-0.0277261850114758	0.0132770259059219	139	139	0.0387387251231538	0.0496532551656523
